# Created By Carrara 1.0

# Number of vertices: 2871
v -2.25921 1.25 -0.603478
v -2.199071 1.25 -0.576494
v -0.375 6.902505 0.90407
v -1.514165 4.791162 0.196185
v -0.375 5.301567 1.29075
v -0.863301 4.014503 -1.469368
v -0.732194 2.670556 -1.804867
v -1.607878 3.902622 -0.435995
v -0.375 3.696567 1.66872
v -0.583819 1.306004 -2.184558
v -0.375 3.161041 1.793582
v 0 9 0
v 0 9 -0.387627
v 0 9 -0.436997
v 0 8.987222 -0.484684
v 0 8.962538 -0.527439
v 0 8.927628 -0.562349
v 0 8.884872 -0.587034
v 0 8.837185 -0.599812
v 0 8.787815 -0.611126
v -0.000001 0.0625 -2.610677
v -0.274093 9 -0.274094
v -0.235972 9 -0.307526
v -0.193813 9 -0.335695
v -0.148338 9 -0.358121
v -0.100324 9 -0.374419
v -0.050594 9 -0.384311
v -0.309002 9 -0.309003
v -0.266026 9 -0.346693
v -0.218497 9 -0.378451
v -0.16723 9 -0.403733
v -0.113102 9 -0.422107
v -0.057038 9 -0.433258
v -0.342722 8.987222 -0.342724
v -0.295056 8.987222 -0.384526
v -0.242341 8.987222 -0.419749
v -0.185479 8.987222 -0.44779
v -0.125444 8.987222 -0.468169
v -0.063263 8.987222 -0.480538
v -0.372955 8.962538 -0.372956
v -0.321084 8.962538 -0.418446
v -0.263719 8.962538 -0.456777
v -0.201841 8.962538 -0.487291
v -0.13651 8.962538 -0.509468
v -0.068843 8.962538 -0.522927
v -0.39764 8.927628 -0.397641
v -0.342336 8.927628 -0.446142
v -0.281173 8.927628 -0.487009
v -0.2152 8.927628 -0.519543
v -0.145545 8.927628 -0.543188
v -0.0734 8.927628 -0.557538
v -0.415095 8.884872 -0.415096
v -0.357363 8.884872 -0.465726
v -0.293516 8.884872 -0.508387
v -0.224647 8.884872 -0.542349
v -0.151934 8.884872 -0.567032
v -0.076622 8.884872 -0.582012
v -0.42413 8.837185 -0.424131
v -0.365141 8.837185 -0.475863
v -0.299905 8.837185 -0.519453
v -0.229537 8.837185 -0.554154
v -0.155241 8.837185 -0.579374
v -0.078289 8.837185 -0.59468
v -0.43213 8.787815 -0.432131
v -0.372029 8.787815 -0.484839
v -0.305562 8.787815 -0.529251
v -0.233866 8.787815 -0.564607
v -0.158169 8.787815 -0.590302
v -0.079766 8.787815 -0.605898
v -1.846026 0.0625 -1.846028
v -1.58928 0.0625 -2.071189
v -1.305338 0.0625 -2.260912
v -0.999063 0.0625 -2.411951
v -0.675693 0.0625 -2.52172
v -0.340761 0.0625 -2.588342
v -0.000001 0 -2.625
v -0.000001 0 -2.592807
v -0.000001 0.03125 -2.553452
v -0.000001 0.0625 -2.546291
v 0 8.796043 -0.544854
v 0 8.828957 -0.537312
v 0 8.860748 -0.528793
v 0 8.889252 -0.512337
v 0 8.912525 -0.489064
v 0 8.928981 -0.46056
v 0 8.9375 -0.428768
v 0 8.9375 -0.395855
v 0 8.9375 0
v -1.856155 0 -1.856156
v -1.597999 0 -2.082552
v -1.3125 0 -2.273317
v -1.004544 0 -2.425184
v -0.6794 0 -2.535556
v -0.342631 0 -2.602543
v -1.83339 0 -1.833393
v -1.578402 0 -2.057012
v -1.296404 0 -2.245437
v -0.992224 0 -2.395442
v -0.671067 0 -2.50446
v -0.338428 0 -2.570626
v -1.805563 0.03125 -1.805565
v -1.554444 0.03125 -2.02579
v -1.276727 0.03125 -2.211355
v -0.977164 0.03125 -2.359083
v -0.660882 0.03125 -2.466446
v -0.333291 0.03125 -2.531608
v -1.800498 0.0625 -1.800501
v -1.550085 0.0625 -2.020108
v -1.273146 0.0625 -2.205153
v -0.974423 0.0625 -2.352466
v -0.659028 0.0625 -2.459528
v -0.332357 0.0625 -2.524507
v -0.385269 8.796043 -0.38527
v -0.331685 8.796043 -0.432262
v -0.272426 8.796043 -0.471858
v -0.208505 8.796043 -0.50338
v -0.141017 8.796043 -0.526289
v -0.071116 8.796043 -0.540193
v -0.379936 8.828957 -0.379937
v -0.327094 8.828957 -0.426279
v -0.268655 8.828957 -0.465326
v -0.205619 8.828957 -0.496412
v -0.139065 8.828957 -0.519004
v -0.070132 8.828957 -0.532715
v -0.373912 8.860748 -0.373914
v -0.321908 8.860748 -0.419521
v -0.264396 8.860748 -0.457949
v -0.202359 8.860748 -0.488542
v -0.13686 8.860748 -0.510775
v -0.06902 8.860748 -0.52427
v -0.362276 8.889252 -0.362277
v -0.31189 8.889252 -0.406465
v -0.256167 8.889252 -0.443697
v -0.196062 8.889252 -0.473338
v -0.132601 8.889252 -0.49488
v -0.066872 8.889252 -0.507954
v -0.345819 8.912525 -0.34582
v -0.297722 8.912525 -0.388001
v -0.244531 8.912525 -0.423542
v -0.187155 8.912525 -0.451836
v -0.126578 8.912525 -0.472399
v -0.063834 8.912525 -0.48488
v -0.325664 8.928981 -0.325665
v -0.28037 8.928981 -0.365387
v -0.230279 8.928981 -0.398857
v -0.176248 8.928981 -0.425502
v -0.119201 8.928981 -0.444867
v -0.060114 8.928981 -0.45662
v -0.303184 8.9375 -0.303185
v -0.261017 8.9375 -0.340165
v -0.214383 8.9375 -0.371325
v -0.164082 8.9375 -0.396131
v -0.110972 8.9375 -0.414159
v -0.055964 8.9375 -0.4251
v -0.279911 8.9375 -0.279912
v -0.240981 8.9375 -0.314053
v -0.197927 8.9375 -0.342821
v -0.151486 8.9375 -0.365723
v -0.102454 8.9375 -0.382367
v -0.051668 8.9375 -0.392469
v 0 7.697151 -0.86107
v -0.11239 7.697151 -0.853703
v -0.222859 7.697151 -0.83173
v -0.329515 7.697151 -0.795525
v -0.430533 7.697151 -0.745709
v -0.524185 7.697151 -0.683133
v -0.608867 7.697151 -0.608868
v 0 8.242483 -0.736098
v -0.096078 8.242483 -0.7298
v -0.190514 8.242483 -0.711016
v -0.281691 8.242483 -0.680066
v -0.368047 8.242483 -0.63748
v -0.448107 8.242483 -0.583986
v -0.520499 8.242483 -0.5205
v -0.562173 7.70435 -0.562174
v -0.483985 7.70435 -0.630744
v -0.397515 7.70435 -0.68852
v -0.304244 7.70435 -0.734516
v -0.205768 7.70435 -0.767944
v -0.10377 7.70435 -0.788232
v 0 7.70435 -0.795034
v -0.473721 8.250196 -0.473722
v -0.407835 8.250196 -0.531503
v -0.334971 8.250196 -0.580189
v -0.256375 8.250196 -0.618948
v -0.173393 8.250196 -0.647117
v -0.087443 8.250196 -0.664213
v 0 8.250196 -0.669944
v 0 9 0.387627
v 0 9 0.436997
v 0 8.987222 0.484684
v 0 8.962538 0.527439
v 0 8.927628 0.562349
v 0 8.884872 0.587034
v 0 8.837185 0.599812
v 0 8.787815 0.611126
v 0 0.0625 2.610676
v -0.274093 9 0.274094
v -0.235972 9 0.307526
v -0.193813 9 0.335695
v -0.148338 9 0.358121
v -0.100324 9 0.374419
v -0.050594 9 0.384311
v -0.309003 9 0.309003
v -0.266026 9 0.346693
v -0.218497 9 0.378451
v -0.16723 9 0.403733
v -0.113102 9 0.422107
v -0.057038 9 0.433258
v -0.342723 8.987222 0.342723
v -0.295056 8.987222 0.384526
v -0.242341 8.987222 0.419749
v -0.185479 8.987222 0.44779
v -0.125444 8.987222 0.468169
v -0.063263 8.987222 0.480538
v -0.372955 8.962538 0.372956
v -0.321084 8.962538 0.418446
v -0.263719 8.962538 0.456777
v -0.201841 8.962538 0.487291
v -0.13651 8.962538 0.509468
v -0.068843 8.962538 0.522927
v -0.39764 8.927628 0.397641
v -0.342336 8.927628 0.446142
v -0.281173 8.927628 0.487009
v -0.2152 8.927628 0.519543
v -0.145545 8.927628 0.543188
v -0.0734 8.927628 0.557538
v -0.415095 8.884872 0.415096
v -0.357363 8.884872 0.465726
v -0.293516 8.884872 0.508387
v -0.224647 8.884872 0.542349
v -0.151934 8.884872 0.567032
v -0.076622 8.884872 0.582012
v -0.42413 8.837185 0.424131
v -0.365141 8.837185 0.475863
v -0.299905 8.837185 0.519453
v -0.229537 8.837185 0.554154
v -0.155241 8.837185 0.579374
v -0.078289 8.837185 0.59468
v -0.43213 8.787815 0.432131
v -0.372029 8.787815 0.484839
v -0.305562 8.787815 0.529251
v -0.233866 8.787815 0.564607
v -0.158169 8.787815 0.590302
v -0.079766 8.787815 0.605898
v -1.846026 0.0625 1.846027
v -1.589279 0.0625 2.071188
v -1.305338 0.0625 2.260912
v -0.999062 0.0625 2.411951
v -0.675692 0.0625 2.52172
v -0.340761 0.0625 2.588342
v 0 0 2.625
v 0 0 2.592807
v 0 0.03125 2.553452
v 0 0.0625 2.546291
v 0 8.796043 0.544854
v 0 8.828957 0.537312
v 0 8.860748 0.528793
v 0 8.889252 0.512337
v 0 8.912525 0.489064
v 0 8.928981 0.46056
v 0 8.9375 0.428768
v 0 8.9375 0.395855
v -1.856154 0 1.856155
v -1.597999 0 2.082552
v -1.3125 0 2.273316
v -1.004543 0 2.425183
v -0.679399 0 2.535555
v -0.34263 0 2.602542
v -1.833391 0 1.833391
v -1.578401 0 2.057011
v -1.296404 0 2.245436
v -0.992224 0 2.395441
v -0.671067 0 2.504459
v -0.338428 0 2.570625
v -1.805563 0.03125 1.805563
v -1.554444 0.03125 2.025789
v -1.276726 0.03125 2.211354
v -0.977163 0.03125 2.359082
v -0.660881 0.03125 2.466446
v -0.333291 0.03125 2.531607
v -1.800499 0.0625 1.800499
v -1.550084 0.0625 2.020107
v -1.273145 0.0625 2.205152
v -0.974423 0.0625 2.352466
v -0.659027 0.0625 2.459528
v -0.332356 0.0625 2.524507
v -0.385269 8.796043 0.38527
v -0.331685 8.796043 0.432262
v -0.272426 8.796043 0.471858
v -0.208505 8.796043 0.50338
v -0.141017 8.796043 0.526289
v -0.071116 8.796043 0.540193
v -0.379936 8.828957 0.379937
v -0.327094 8.828957 0.426279
v -0.268655 8.828957 0.465326
v -0.205619 8.828957 0.496412
v -0.139065 8.828957 0.519004
v -0.070132 8.828957 0.532715
v -0.373913 8.860748 0.373913
v -0.321908 8.860748 0.419521
v -0.264396 8.860748 0.457949
v -0.202359 8.860748 0.488542
v -0.13686 8.860748 0.510775
v -0.06902 8.860748 0.52427
v -0.362276 8.889252 0.362277
v -0.31189 8.889252 0.406465
v -0.256167 8.889252 0.443697
v -0.196062 8.889252 0.473338
v -0.132601 8.889252 0.49488
v -0.066872 8.889252 0.507954
v -0.345819 8.912525 0.34582
v -0.297722 8.912525 0.388001
v -0.244531 8.912525 0.423542
v -0.187155 8.912525 0.451836
v -0.126578 8.912525 0.472399
v -0.063834 8.912525 0.48488
v -0.325664 8.928981 0.325665
v -0.28037 8.928981 0.365387
v -0.230279 8.928981 0.398857
v -0.176248 8.928981 0.425502
v -0.119201 8.928981 0.444867
v -0.060114 8.928981 0.45662
v -0.303184 8.9375 0.303185
v -0.261017 8.9375 0.340165
v -0.214383 8.9375 0.371325
v -0.164082 8.9375 0.396131
v -0.110972 8.9375 0.414159
v -0.055964 8.9375 0.4251
v -0.279911 8.9375 0.279912
v -0.240981 8.9375 0.314053
v -0.197927 8.9375 0.342821
v -0.151486 8.9375 0.365723
v -0.102454 8.9375 0.382367
v -0.051668 8.9375 0.392469
v 0 8.242483 0.736098
v -0.096078 8.242483 0.7298
v -0.190514 8.242483 0.711016
v -0.281691 8.242483 0.680066
v -0.368047 8.242483 0.63748
v -0.448107 8.242483 0.583986
v -0.520499 8.242483 0.5205
v -0.473721 8.250196 0.473722
v -0.407835 8.250196 0.531503
v -0.334971 8.250196 0.580189
v -0.256375 8.250196 0.618948
v -0.173393 8.250196 0.647117
v -0.087443 8.250196 0.664213
v 0 8.250196 0.669944
v -0.387626 9 0
v -0.436995 9 0
v -0.484683 8.987222 0
v -0.527438 8.962538 0
v -0.562348 8.927628 0
v -0.587033 8.884872 0
v -0.599811 8.837185 0
v -0.611124 8.787815 0
v -2.610676 0.0625 -0.000001
v -0.384309 9 -0.050595
v -0.374418 9 -0.100325
v -0.358119 9 -0.148338
v -0.335693 9 -0.193813
v -0.307524 9 -0.235972
v -0.307524 9 0.235972
v -0.335694 9 0.193813
v -0.35812 9 0.148338
v -0.374418 9 0.100324
v -0.38431 9 0.050595
v -0.433257 9 -0.057039
v -0.422105 9 -0.113103
v -0.403731 9 -0.167231
v -0.378449 9 -0.218498
v -0.346691 9 -0.266027
v -0.346692 9 0.266026
v -0.378449 9 0.218498
v -0.403731 9 0.167231
v -0.422105 9 0.113102
v -0.433257 9 0.057038
v -0.480536 8.987222 -0.063264
v -0.468168 8.987222 -0.125445
v -0.447788 8.987222 -0.18548
v -0.419747 8.987222 -0.242342
v -0.384524 8.987222 -0.295057
v -0.384525 8.987222 0.295056
v -0.419748 8.987222 0.242341
v -0.447789 8.987222 0.18548
v -0.468168 8.987222 0.125444
v -0.480536 8.987222 0.063263
v -0.522926 8.962538 -0.068845
v -0.509466 8.962538 -0.136511
v -0.487289 8.962538 -0.201842
v -0.456775 8.962538 -0.26372
v -0.418445 8.962538 -0.321085
v -0.418445 8.962538 0.321084
v -0.456775 8.962538 0.263719
v -0.48729 8.962538 0.201841
v -0.509467 8.962538 0.13651
v -0.522926 8.962538 0.068843
v -0.557537 8.927628 -0.073401
v -0.543186 8.927628 -0.145546
v -0.519542 8.927628 -0.215202
v -0.487007 8.927628 -0.281174
v -0.44614 8.927628 -0.342336
v -0.446141 8.927628 0.342336
v -0.487008 8.927628 0.281174
v -0.519542 8.927628 0.215201
v -0.543187 8.927628 0.145545
v -0.557537 8.927628 0.0734
v -0.582011 8.884872 -0.076623
v -0.56703 8.884872 -0.151935
v -0.542347 8.884872 -0.224648
v -0.508385 8.884872 -0.293517
v -0.465724 8.884872 -0.357363
v -0.465725 8.884872 0.357363
v -0.508386 8.884872 0.293516
v -0.542348 8.884872 0.224647
v -0.56703 8.884872 0.151934
v -0.582011 8.884872 0.076622
v -0.594679 8.837185 -0.078291
v -0.579372 8.837185 -0.155243
v -0.554153 8.837185 -0.229538
v -0.519451 8.837185 -0.299906
v -0.475861 8.837185 -0.365142
v -0.475862 8.837185 0.365141
v -0.519452 8.837185 0.299905
v -0.554153 8.837185 0.229537
v -0.579373 8.837185 0.155241
v -0.594679 8.837185 0.07829
v -0.605896 8.787815 -0.079768
v -0.590301 8.787815 -0.158171
v -0.564605 8.787815 -0.233868
v -0.529249 8.787815 -0.305563
v -0.484837 8.787815 -0.37203
v -0.484838 8.787815 0.372029
v -0.52925 8.787815 0.305562
v -0.564606 8.787815 0.233866
v -0.590301 8.787815 0.15817
v -0.605896 8.787815 0.079766
v -2.588341 0.0625 -0.340763
v -2.521719 0.0625 -0.675694
v -2.41195 0.0625 -0.999064
v -2.260911 0.0625 -1.30534
v -2.071187 0.0625 -1.589281
v -2.071189 0.0625 1.589278
v -2.260912 0.0625 1.305337
v -2.41195 0.0625 0.999061
v -2.521719 0.0625 0.675691
v -2.588341 0.0625 0.34076
v -2.624999 0 -0.000001
v -2.592806 0 -0.000001
v -2.553452 0.03125 -0.000001
v -2.54629 0.0625 -0.000001
v -0.544853 8.796043 0
v -0.537311 8.828957 0
v -0.528792 8.860748 0
v -0.512335 8.889252 0
v -0.489062 8.912525 0
v -0.460559 8.928981 0
v -0.428767 8.9375 0
v -0.395854 8.9375 0
v -2.602542 0 -0.342633
v -2.535554 0 -0.679401
v -2.425182 0 -1.004545
v -2.273315 0 -1.312501
v -2.082551 0 -1.598
v -2.082552 0 1.597997
v -2.273316 0 1.312498
v -2.425183 0 1.004542
v -2.535554 0 0.679398
v -2.602542 0 0.342629
v -2.570625 0 -0.338432
v -2.504458 0 -0.671071
v -2.39544 0 -0.992227
v -2.245435 0 -1.296407
v -2.057009 0 -1.578404
v -2.057013 0 1.578399
v -2.245437 0 1.296401
v -2.395442 0 0.992221
v -2.504459 0 0.671064
v -2.570625 0 0.338425
v -2.531607 0.03125 -0.333295
v -2.466444 0.03125 -0.660885
v -2.359081 0.03125 -0.977167
v -2.211353 0.03125 -1.276729
v -2.025787 0.03125 -1.554446
v -2.025791 0.03125 1.554441
v -2.211355 0.03125 1.276724
v -2.359083 0.03125 0.977161
v -2.466445 0.03125 0.660879
v -2.531607 0.03125 0.333289
v -2.524506 0.0625 -0.33236
v -2.459527 0.0625 -0.659031
v -2.352464 0.0625 -0.974426
v -2.20515 0.0625 -1.273148
v -2.020106 0.0625 -1.550087
v -2.020109 0.0625 1.550081
v -2.205153 0.0625 1.273143
v -2.352466 0.0625 0.97442
v -2.459527 0.0625 0.659025
v -2.524506 0.0625 0.332354
v -0.540192 8.796043 -0.071118
v -0.526287 8.796043 -0.141018
v -0.503378 8.796043 -0.208507
v -0.471856 8.796043 -0.272427
v -0.432261 8.796043 -0.331686
v -0.432261 8.796043 0.331685
v -0.471857 8.796043 0.272426
v -0.503379 8.796043 0.208506
v -0.526288 8.796043 0.141017
v -0.540192 8.796043 0.071116
v -0.532714 8.828957 -0.070133
v -0.519002 8.828957 -0.139066
v -0.49641 8.828957 -0.20562
v -0.465324 8.828957 -0.268656
v -0.426277 8.828957 -0.327095
v -0.426277 8.828957 0.327094
v -0.465325 8.828957 0.268655
v -0.496411 8.828957 0.205619
v -0.519002 8.828957 0.139065
v -0.532714 8.828957 0.070132
v -0.524268 8.860748 -0.069021
v -0.510774 8.860748 -0.136862
v -0.48854 8.860748 -0.20236
v -0.457947 8.860748 -0.264396
v -0.419519 8.860748 -0.321909
v -0.419519 8.860748 0.321908
v -0.457948 8.860748 0.264396
v -0.488541 8.860748 0.202359
v -0.510774 8.860748 0.136861
v -0.524268 8.860748 0.06902
v -0.507952 8.889252 -0.066873
v -0.494878 8.889252 -0.132602
v -0.473336 8.889252 -0.196063
v -0.443695 8.889252 -0.256168
v -0.406463 8.889252 -0.311891
v -0.406463 8.889252 0.31189
v -0.443696 8.889252 0.256167
v -0.473336 8.889252 0.196062
v -0.494878 8.889252 0.132601
v -0.507953 8.889252 0.066872
v -0.484878 8.912525 -0.063835
v -0.472398 8.912525 -0.126579
v -0.451835 8.912525 -0.187156
v -0.42354 8.912525 -0.244532
v -0.387999 8.912525 -0.297723
v -0.388 8.912525 0.297722
v -0.423541 8.912525 0.244531
v -0.451835 8.912525 0.187156
v -0.472398 8.912525 0.126578
v -0.484878 8.912525 0.063834
v -0.456619 8.928981 -0.060115
v -0.444865 8.928981 -0.119202
v -0.425501 8.928981 -0.176249
v -0.398855 8.928981 -0.23028
v -0.365386 8.928981 -0.280371
v -0.365386 8.928981 0.280371
v -0.398856 8.928981 0.230279
v -0.425501 8.928981 0.176248
v -0.444866 8.928981 0.119201
v -0.456619 8.928981 0.060114
v -0.425099 8.9375 -0.055965
v -0.414157 8.9375 -0.110973
v -0.396129 8.9375 -0.164082
v -0.371323 8.9375 -0.214384
v -0.340163 8.9375 -0.261017
v -0.340164 8.9375 0.261017
v -0.371323 8.9375 0.214383
v -0.396129 8.9375 0.164082
v -0.414157 8.9375 0.110972
v -0.425099 8.9375 0.055964
v -0.392467 8.9375 -0.051669
v -0.382365 8.9375 -0.102455
v -0.365721 8.9375 -0.151487
v -0.342819 8.9375 -0.197927
v -0.314052 8.9375 -0.240981
v -0.314052 8.9375 0.240981
v -0.34282 8.9375 0.197927
v -0.365722 8.9375 0.151486
v -0.382366 8.9375 0.102454
v -0.392467 8.9375 0.051668
v -0.683131 7.697151 -0.524186
v -0.745707 7.697151 -0.430535
v -0.795523 7.697151 -0.329517
v -0.831728 7.697151 -0.222861
v -0.853702 7.697151 -0.112392
v -0.861068 7.697151 0
v -0.583984 8.242483 -0.448108
v -0.637478 8.242483 -0.368049
v -0.680064 8.242483 -0.281692
v -0.711014 8.242483 -0.190516
v -0.729799 8.242483 -0.09608
v -0.736096 8.242483 0
v -0.729799 8.242483 0.096078
v -0.711015 8.242483 0.190515
v -0.680065 8.242483 0.281691
v -0.637479 8.242483 0.368048
v -0.583985 8.242483 0.448107
v -1.009598 6.612658 0.270519
v -0.795033 7.70435 0
v -0.788231 7.70435 -0.103773
v -0.767942 7.70435 -0.20577
v -0.734514 7.70435 -0.304246
v -0.688518 7.70435 -0.397517
v -0.630741 7.70435 -0.483986
v -0.531502 8.250196 0.407835
v -0.580188 8.250196 0.334971
v -0.618947 8.250196 0.256375
v -0.647115 8.250196 0.173393
v -0.664211 8.250196 0.087443
v -0.669943 8.250196 0
v -0.664211 8.250196 -0.087445
v -0.647115 8.250196 -0.173394
v -0.618946 8.250196 -0.256376
v -0.580187 8.250196 -0.334972
v -0.531501 8.250196 -0.407836
v -1.496301 2.220692 -1.496303
v -1.60038 1.57841 -1.600382
v -1.301165 2.127705 -1.695716
v -1.391671 1.478954 -1.813665
v -1.077844 2.047887 -1.866886
v -1.152816 1.393584 -1.996741
v -0.830604 1.98336 -2.005263
v -0.888379 1.32457 -2.144743
v -0.375 1.916178 -2.149335
v -0.375 1.25 -2.304659
v -0.564573 1.935907 -2.107027
v -0.603843 1.273815 -2.253587
v -1.258337 2.15373 -1.639904
v -1.348843 1.504979 -1.757854
v -1.042366 2.076539 -1.80544
v -1.117338 1.422237 -1.935296
v -0.803263 2.014137 -1.939263
v -0.861038 1.355346 -2.078744
v -0.545988 1.968245 -2.037678
v -0.375 1.950451 -2.075838
v -0.375 1.284272 -2.231161
v -1.174142 3.038213 1.530176
v -1.097783 3.585559 1.430663
v -0.957515 3.098037 1.658468
v -0.895244 3.641492 1.550612
v -0.728725 3.145057 1.759305
v -0.681334 3.685455 1.644891
v -0.490848 3.1789 1.831881
v -0.458926 3.717097 1.712747
v -1.333184 2.946354 1.333185
v -1.243729 3.49839 1.24373
v -1.138009 3.016255 1.483088
v -1.06165 3.563601 1.383575
v -0.928047 3.074238 1.607433
v -0.865776 3.617694 1.499576
v -0.706298 3.119812 1.705166
v -0.658907 3.66021 1.590752
v -0.475741 3.152613 1.775508
v -0.443819 3.69081 1.656374
v -2.045825 2.450273 0.269335
v -1.912777 3.035855 0.251819
v -2.092259 2.32468 0
v -1.956192 2.91843 0
v -2.103703 2.195532 -0.276958
v -1.966891 2.797681 -0.258946
v -2.078453 2.064984 -0.55692
v -1.943283 2.675623 -0.520701
v -2.015415 1.9354 -0.834812
v -1.884344 2.554467 -0.780521
v -1.789739 2.436591 -1.033307
v -1.914229 1.809325 -1.105181
v -1.659936 2.324487 -1.273714
v -1.775397 1.689424 -1.362311
v -1.375513 2.966093 1.375514
v -1.286058 3.518129 1.286059
v -1.558515 2.882332 1.195889
v -1.457159 3.439816 1.118116
v -1.720047 2.787755 0.993068
v -1.608186 3.351389 0.928485
v -1.857054 2.683371 0.769215
v -1.736282 3.253793 0.71919
v -1.966577 2.570396 0.52694
v -1.838683 3.148166 0.492671
v -1.510556 2.865171 1.159086
v -1.409199 3.422654 1.081313
v -1.667116 2.773504 0.962506
v -1.555255 3.337138 0.897923
v -1.799907 2.672332 0.745542
v -1.679136 3.242754 0.695517
v -1.906059 2.562834 0.510722
v -1.778165 3.140604 0.476453
v -1.982868 2.446407 0.261044
v -1.84982 3.031989 0.243529
v -2.027874 2.32468 0
v -1.891806 2.91843 0
v -2.038965 2.199507 -0.268435
v -1.902153 2.801656 -0.250423
v -2.014492 2.072976 -0.539782
v -1.879322 2.683614 -0.503563
v -1.953393 1.94738 -0.809122
v -1.822323 2.566446 -0.754831
v -1.730832 2.45245 -0.999297
v -1.855322 1.825185 -1.071171
v -1.605301 2.344036 -1.231791
v -1.720762 1.708973 -1.320388
v -1.447051 2.243657 -1.447054
v -1.55113 1.601375 -1.551133
v -0.375 3.724118 1.727803
v -0.375 3.188591 1.852665
v -0.58655 4.766251 1.416062
v -0.770702 4.728404 1.334899
v -0.945065 4.680251 1.231637
v -1.096467 4.626028 1.115353
v -1.064819 4.602464 1.06482
v -0.908932 4.658294 1.184548
v -0.741235 4.704605 1.283863
v -0.564123 4.741005 1.361923
v -0.379976 4.767203 1.418106
v -1.384463 4.478658 0.799319
v -1.254447 4.554783 0.962569
v -1.206486 4.537622 0.925767
v -1.331532 4.464407 0.768758
v -0.427005 4.255293 1.593612
v -0.375 4.232093 1.543859
v -0.375 2.582357 -1.994012
v -0.377698 3.248816 -1.838086
v -0.633942 4.225853 1.530477
v -0.832973 4.184948 1.442755
v -1.021424 4.132905 1.33115
v -0.985291 4.110948 1.284062
v -0.803506 4.16115 1.391719
v -0.611515 4.200607 1.476338
v -0.411898 4.229007 1.53724
v -1.615511 3.824216 0.669165
v -1.491402 4.397182 0.624592
v -1.496325 3.915024 0.863902
v -1.355803 3.9973 1.040343
v -1.307843 3.980138 1.00354
v -1.443394 3.900773 0.83334
v -1.558364 3.813178 0.645492
v -1.437593 4.383601 0.595467
v -1.622204 3.792599 -0.671939
v -1.753274 3.173533 -0.72623
v -1.808113 3.286262 -0.484483
v -1.672944 3.896901 -0.448264
v -1.830079 3.39983 -0.240934
v -1.693267 4.001979 -0.222923
v -1.820124 3.51218 0
v -1.684056 4.10593 0
v -1.779729 3.621437 0.234303
v -1.646681 4.207019 0.216787
v -1.710789 3.725936 0.458402
v -1.582895 4.303706 0.424133
v -1.650271 3.718374 0.442185
v -1.522377 4.296144 0.407916
v -1.716773 3.617571 0.226013
v -1.583725 4.203154 0.208497
v -1.755738 3.51218 0
v -1.619671 4.10593 0
v -1.765341 3.403805 -0.232412
v -1.628529 4.005953 -0.2144
v -1.744152 3.294254 -0.467344
v -1.560183 3.804579 -0.646249
v -1.691253 3.185513 -0.70054
v -0.525303 2.597999 -1.960468
v -0.486033 3.26009 -1.813909
v -0.715055 3.300942 -1.726301
v -0.772829 2.642152 -1.865782
v -0.9279 3.356492 -1.607174
v -1.002872 2.702189 -1.73703
v -1.120154 3.425206 -1.459816
v -1.21066 2.776456 -1.577766
v -1.077326 3.451231 -1.404005
v -1.167832 2.802481 -1.521955
v -0.892422 3.385145 -1.545729
v -0.967394 2.730842 -1.675585
v -0.687714 3.331719 -1.660301
v -0.506718 2.630337 -1.891118
v -0.467448 3.292429 -1.744559
v -1.288143 3.505258 -1.288145
v -1.392222 2.862975 -1.392224
v -1.429014 3.594613 -1.096522
v -1.544475 2.95955 -1.185118
v -1.54076 3.691122 -0.889559
v -1.665249 3.063856 -0.961433
v -1.481853 3.706981 -0.855549
v -1.606342 3.079716 -0.927423
v -1.374379 3.614162 -1.054599
v -1.48984 2.979099 -1.143195
v -1.238894 3.528223 -1.238896
v -1.342973 2.88594 -1.342975
v -0.375 2.616629 -1.920514
v -0.375 4.79517 1.478081
v -0.375 4.259644 1.602942
v -1.196603 4.070166 1.196604
v -1.154274 4.050427 1.154275
v -0.375 3.282808 -1.765191
v 0 2.561892 -2.037899
v 0 3.226683 -1.885552
v 0 2.595508 -1.96581
v 0 3.260298 -1.813462
v 0 1.265926 -2.270506
v 0 1.930717 -2.118158
v 0 1.23231 -2.342595
v 0 1.897101 -2.190248
v 0 4.278976 1.644401
v -0.226595 4.272059 1.629567
v 0 4.815403 1.52147
v -0.198753 4.809915 1.509701
v -0.19329 4.246514 1.574786
v 0 4.251852 1.586231
v -0.191153 4.783 1.451981
v 0 4.788278 1.4633
v 0 3.206124 1.890263
v 0 3.74255 1.767332
v -0.255708 3.198571 1.874066
v -0.241152 3.735315 1.751817
v -0.228981 3.172676 1.818534
v -0.211136 3.709595 1.69666
v 0 3.178999 1.832093
v 0 3.715425 1.709163
v -0.285589 1.906874 -2.16929
v -0.265724 2.570985 -2.018399
v -0.245859 3.235096 -1.867509
v -0.305454 1.242762 -2.32018
v -0.276186 1.940168 -2.09789
v -0.256322 2.604279 -1.947
v -0.236457 3.26839 -1.79611
v -0.296051 1.276056 -2.24878
v -0.375 4.580893 -1.528041
v -0.599505 4.618525 -1.447339
v -0.777956 4.665098 -1.347463
v -0.939142 4.722708 -1.223917
v -1.079985 4.789824 -1.079987
v -0.896315 4.748733 -1.168106
v -0.742479 4.69375 -1.286017
v -0.572165 4.649301 -1.381339
v -0.375 4.615165 -1.454544
v -1.198092 4.864739 -0.919329
v -1.29178 4.945652 -0.74581
v -1.360064 5.030732 -0.563357
v -1.402604 5.118179 -0.375827
v -1.537774 4.50754 -0.412045
v -1.419643 5.206277 -0.1869
v -1.556455 4.604128 -0.204911
v -1.411921 5.29343 0
v -1.547988 4.69968 0
v -1.380585 5.378184 0.181755
v -1.455001 4.881476 0.389864
v -1.327106 5.459247 0.355595
v -1.373968 4.965063 0.569115
v -1.253197 5.535485 0.51909
v -1.394483 4.873914 0.373647
v -1.266589 5.451684 0.339378
v -1.450677 4.788736 0.190981
v -1.317629 5.374318 0.173466
v -1.347535 5.29343 0
v -1.483603 4.69968 0
v -1.354905 5.210251 -0.178377
v -1.491717 4.608102 -0.196388
v -1.338643 5.126171 -0.358688
v -1.473813 4.515532 -0.394907
v -1.298043 5.042711 -0.537667
v -1.43185 4.429272 -0.579892
v -1.232873 4.961512 -0.7118
v -1.143457 4.884288 -0.877406
v -1.030736 4.812788 -1.030738
v -0.375 3.914714 -1.683365
v -1.15309 5.112267 0.884796
v -1.051734 5.669751 0.807023
v -1.009984 5.177 1.023616
v -0.9235 5.727972 0.931879
v -1.10513 5.095106 0.847994
v -1.003774 5.65259 0.770221
v -1.219671 5.028042 0.704175
v -1.10781 5.591676 0.639592
v -0.375 5.863658 1.222859
v -0.375 5.330003 1.351732
v -0.539158 5.306648 1.301648
v -0.491766 5.847046 1.187234
v -0.708431 5.271859 1.227042
v -0.64616 5.815315 1.119186
v -0.868706 5.227598 1.132123
v -0.792347 5.774944 1.03261
v -0.832573 5.20564 1.085035
v -0.756214 5.752986 0.985522
v -0.678964 5.248061 1.176006
v -0.616693 5.791516 1.06815
v -0.516732 5.281403 1.247509
v -0.46934 5.8218 1.133094
v -0.375 5.835222 1.161877
v -1.316821 4.954024 0.545442
v -1.19605 5.524446 0.495417
v -1.492216 4.41389 -0.612877
v -0.446762 3.922182 -1.667349
v -0.65728 3.959733 -1.58682
v -1.029648 4.073957 -1.341867
v -0.986821 4.099983 -1.286055
v -0.81745 4.039448 -1.415873
v -0.62994 3.99051 -1.52082
v -0.428178 3.95452 -1.597999
v -1.184064 4.147541 -1.184066
v -1.313553 4.229677 -1.007925
v -1.41627 4.318388 -0.817685
v -1.357363 4.334247 -0.783674
v -1.258918 4.249226 -0.966003
v -1.134815 4.170506 -1.134817
v -1.272602 5.042293 0.734736
v -1.160741 5.605927 0.670153
v -0.975364 5.1545 0.975365
v -0.885909 5.706536 0.88591
v -0.375 3.948986 -1.609867
v -0.225994 3.899207 -1.716619
v 0 3.891474 -1.733204
v 0 4.556265 -1.580856
v -0.206129 4.563319 -1.565729
v -0.216593 3.932501 -1.64522
v 0 3.92509 -1.661114
v -0.196728 4.596612 -1.49433
v 0 4.58988 -1.508766
v 0 5.351829 1.398539
v 0 5.888256 1.275608
v -0.182694 5.346785 1.387721
v -0.166636 5.883655 1.265741
v -0.175094 5.31987 1.330001
v -0.159036 5.85674 1.208021
v 0 5.324704 1.340369
v 0 5.861131 1.217438
v -0.331239 5.869884 1.23621
v -0.316133 5.843597 1.179837
v -0.521618 6.902226 0.903473
v -0.639629 6.869637 0.833584
v -0.707 6.810609 0.707
v -0.603497 6.847679 0.786495
v -0.492152 6.878428 0.852437
v -1.071318 6.614787 0.287057
v -1.011654 6.676331 0.41904
v -0.937018 6.733196 0.540987
v -0.849022 6.784718 0.651476
v -0.749329 6.830348 0.749329
v -0.801061 6.767557 0.614674
v -0.884087 6.718946 0.510426
v -0.954507 6.665293 0.395368
v -0.54173 5.277316 -1.307858
v -0.483956 5.936106 -1.168378
v -0.702984 5.3194 -1.217607
v -0.628011 5.973703 -1.087752
v -0.375 5.283737 -1.294087
v -0.848637 5.371459 -1.105968
v -0.758131 6.020209 -0.988018
v -0.80581 5.397484 -1.050156
v -0.715304 6.046235 -0.932206
v -0.667507 5.348053 -1.156161
v -0.592535 6.002356 -1.026306
v -0.514391 5.308092 -1.241858
v -0.456616 5.966883 -1.102377
v -0.975907 5.432106 -0.975908
v -0.871828 6.074389 -0.871829
v -1.082631 5.499803 -0.830733
v -0.96717 6.134866 -0.742137
v -1.167291 5.572918 -0.673936
v -1.042801 6.200184 -0.602062
v -1.228993 5.649798 -0.509066
v -1.097923 6.268865 -0.454775
v -1.267434 5.728818 -0.339608
v -1.132264 6.339457 -0.303389
v -1.203473 5.73681 -0.32247
v -1.068303 6.347449 -0.286251
v -1.166972 5.661778 -0.483376
v -1.035902 6.280844 -0.429085
v -1.108384 5.588778 -0.639926
v -0.983894 6.216043 -0.568052
v -1.027996 5.519352 -0.78881
v -0.912535 6.154415 -0.700214
v -0.926657 5.455071 -0.926659
v -0.822579 6.097354 -0.822581
v -1.282831 5.808426 -0.168888
v -1.14602 6.410575 -0.150876
v -1.275853 5.88718 0
v -1.139785 6.48093 0
v -1.247538 5.963766 0.164239
v -1.112002 6.553119 0.15481
v -1.199212 6.037017 0.321326
v -1.132426 6.105908 0.469065
v -1.075278 6.09487 0.445392
v -1.138695 6.029455 0.30511
v -1.0108 6.607225 0.270841
v -1.184581 5.9599 0.15595
v -1.051533 6.545483 0.138434
v -1.211467 5.88718 0
v -1.0754 6.48093 0
v -1.218093 5.8124 -0.160365
v -1.081281 6.414549 -0.142353
v -0.375 6.397314 1.093985
v -0.444374 6.387444 1.072819
v -0.583889 6.35877 1.011329
v -0.715988 6.32229 0.933097
v -0.679856 6.300333 0.886009
v -0.554423 6.334972 0.960293
v -0.421948 6.362198 1.01868
v -0.375 6.368877 1.033004
v -1.048879 6.169562 0.60557
v -0.950378 6.227234 0.72925
v -0.902417 6.210073 0.692447
v -0.995948 6.155311 0.575009
v -0.375 6.930969 0.965112
v -0.375 5.916671 -1.210056
v -0.375 5.247575 -1.371638
v -0.375 5.952324 -1.133598
v -0.837017 6.278944 0.840141
v -0.796454 6.258573 0.796455
v 0 6.424197 1.152788
v -0.150577 6.420524 1.143761
v -0.299317 6.408081 1.117076
v 0 6.961108 1.029746
v -0.134518 6.957394 1.02178
v -0.267396 6.946278 0.997942
v -0.284211 6.381793 1.060703
v -0.142977 6.393609 1.086041
v 0 6.397557 1.094507
v -0.25229 6.919991 0.941569
v -0.126918 6.930479 0.964061
v 0 6.933983 0.971576
v 0 5.885847 -1.27616
v 0 5.221056 -1.428508
v -0.1664 5.891541 -1.263949
v -0.186265 5.22743 -1.414839
v -0.328951 5.908457 -1.227671
v -0.310368 5.940796 -1.158321
v -0.156999 5.924835 -1.192549
v -0.176863 5.260724 -1.34344
v 0 5.919463 -1.204071
v 0 5.254672 -1.356418
v -0.553039 6.628006 -0.957896
v -0.478067 7.282309 -0.82804
v -0.667625 6.668961 -0.870069
v -0.57712 7.317711 -0.752119
v -0.767749 6.716672 -0.76775
v -0.66367 7.358955 -0.663671
v -0.624798 6.694986 -0.814257
v -0.710317 6.735738 -0.726864
v -0.534293 7.343737 -0.696307
v -0.517563 6.656659 -0.89645
v -0.442591 7.310961 -0.766594
v -0.398842 6.625674 -0.962896
v -0.38589 7.296163 -0.798329
v -0.375 6.621421 -0.972016
v -0.486911 7.964329 0.634557
v -0.52809 7.914683 0.52809
v -0.450779 7.942371 0.587469
v -0.851709 6.769929 -0.65354
v -0.736249 7.404992 -0.564944
v -0.918311 6.827449 -0.530188
v -0.793822 7.454715 -0.458314
v -0.966853 6.887931 -0.400484
v -0.835783 7.506998 -0.346193
v -0.997095 6.950096 -0.267171
v -0.861925 7.560735 -0.230952
v -1.009208 7.012724 -0.132865
v -0.872396 7.614873 -0.114853
v -1.003718 7.07468 0
v -0.86765 7.66843 0
v -0.981442 7.134931 0.129207
v -0.848394 7.720512 0.111692
v -0.81553 7.770327 0.218519
v -0.770112 7.817177 0.31899
v -0.713296 7.860465 0.41182
v -0.646309 7.899686 0.49593
v -0.570419 7.934421 0.57042
v -0.918485 7.131065 0.120919
v -0.939332 7.07468 0
v -0.803264 7.66843 0
v -0.944469 7.016699 -0.124342
v -0.807658 7.618847 -0.10633
v -0.933133 6.958088 -0.250033
v -0.797964 7.568727 -0.213814
v -0.904832 6.899911 -0.374794
v -0.773762 7.518977 -0.320503
v -0.859404 6.843308 -0.496178
v -0.734914 7.470574 -0.424304
v -0.797075 6.789478 -0.611618
v -0.681614 7.424541 -0.523021
v -0.614421 7.38192 -0.614423
v -0.598348 7.882525 0.459128
v -0.660364 7.846215 0.38126
v -0.712964 7.806139 0.295318
v -0.755012 7.762765 0.202303
v -0.785437 7.716648 0.103403
v -0.890883 7.246755 0.369015
v -0.825157 7.296831 0.476403
v -0.833735 7.235716 0.345343
v -0.459347 7.445682 0.795616
v -0.56327 7.416983 0.734071
v -0.527138 7.395025 0.686982
v -0.429881 7.421884 0.74458
v -0.375 7.433163 0.768768
v -0.747665 7.342202 0.573703
v -0.699705 7.325041 0.536901
v -0.772225 7.28258 0.445843
v -0.375 7.462592 0.831879
v -0.943424 7.192557 0.252788
v -0.882906 7.184996 0.236572
v -0.428671 6.595548 -1.027503
v -0.375 7.255409 -0.885725
v -0.375 7.993675 0.69749
v -0.375 7.963298 0.632347
v -0.659874 7.382385 0.659874
v -0.617545 7.362646 0.617545
v -0.375 6.585768 -1.048475
v 0 6.550821 -1.123418
v -0.141624 6.555484 -1.113419
v -0.286264 6.570193 -1.081875
v 0 7.215429 -0.971464
v -0.12667 7.219764 -0.962168
v -0.250411 7.232641 -0.934553
v -0.271933 6.603036 -1.011443
v -0.139261 6.589168 -1.041185
v -0.002616 6.584343 -1.051531
v -0.231828 7.26498 -0.865202
v -0.117269 7.253058 -0.890769
v 0 7.249045 -0.899375
v 0 7.497535 0.906815
v -0.118459 7.494264 0.8998
v -0.235474 7.484475 0.878807
v 0 8.033961 0.783884
v -0.1024 8.031134 0.77782
v -0.203552 8.022672 0.759673
v -0.302199 8.008637 0.729576
v -0.220368 7.458188 0.822434
v -0.11086 7.467349 0.842081
v 0 7.47041 0.848645
v -0.279773 7.983392 0.675437
v -0.188447 7.996384 0.7033
v -0.094801 8.004218 0.7201
v 0 8.006836 0.725714
v -1.250502 2.490866 1.629689
v -1.326861 1.94352 1.729202
v -1.019785 2.554581 1.766325
v -1.082056 2.011125 1.874182
v -0.776117 2.60466 1.87372
v -0.823509 2.064262 1.988134
v -0.52277 2.640703 1.951015
v -0.554692 2.102506 2.070149
v -1.422639 2.394318 1.42264
v -1.512094 1.842281 1.512094
v -1.214368 2.468909 1.582601
v -1.290727 1.921563 1.682115
v -0.990318 2.530782 1.715289
v -1.052588 1.987327 1.823146
v -0.75369 2.579414 1.819581
v -0.801082 2.039016 1.933995
v -1.659872 2.324848 1.273662
v -1.761228 1.767365 1.351436
v -2.228327 1.73093 0
v -2.33854 1.25 0
v -1.831908 2.224121 1.057651
v -1.94377 1.660486 1.122234
v -1.977825 2.112948 0.81924
v -2.098596 1.542524 0.869265
v -2.094471 1.992626 0.561209
v -2.222365 1.414856 0.595478
v -2.178873 1.864691 0.286851
v -2.258297 1.25 0.241944
v -2.115916 1.860825 0.27856
v -1.611912 2.307687 1.23686
v -1.713268 1.750203 1.314633
v -1.778978 2.209869 1.027089
v -1.890839 1.646235 1.091672
v -1.920678 2.101909 0.795566
v -2.04145 1.531485 0.845591
v -2.161848 1.407293 0.57926
v -2.033953 1.985064 0.544991
v -2.240515 1.593384 -0.294969
v -2.318534 1.25 -0.305241
v -2.213623 1.454345 -0.593139
v -2.173359 1.33043 -0.799906
v -2.187073 1.28122 -0.794514
v -2.163941 1.73093 0
v -2.274154 1.25 0
v -2.175777 1.597358 -0.286446
v -2.254699 1.25 -0.296837
v -2.116802 1.39479 -0.720854
v -2.107153 1.374769 -0.763525
v -2.154938 1.25 -0.711517
v -2.149662 1.462337 -0.576
v -2.140656 1.25 -0.75359
v -0.375 2.625515 1.918443
v -0.375 2.089988 2.043304
v -1.464968 2.414056 1.464969
v -1.554423 1.862019 1.554424
v -0.507663 2.614416 1.894642
v -0.539584 2.076219 2.013777
v -2.322683 1.25 0.241944
v -2.185028 1.395566 -0.719192
v -2.174475 1.369392 -0.768902
v -2.207629 1.25 -0.75617
v -2.222786 1.25 -0.711517
v -2.105907 1.328786 -0.799906
v -2.119897 1.280063 -0.793357
v -0.375 2.653065 1.977526
v -0.375 2.117539 2.102387
v 0 2.133271 2.136125
v 0 2.669698 2.013194
v -0.279048 2.125566 2.119601
v -0.262989 2.662436 1.997621
v -0.271446 2.098651 2.061882
v -0.255387 2.635521 1.939902
v 0 2.106146 2.077955
v 0 2.642573 1.955024
v -1.653597 1.25 -1.653599
v -1.423612 1.25 -1.855291
v -1.169268 1.25 -2.025238
v -0.894918 1.25 -2.160532
v -0.605256 1.25 -2.258858
v -1.384415 1.25 -1.804212
v -1.137074 1.25 -1.969479
v -0.870277 1.25 -2.101048
v -0.588589 1.25 -2.196667
v -2.160529 1.25 -0.894921
v -2.025235 1.25 -1.169271
v -1.855289 1.25 -1.423614
v -2.101044 1.25 -0.870281
v -1.969475 1.25 -1.137077
v -1.804208 1.25 -1.384418
v -1.608069 1.25 -1.608072
v -2.14239 1.335675 -0.887407
v -2.082588 1.337173 -0.862637
v 2.25921 1.25 -0.603478
v 2.199071 1.25 -0.576494
v 0.375 6.902505 0.90407
v 1.514165 4.791162 0.196185
v 0.375 5.301567 1.29075
v 0.863301 4.014503 -1.469368
v 0.732194 2.670556 -1.804867
v 1.607878 3.902622 -0.435995
v 0.375 3.696567 1.66872
v 0.583819 1.306004 -2.184558
v 0.375 3.161041 1.793582
v 0.274093 9 -0.274094
v 0.235972 9 -0.307526
v 0.193813 9 -0.335695
v 0.148338 9 -0.358121
v 0.100324 9 -0.374419
v 0.050594 9 -0.384311
v 0.309002 9 -0.309003
v 0.266026 9 -0.346693
v 0.218497 9 -0.378451
v 0.16723 9 -0.403733
v 0.113102 9 -0.422107
v 0.057038 9 -0.433258
v 0.342722 8.987222 -0.342724
v 0.295056 8.987222 -0.384526
v 0.242341 8.987222 -0.419749
v 0.185479 8.987222 -0.44779
v 0.125444 8.987222 -0.468169
v 0.063263 8.987222 -0.480538
v 0.372955 8.962538 -0.372956
v 0.321084 8.962538 -0.418446
v 0.263719 8.962538 -0.456777
v 0.201841 8.962538 -0.487291
v 0.13651 8.962538 -0.509468
v 0.068843 8.962538 -0.522927
v 0.39764 8.927628 -0.397641
v 0.342336 8.927628 -0.446142
v 0.281173 8.927628 -0.487009
v 0.2152 8.927628 -0.519543
v 0.145545 8.927628 -0.543188
v 0.0734 8.927628 -0.557538
v 0.415095 8.884872 -0.415096
v 0.357363 8.884872 -0.465726
v 0.293516 8.884872 -0.508387
v 0.224647 8.884872 -0.542349
v 0.151934 8.884872 -0.567032
v 0.076622 8.884872 -0.582012
v 0.42413 8.837185 -0.424131
v 0.365141 8.837185 -0.475863
v 0.299905 8.837185 -0.519453
v 0.229537 8.837185 -0.554154
v 0.155241 8.837185 -0.579374
v 0.078289 8.837185 -0.59468
v 0.43213 8.787815 -0.432131
v 0.372029 8.787815 -0.484839
v 0.305562 8.787815 -0.529251
v 0.233866 8.787815 -0.564607
v 0.158169 8.787815 -0.590302
v 0.079766 8.787815 -0.605898
v 1.846026 0.0625 -1.846027
v 1.589278 0.0625 -2.07119
v 1.305337 0.0625 -2.260913
v 0.999061 0.0625 -2.411951
v 0.675691 0.0625 -2.52172
v 0.34076 0.0625 -2.588342
v 1.856154 0 -1.856155
v 1.597997 0 -2.082553
v 1.312499 0 -2.273317
v 1.004542 0 -2.425184
v 0.679398 0 -2.535555
v 0.342629 0 -2.602542
v 1.83339 0 -1.833392
v 1.578399 0 -2.057014
v 1.296401 0 -2.245438
v 0.992221 0 -2.395442
v 0.671064 0 -2.50446
v 0.338425 0 -2.570626
v 1.805562 0.03125 -1.805564
v 1.554441 0.03125 -2.025791
v 1.276724 0.03125 -2.211356
v 0.977161 0.03125 -2.359084
v 0.660879 0.03125 -2.466446
v 0.333289 0.03125 -2.531608
v 1.800498 0.0625 -1.8005
v 1.550081 0.0625 -2.02011
v 1.273143 0.0625 -2.205153
v 0.97442 0.0625 -2.352467
v 0.659025 0.0625 -2.459528
v 0.332354 0.0625 -2.524507
v 0.385269 8.796043 -0.38527
v 0.331685 8.796043 -0.432262
v 0.272426 8.796043 -0.471858
v 0.208505 8.796043 -0.50338
v 0.141017 8.796043 -0.526289
v 0.071116 8.796043 -0.540193
v 0.379936 8.828957 -0.379937
v 0.327094 8.828957 -0.426279
v 0.268655 8.828957 -0.465326
v 0.205619 8.828957 -0.496412
v 0.139065 8.828957 -0.519004
v 0.070132 8.828957 -0.532715
v 0.373912 8.860748 -0.373914
v 0.321908 8.860748 -0.419521
v 0.264396 8.860748 -0.457949
v 0.202359 8.860748 -0.488542
v 0.13686 8.860748 -0.510775
v 0.06902 8.860748 -0.52427
v 0.362276 8.889252 -0.362277
v 0.31189 8.889252 -0.406465
v 0.256167 8.889252 -0.443697
v 0.196062 8.889252 -0.473338
v 0.132601 8.889252 -0.49488
v 0.066872 8.889252 -0.507954
v 0.345819 8.912525 -0.34582
v 0.297722 8.912525 -0.388001
v 0.244531 8.912525 -0.423542
v 0.187155 8.912525 -0.451836
v 0.126578 8.912525 -0.472399
v 0.063834 8.912525 -0.48488
v 0.325664 8.928981 -0.325665
v 0.28037 8.928981 -0.365387
v 0.230279 8.928981 -0.398857
v 0.176248 8.928981 -0.425502
v 0.119201 8.928981 -0.444867
v 0.060114 8.928981 -0.45662
v 0.303184 8.9375 -0.303185
v 0.261017 8.9375 -0.340165
v 0.214383 8.9375 -0.371325
v 0.164082 8.9375 -0.396131
v 0.110972 8.9375 -0.414159
v 0.055964 8.9375 -0.4251
v 0.279911 8.9375 -0.279912
v 0.240981 8.9375 -0.314053
v 0.197927 8.9375 -0.342821
v 0.151486 8.9375 -0.365723
v 0.102454 8.9375 -0.382367
v 0.051668 8.9375 -0.392469
v 0.11239 7.697151 -0.853703
v 0.222859 7.697151 -0.83173
v 0.329515 7.697151 -0.795525
v 0.430533 7.697151 -0.745709
v 0.524185 7.697151 -0.683133
v 0.608867 7.697151 -0.608868
v 0.096078 8.242483 -0.7298
v 0.190514 8.242483 -0.711016
v 0.281691 8.242483 -0.680066
v 0.368047 8.242483 -0.63748
v 0.448107 8.242483 -0.583986
v 0.520499 8.242483 -0.5205
v 0.562173 7.70435 -0.562174
v 0.483985 7.70435 -0.630744
v 0.397515 7.70435 -0.68852
v 0.304244 7.70435 -0.734516
v 0.205768 7.70435 -0.767944
v 0.10377 7.70435 -0.788232
v 0.473721 8.250196 -0.473722
v 0.407835 8.250196 -0.531503
v 0.334971 8.250196 -0.580189
v 0.256375 8.250196 -0.618948
v 0.173393 8.250196 -0.647117
v 0.087443 8.250196 -0.664213
v 0.274093 9 0.274094
v 0.235972 9 0.307526
v 0.193813 9 0.335695
v 0.148338 9 0.358121
v 0.100324 9 0.374419
v 0.050594 9 0.384311
v 0.309003 9 0.309003
v 0.266026 9 0.346693
v 0.218497 9 0.378451
v 0.16723 9 0.403733
v 0.113102 9 0.422107
v 0.057038 9 0.433258
v 0.342723 8.987222 0.342723
v 0.295056 8.987222 0.384526
v 0.242341 8.987222 0.419749
v 0.185479 8.987222 0.44779
v 0.125444 8.987222 0.468169
v 0.063263 8.987222 0.480538
v 0.372955 8.962538 0.372956
v 0.321084 8.962538 0.418446
v 0.263719 8.962538 0.456777
v 0.201841 8.962538 0.487291
v 0.13651 8.962538 0.509468
v 0.068843 8.962538 0.522927
v 0.39764 8.927628 0.397641
v 0.342336 8.927628 0.446142
v 0.281173 8.927628 0.487009
v 0.2152 8.927628 0.519543
v 0.145545 8.927628 0.543188
v 0.0734 8.927628 0.557538
v 0.415095 8.884872 0.415096
v 0.357363 8.884872 0.465726
v 0.293516 8.884872 0.508387
v 0.224647 8.884872 0.542349
v 0.151934 8.884872 0.567032
v 0.076622 8.884872 0.582012
v 0.42413 8.837185 0.424131
v 0.365141 8.837185 0.475863
v 0.299905 8.837185 0.519453
v 0.229537 8.837185 0.554154
v 0.155241 8.837185 0.579374
v 0.078289 8.837185 0.59468
v 0.43213 8.787815 0.432131
v 0.372029 8.787815 0.484839
v 0.305562 8.787815 0.529251
v 0.233866 8.787815 0.564607
v 0.158169 8.787815 0.590302
v 0.079766 8.787815 0.605898
v 1.846027 0.0625 1.846027
v 1.58928 0.0625 2.071189
v 1.305339 0.0625 2.260912
v 0.999063 0.0625 2.411951
v 0.675693 0.0625 2.52172
v 0.340761 0.0625 2.588342
v 1.856155 0 1.856155
v 1.597999 0 2.082552
v 1.3125 0 2.273316
v 1.004544 0 2.425184
v 0.6794 0 2.535555
v 0.342631 0 2.602543
v 1.833391 0 1.833391
v 1.578402 0 2.057012
v 1.296404 0 2.245436
v 0.992224 0 2.395442
v 0.671067 0 2.50446
v 0.338428 0 2.570626
v 1.805563 0.03125 1.805564
v 1.554444 0.03125 2.025789
v 1.276727 0.03125 2.211355
v 0.977164 0.03125 2.359083
v 0.660882 0.03125 2.466446
v 0.333291 0.03125 2.531608
v 1.800499 0.0625 1.800499
v 1.550085 0.0625 2.020108
v 1.273146 0.0625 2.205152
v 0.974423 0.0625 2.352466
v 0.659028 0.0625 2.459528
v 0.332357 0.0625 2.524507
v 0.385269 8.796043 0.38527
v 0.331685 8.796043 0.432262
v 0.272426 8.796043 0.471858
v 0.208505 8.796043 0.50338
v 0.141017 8.796043 0.526289
v 0.071116 8.796043 0.540193
v 0.379936 8.828957 0.379937
v 0.327094 8.828957 0.426279
v 0.268655 8.828957 0.465326
v 0.205619 8.828957 0.496412
v 0.139065 8.828957 0.519004
v 0.070132 8.828957 0.532715
v 0.373913 8.860748 0.373913
v 0.321908 8.860748 0.419521
v 0.264396 8.860748 0.457949
v 0.202359 8.860748 0.488542
v 0.13686 8.860748 0.510775
v 0.06902 8.860748 0.52427
v 0.362276 8.889252 0.362277
v 0.31189 8.889252 0.406465
v 0.256167 8.889252 0.443697
v 0.196062 8.889252 0.473338
v 0.132601 8.889252 0.49488
v 0.066872 8.889252 0.507954
v 0.345819 8.912525 0.34582
v 0.297722 8.912525 0.388001
v 0.244531 8.912525 0.423542
v 0.187155 8.912525 0.451836
v 0.126578 8.912525 0.472399
v 0.063834 8.912525 0.48488
v 0.325664 8.928981 0.325665
v 0.28037 8.928981 0.365387
v 0.230279 8.928981 0.398857
v 0.176248 8.928981 0.425502
v 0.119201 8.928981 0.444867
v 0.060114 8.928981 0.45662
v 0.303184 8.9375 0.303185
v 0.261017 8.9375 0.340165
v 0.214383 8.9375 0.371325
v 0.164082 8.9375 0.396131
v 0.110972 8.9375 0.414159
v 0.055964 8.9375 0.4251
v 0.279911 8.9375 0.279912
v 0.240981 8.9375 0.314053
v 0.197927 8.9375 0.342821
v 0.151486 8.9375 0.365723
v 0.102454 8.9375 0.382367
v 0.051668 8.9375 0.392469
v 0.096078 8.242483 0.7298
v 0.190514 8.242483 0.711016
v 0.281691 8.242483 0.680066
v 0.368047 8.242483 0.63748
v 0.448107 8.242483 0.583986
v 0.520499 8.242483 0.5205
v 0.473721 8.250196 0.473722
v 0.407835 8.250196 0.531503
v 0.334971 8.250196 0.580189
v 0.256375 8.250196 0.618948
v 0.173393 8.250196 0.647117
v 0.087443 8.250196 0.664213
v 0.387626 9 0
v 0.436995 9 0
v 0.484683 8.987222 0
v 0.527438 8.962538 0
v 0.562348 8.927628 0
v 0.587033 8.884872 0
v 0.599811 8.837185 0
v 0.611124 8.787815 0
v 2.610676 0.0625 0
v 0.384309 9 -0.050595
v 0.374418 9 -0.100325
v 0.358119 9 -0.148338
v 0.335693 9 -0.193813
v 0.307524 9 -0.235972
v 0.307524 9 0.235972
v 0.335694 9 0.193813
v 0.35812 9 0.148338
v 0.374418 9 0.100324
v 0.38431 9 0.050595
v 0.433257 9 -0.057039
v 0.422105 9 -0.113103
v 0.403731 9 -0.167231
v 0.378449 9 -0.218498
v 0.346691 9 -0.266027
v 0.346692 9 0.266026
v 0.378449 9 0.218498
v 0.403731 9 0.167231
v 0.422105 9 0.113102
v 0.433257 9 0.057038
v 0.480536 8.987222 -0.063264
v 0.468168 8.987222 -0.125445
v 0.447788 8.987222 -0.18548
v 0.419747 8.987222 -0.242342
v 0.384524 8.987222 -0.295057
v 0.384525 8.987222 0.295056
v 0.419748 8.987222 0.242341
v 0.447789 8.987222 0.18548
v 0.468168 8.987222 0.125444
v 0.480536 8.987222 0.063263
v 0.522926 8.962538 -0.068845
v 0.509466 8.962538 -0.136511
v 0.487289 8.962538 -0.201842
v 0.456775 8.962538 -0.26372
v 0.418445 8.962538 -0.321085
v 0.418445 8.962538 0.321084
v 0.456775 8.962538 0.263719
v 0.48729 8.962538 0.201841
v 0.509467 8.962538 0.13651
v 0.522926 8.962538 0.068843
v 0.557537 8.927628 -0.073401
v 0.543186 8.927628 -0.145546
v 0.519542 8.927628 -0.215202
v 0.487007 8.927628 -0.281174
v 0.44614 8.927628 -0.342336
v 0.446141 8.927628 0.342336
v 0.487008 8.927628 0.281174
v 0.519542 8.927628 0.215201
v 0.543187 8.927628 0.145545
v 0.557537 8.927628 0.0734
v 0.582011 8.884872 -0.076623
v 0.56703 8.884872 -0.151935
v 0.542347 8.884872 -0.224648
v 0.508385 8.884872 -0.293517
v 0.465724 8.884872 -0.357363
v 0.465725 8.884872 0.357363
v 0.508386 8.884872 0.293516
v 0.542348 8.884872 0.224647
v 0.56703 8.884872 0.151934
v 0.582011 8.884872 0.076622
v 0.594679 8.837185 -0.078291
v 0.579372 8.837185 -0.155243
v 0.554153 8.837185 -0.229538
v 0.519451 8.837185 -0.299906
v 0.475861 8.837185 -0.365142
v 0.475862 8.837185 0.365141
v 0.519452 8.837185 0.299905
v 0.554153 8.837185 0.229537
v 0.579373 8.837185 0.155241
v 0.594679 8.837185 0.07829
v 0.605896 8.787815 -0.079768
v 0.590301 8.787815 -0.158171
v 0.564605 8.787815 -0.233868
v 0.529249 8.787815 -0.305563
v 0.484837 8.787815 -0.37203
v 0.484838 8.787815 0.372029
v 0.52925 8.787815 0.305562
v 0.564606 8.787815 0.233866
v 0.590301 8.787815 0.15817
v 0.605896 8.787815 0.079766
v 2.588341 0.0625 -0.340762
v 2.521719 0.0625 -0.675694
v 2.411949 0.0625 -0.999064
v 2.260911 0.0625 -1.305339
v 2.071187 0.0625 -1.58928
v 2.071188 0.0625 1.58928
v 2.260912 0.0625 1.305339
v 2.41195 0.0625 0.999063
v 2.521719 0.0625 0.675693
v 2.588342 0.0625 0.340761
v 2.624999 0 0
v 2.592806 0 0
v 2.553452 0.03125 0
v 2.54629 0.0625 0
v 0.544853 8.796043 0
v 0.537311 8.828957 0
v 0.528792 8.860748 0
v 0.512335 8.889252 0
v 0.489062 8.912525 0
v 0.460559 8.928981 0
v 0.428767 8.9375 0
v 0.395854 8.9375 0
v 2.602542 0 -0.342632
v 2.535554 0 -0.679401
v 2.425182 0 -1.004545
v 2.273315 0 -1.312501
v 2.082551 0 -1.598
v 2.082552 0 1.597999
v 2.273316 0 1.3125
v 2.425183 0 1.004544
v 2.535555 0 0.6794
v 2.602542 0 0.342631
v 2.570624 0 -0.338431
v 2.504458 0 -0.67107
v 2.39544 0 -0.992227
v 2.245434 0 -1.296406
v 2.057009 0 -1.578403
v 2.057011 0 1.578402
v 2.245436 0 1.296404
v 2.395441 0 0.992224
v 2.504459 0 0.671067
v 2.570625 0 0.338428
v 2.531606 0.03125 -0.333295
v 2.466444 0.03125 -0.660884
v 2.359081 0.03125 -0.977166
v 2.211352 0.03125 -1.276729
v 2.025787 0.03125 -1.554446
v 2.025789 0.03125 1.554444
v 2.211354 0.03125 1.276727
v 2.359082 0.03125 0.977164
v 2.466445 0.03125 0.660882
v 2.531607 0.03125 0.333291
v 2.524506 0.0625 -0.33236
v 2.459527 0.0625 -0.659031
v 2.352464 0.0625 -0.974426
v 2.20515 0.0625 -1.273148
v 2.020105 0.0625 -1.550086
v 2.020107 0.0625 1.550085
v 2.205152 0.0625 1.273146
v 2.352466 0.0625 0.974423
v 2.459528 0.0625 0.659028
v 2.524507 0.0625 0.332357
v 0.540192 8.796043 -0.071118
v 0.526287 8.796043 -0.141018
v 0.503378 8.796043 -0.208507
v 0.471856 8.796043 -0.272427
v 0.432261 8.796043 -0.331686
v 0.432261 8.796043 0.331685
v 0.471857 8.796043 0.272426
v 0.503379 8.796043 0.208506
v 0.526288 8.796043 0.141017
v 0.540192 8.796043 0.071116
v 0.532714 8.828957 -0.070133
v 0.519002 8.828957 -0.139066
v 0.49641 8.828957 -0.20562
v 0.465324 8.828957 -0.268656
v 0.426277 8.828957 -0.327095
v 0.426277 8.828957 0.327094
v 0.465325 8.828957 0.268655
v 0.496411 8.828957 0.205619
v 0.519002 8.828957 0.139065
v 0.532714 8.828957 0.070132
v 0.524268 8.860748 -0.069021
v 0.510774 8.860748 -0.136862
v 0.48854 8.860748 -0.20236
v 0.457947 8.860748 -0.264396
v 0.419519 8.860748 -0.321909
v 0.419519 8.860748 0.321908
v 0.457948 8.860748 0.264396
v 0.488541 8.860748 0.202359
v 0.510774 8.860748 0.136861
v 0.524268 8.860748 0.06902
v 0.507952 8.889252 -0.066873
v 0.494878 8.889252 -0.132602
v 0.473336 8.889252 -0.196063
v 0.443695 8.889252 -0.256168
v 0.406463 8.889252 -0.311891
v 0.406463 8.889252 0.31189
v 0.443696 8.889252 0.256167
v 0.473336 8.889252 0.196062
v 0.494878 8.889252 0.132601
v 0.507953 8.889252 0.066872
v 0.484878 8.912525 -0.063835
v 0.472398 8.912525 -0.126579
v 0.451835 8.912525 -0.187156
v 0.42354 8.912525 -0.244532
v 0.387999 8.912525 -0.297723
v 0.388 8.912525 0.297722
v 0.423541 8.912525 0.244531
v 0.451835 8.912525 0.187156
v 0.472398 8.912525 0.126578
v 0.484878 8.912525 0.063834
v 0.456619 8.928981 -0.060115
v 0.444865 8.928981 -0.119202
v 0.425501 8.928981 -0.176249
v 0.398855 8.928981 -0.23028
v 0.365386 8.928981 -0.280371
v 0.365386 8.928981 0.280371
v 0.398856 8.928981 0.230279
v 0.425501 8.928981 0.176248
v 0.444866 8.928981 0.119201
v 0.456619 8.928981 0.060114
v 0.425099 8.9375 -0.055965
v 0.414157 8.9375 -0.110973
v 0.396129 8.9375 -0.164082
v 0.371323 8.9375 -0.214384
v 0.340163 8.9375 -0.261017
v 0.340164 8.9375 0.261017
v 0.371323 8.9375 0.214383
v 0.396129 8.9375 0.164082
v 0.414157 8.9375 0.110972
v 0.425099 8.9375 0.055964
v 0.392467 8.9375 -0.051669
v 0.382365 8.9375 -0.102455
v 0.365721 8.9375 -0.151487
v 0.342819 8.9375 -0.197927
v 0.314052 8.9375 -0.240981
v 0.314052 8.9375 0.240981
v 0.34282 8.9375 0.197927
v 0.365722 8.9375 0.151486
v 0.382366 8.9375 0.102454
v 0.392467 8.9375 0.051668
v 0.683131 7.697151 -0.524186
v 0.745707 7.697151 -0.430535
v 0.795523 7.697151 -0.329517
v 0.831728 7.697151 -0.222861
v 0.853702 7.697151 -0.112392
v 0.861068 7.697151 0
v 0.583984 8.242483 -0.448108
v 0.637478 8.242483 -0.368049
v 0.680064 8.242483 -0.281692
v 0.711014 8.242483 -0.190516
v 0.729799 8.242483 -0.09608
v 0.736096 8.242483 0
v 0.729799 8.242483 0.096078
v 0.711015 8.242483 0.190515
v 0.680065 8.242483 0.281691
v 0.637479 8.242483 0.368048
v 0.583985 8.242483 0.448107
v 1.009598 6.612658 0.270519
v 0.795033 7.70435 0
v 0.788231 7.70435 -0.103773
v 0.767942 7.70435 -0.20577
v 0.734514 7.70435 -0.304246
v 0.688518 7.70435 -0.397517
v 0.630741 7.70435 -0.483986
v 0.531502 8.250196 0.407835
v 0.580188 8.250196 0.334971
v 0.618947 8.250196 0.256375
v 0.647115 8.250196 0.173393
v 0.664211 8.250196 0.087443
v 0.669943 8.250196 0
v 0.664211 8.250196 -0.087445
v 0.647115 8.250196 -0.173394
v 0.618946 8.250196 -0.256376
v 0.580187 8.250196 -0.334972
v 0.531501 8.250196 -0.407836
v 1.496301 2.220692 -1.496303
v 1.60038 1.57841 -1.600382
v 1.301165 2.127705 -1.695716
v 1.391671 1.478954 -1.813665
v 1.077844 2.047887 -1.866886
v 1.152816 1.393584 -1.996741
v 0.830604 1.98336 -2.005263
v 0.888379 1.32457 -2.144743
v 0.375 1.916178 -2.149335
v 0.375 1.25 -2.304659
v 0.564573 1.935907 -2.107027
v 0.603843 1.273815 -2.253587
v 1.258337 2.15373 -1.639904
v 1.348843 1.504979 -1.757854
v 1.042366 2.076539 -1.80544
v 1.117338 1.422237 -1.935296
v 0.803263 2.014137 -1.939263
v 0.861038 1.355346 -2.078744
v 0.545988 1.968245 -2.037678
v 0.375 1.950451 -2.075838
v 0.375 1.284272 -2.231161
v 1.174142 3.038213 1.530176
v 1.097783 3.585559 1.430663
v 0.957515 3.098037 1.658468
v 0.895244 3.641492 1.550612
v 0.728725 3.145057 1.759305
v 0.681334 3.685455 1.644891
v 0.490848 3.1789 1.831881
v 0.458926 3.717097 1.712747
v 1.333184 2.946354 1.333185
v 1.243729 3.49839 1.24373
v 1.138009 3.016255 1.483088
v 1.06165 3.563601 1.383575
v 0.928047 3.074238 1.607433
v 0.865776 3.617694 1.499576
v 0.706298 3.119812 1.705166
v 0.658907 3.66021 1.590752
v 0.475741 3.152613 1.775508
v 0.443819 3.69081 1.656374
v 2.045825 2.450273 0.269335
v 1.912777 3.035855 0.251819
v 2.092259 2.32468 0
v 1.956192 2.91843 0
v 2.103703 2.195532 -0.276958
v 1.966891 2.797681 -0.258946
v 2.078453 2.064984 -0.55692
v 1.943283 2.675623 -0.520701
v 2.015415 1.9354 -0.834812
v 1.884344 2.554467 -0.780521
v 1.789739 2.436591 -1.033307
v 1.914229 1.809325 -1.105181
v 1.659936 2.324487 -1.273714
v 1.775397 1.689424 -1.362311
v 1.375513 2.966093 1.375514
v 1.286058 3.518129 1.286059
v 1.558515 2.882332 1.195889
v 1.457159 3.439816 1.118116
v 1.720047 2.787755 0.993068
v 1.608186 3.351389 0.928485
v 1.857054 2.683371 0.769215
v 1.736282 3.253793 0.71919
v 1.966577 2.570396 0.52694
v 1.838683 3.148166 0.492671
v 1.510556 2.865171 1.159086
v 1.409199 3.422654 1.081313
v 1.667116 2.773504 0.962506
v 1.555255 3.337138 0.897923
v 1.799907 2.672332 0.745542
v 1.679136 3.242754 0.695517
v 1.906059 2.562834 0.510722
v 1.778165 3.140604 0.476453
v 1.982868 2.446407 0.261044
v 1.84982 3.031989 0.243529
v 2.027874 2.32468 0
v 1.891806 2.91843 0
v 2.038965 2.199507 -0.268435
v 1.902153 2.801656 -0.250423
v 2.014492 2.072976 -0.539782
v 1.879322 2.683614 -0.503563
v 1.953393 1.94738 -0.809122
v 1.822323 2.566446 -0.754831
v 1.730832 2.45245 -0.999297
v 1.855322 1.825185 -1.071171
v 1.605301 2.344036 -1.231791
v 1.720762 1.708973 -1.320388
v 1.447051 2.243657 -1.447054
v 1.55113 1.601375 -1.551133
v 0.375 3.724118 1.727803
v 0.375 3.188591 1.852665
v 0.58655 4.766251 1.416062
v 0.770702 4.728404 1.334899
v 0.945065 4.680251 1.231637
v 1.096467 4.626028 1.115353
v 1.064819 4.602464 1.06482
v 0.908932 4.658294 1.184548
v 0.741235 4.704605 1.283863
v 0.564123 4.741005 1.361923
v 0.379976 4.767203 1.418106
v 1.384463 4.478658 0.799319
v 1.254447 4.554783 0.962569
v 1.206486 4.537622 0.925767
v 1.331532 4.464407 0.768758
v 0.427005 4.255293 1.593612
v 0.375 4.232093 1.543859
v 0.375 2.582357 -1.994012
v 0.377698 3.248816 -1.838086
v 0.633942 4.225853 1.530477
v 0.832973 4.184948 1.442755
v 1.021424 4.132905 1.33115
v 0.985291 4.110948 1.284062
v 0.803506 4.16115 1.391719
v 0.611515 4.200607 1.476338
v 0.411898 4.229007 1.53724
v 1.615511 3.824216 0.669165
v 1.491402 4.397182 0.624592
v 1.496325 3.915024 0.863902
v 1.355803 3.9973 1.040343
v 1.307843 3.980138 1.00354
v 1.443394 3.900773 0.83334
v 1.558364 3.813178 0.645492
v 1.437593 4.383601 0.595467
v 1.622204 3.792599 -0.671939
v 1.753274 3.173533 -0.72623
v 1.808113 3.286262 -0.484483
v 1.672944 3.896901 -0.448264
v 1.830079 3.39983 -0.240934
v 1.693267 4.001979 -0.222923
v 1.820124 3.51218 0
v 1.684056 4.10593 0
v 1.779729 3.621437 0.234303
v 1.646681 4.207019 0.216787
v 1.710789 3.725936 0.458402
v 1.582895 4.303706 0.424133
v 1.650271 3.718374 0.442185
v 1.522377 4.296144 0.407916
v 1.716773 3.617571 0.226013
v 1.583725 4.203154 0.208497
v 1.755738 3.51218 0
v 1.619671 4.10593 0
v 1.765341 3.403805 -0.232412
v 1.628529 4.005953 -0.2144
v 1.744152 3.294254 -0.467344
v 1.560183 3.804579 -0.646249
v 1.691253 3.185513 -0.70054
v 0.525303 2.597999 -1.960468
v 0.486033 3.26009 -1.813909
v 0.715055 3.300942 -1.726301
v 0.772829 2.642152 -1.865782
v 0.9279 3.356492 -1.607174
v 1.002872 2.702189 -1.73703
v 1.120154 3.425206 -1.459816
v 1.21066 2.776456 -1.577766
v 1.077326 3.451231 -1.404005
v 1.167832 2.802481 -1.521955
v 0.892422 3.385145 -1.545729
v 0.967394 2.730842 -1.675585
v 0.687714 3.331719 -1.660301
v 0.506718 2.630337 -1.891118
v 0.467448 3.292429 -1.744559
v 1.288143 3.505258 -1.288145
v 1.392222 2.862975 -1.392224
v 1.429014 3.594613 -1.096522
v 1.544475 2.95955 -1.185118
v 1.54076 3.691122 -0.889559
v 1.665249 3.063856 -0.961433
v 1.481853 3.706981 -0.855549
v 1.606342 3.079716 -0.927423
v 1.374379 3.614162 -1.054599
v 1.48984 2.979099 -1.143195
v 1.238894 3.528223 -1.238896
v 1.342973 2.88594 -1.342975
v 0.375 2.616629 -1.920514
v 0.375 4.79517 1.478081
v 0.375 4.259644 1.602942
v 1.196603 4.070166 1.196604
v 1.154274 4.050427 1.154275
v 0.375 3.282808 -1.765191
v 0.226595 4.272059 1.629567
v 0.198753 4.809915 1.509701
v 0.19329 4.246514 1.574786
v 0.191153 4.783 1.451981
v 0.255708 3.198571 1.874066
v 0.241152 3.735315 1.751817
v 0.228981 3.172676 1.818534
v 0.211136 3.709595 1.69666
v 0.285589 1.906874 -2.16929
v 0.265724 2.570985 -2.018399
v 0.245859 3.235096 -1.867509
v 0.305454 1.242762 -2.32018
v 0.276186 1.940168 -2.09789
v 0.256322 2.604279 -1.947
v 0.236457 3.26839 -1.79611
v 0.296051 1.276056 -2.24878
v 0.375 4.580893 -1.528041
v 0.599505 4.618525 -1.447339
v 0.777956 4.665098 -1.347463
v 0.939142 4.722708 -1.223917
v 1.079985 4.789824 -1.079987
v 0.896315 4.748733 -1.168106
v 0.742479 4.69375 -1.286017
v 0.572165 4.649301 -1.381339
v 0.375 4.615165 -1.454544
v 1.198092 4.864739 -0.919329
v 1.29178 4.945652 -0.74581
v 1.360064 5.030732 -0.563357
v 1.402604 5.118179 -0.375827
v 1.537774 4.50754 -0.412045
v 1.419643 5.206277 -0.1869
v 1.556455 4.604128 -0.204911
v 1.411921 5.29343 0
v 1.547988 4.69968 0
v 1.380585 5.378184 0.181755
v 1.455001 4.881476 0.389864
v 1.327106 5.459247 0.355595
v 1.373968 4.965063 0.569115
v 1.253197 5.535485 0.51909
v 1.394483 4.873914 0.373647
v 1.266589 5.451684 0.339378
v 1.450677 4.788736 0.190981
v 1.317629 5.374318 0.173466
v 1.347535 5.29343 0
v 1.483603 4.69968 0
v 1.354905 5.210251 -0.178377
v 1.491717 4.608102 -0.196388
v 1.338643 5.126171 -0.358688
v 1.473813 4.515532 -0.394907
v 1.298043 5.042711 -0.537667
v 1.43185 4.429272 -0.579892
v 1.232873 4.961512 -0.7118
v 1.143457 4.884288 -0.877406
v 1.030736 4.812788 -1.030738
v 0.375 3.914714 -1.683365
v 1.15309 5.112267 0.884796
v 1.051734 5.669751 0.807023
v 1.009984 5.177 1.023616
v 0.9235 5.727972 0.931879
v 1.10513 5.095106 0.847994
v 1.003774 5.65259 0.770221
v 1.219671 5.028042 0.704175
v 1.10781 5.591676 0.639592
v 0.375 5.863658 1.222859
v 0.375 5.330003 1.351732
v 0.539158 5.306648 1.301648
v 0.491766 5.847046 1.187234
v 0.708431 5.271859 1.227042
v 0.64616 5.815315 1.119186
v 0.868706 5.227598 1.132123
v 0.792347 5.774944 1.03261
v 0.832573 5.20564 1.085035
v 0.756214 5.752986 0.985522
v 0.678964 5.248061 1.176006
v 0.616693 5.791516 1.06815
v 0.516732 5.281403 1.247509
v 0.46934 5.8218 1.133094
v 0.375 5.835222 1.161877
v 1.316821 4.954024 0.545442
v 1.19605 5.524446 0.495417
v 1.492216 4.41389 -0.612877
v 0.446762 3.922182 -1.667349
v 0.65728 3.959733 -1.58682
v 1.029648 4.073957 -1.341867
v 0.986821 4.099983 -1.286055
v 0.81745 4.039448 -1.415873
v 0.62994 3.99051 -1.52082
v 0.428178 3.95452 -1.597999
v 1.184064 4.147541 -1.184066
v 1.313553 4.229677 -1.007925
v 1.41627 4.318388 -0.817685
v 1.357363 4.334247 -0.783674
v 1.258918 4.249226 -0.966003
v 1.134815 4.170506 -1.134817
v 1.272602 5.042293 0.734736
v 1.160741 5.605927 0.670153
v 0.975364 5.1545 0.975365
v 0.885909 5.706536 0.88591
v 0.375 3.948986 -1.609867
v 0.225994 3.899207 -1.716619
v 0.206129 4.563319 -1.565729
v 0.216593 3.932501 -1.64522
v 0.196728 4.596612 -1.49433
v 0.182694 5.346785 1.387721
v 0.166636 5.883655 1.265741
v 0.175094 5.31987 1.330001
v 0.159036 5.85674 1.208021
v 0.331239 5.869884 1.23621
v 0.316133 5.843597 1.179837
v 0.521618 6.902226 0.903473
v 0.639629 6.869637 0.833584
v 0.707 6.810609 0.707
v 0.603497 6.847679 0.786495
v 0.492152 6.878428 0.852437
v 1.071318 6.614787 0.287057
v 1.011654 6.676331 0.41904
v 0.937018 6.733196 0.540987
v 0.849022 6.784718 0.651476
v 0.749329 6.830348 0.749329
v 0.801061 6.767557 0.614674
v 0.884087 6.718946 0.510426
v 0.954507 6.665293 0.395368
v 0.54173 5.277316 -1.307858
v 0.483956 5.936106 -1.168378
v 0.702984 5.3194 -1.217607
v 0.628011 5.973703 -1.087752
v 0.375 5.283737 -1.294087
v 0.848637 5.371459 -1.105968
v 0.758131 6.020209 -0.988018
v 0.80581 5.397484 -1.050156
v 0.715304 6.046235 -0.932206
v 0.667507 5.348053 -1.156161
v 0.592535 6.002356 -1.026306
v 0.514391 5.308092 -1.241858
v 0.456616 5.966883 -1.102377
v 0.975907 5.432106 -0.975908
v 0.871828 6.074389 -0.871829
v 1.082631 5.499803 -0.830733
v 0.96717 6.134866 -0.742137
v 1.167291 5.572918 -0.673936
v 1.042801 6.200184 -0.602062
v 1.228993 5.649798 -0.509066
v 1.097923 6.268865 -0.454775
v 1.267434 5.728818 -0.339608
v 1.132264 6.339457 -0.303389
v 1.203473 5.73681 -0.32247
v 1.068303 6.347449 -0.286251
v 1.166972 5.661778 -0.483376
v 1.035902 6.280844 -0.429085
v 1.108384 5.588778 -0.639926
v 0.983894 6.216043 -0.568052
v 1.027996 5.519352 -0.78881
v 0.912535 6.154415 -0.700214
v 0.926657 5.455071 -0.926659
v 0.822579 6.097354 -0.822581
v 1.282831 5.808426 -0.168888
v 1.14602 6.410575 -0.150876
v 1.275853 5.88718 0
v 1.139785 6.48093 0
v 1.247538 5.963766 0.164239
v 1.112002 6.553119 0.15481
v 1.199212 6.037017 0.321326
v 1.132426 6.105908 0.469065
v 1.075278 6.09487 0.445392
v 1.138695 6.029455 0.30511
v 1.0108 6.607225 0.270841
v 1.184581 5.9599 0.15595
v 1.051533 6.545483 0.138434
v 1.211467 5.88718 0
v 1.0754 6.48093 0
v 1.218093 5.8124 -0.160365
v 1.081281 6.414549 -0.142353
v 0.375 6.397314 1.093985
v 0.444374 6.387444 1.072819
v 0.583889 6.35877 1.011329
v 0.715988 6.32229 0.933097
v 0.679856 6.300333 0.886009
v 0.554423 6.334972 0.960293
v 0.421948 6.362198 1.01868
v 0.375 6.368877 1.033004
v 1.048879 6.169562 0.60557
v 0.950378 6.227234 0.72925
v 0.902417 6.210073 0.692447
v 0.995948 6.155311 0.575009
v 0.375 6.930969 0.965112
v 0.375 5.916671 -1.210056
v 0.375 5.247575 -1.371638
v 0.375 5.952324 -1.133598
v 0.837017 6.278944 0.840141
v 0.796454 6.258573 0.796455
v 0.150577 6.420524 1.143761
v 0.299317 6.408081 1.117076
v 0.134518 6.957394 1.02178
v 0.267396 6.946278 0.997942
v 0.284211 6.381793 1.060703
v 0.142977 6.393609 1.086041
v 0.25229 6.919991 0.941569
v 0.126918 6.930479 0.964061
v 0.1664 5.891541 -1.263949
v 0.186265 5.22743 -1.414839
v 0.328951 5.908457 -1.227671
v 0.310368 5.940796 -1.158321
v 0.156999 5.924835 -1.192549
v 0.176863 5.260724 -1.34344
v 0.553039 6.628006 -0.957896
v 0.478067 7.282309 -0.82804
v 0.667625 6.668961 -0.870069
v 0.57712 7.317711 -0.752119
v 0.767749 6.716672 -0.76775
v 0.66367 7.358955 -0.663671
v 0.624798 6.694986 -0.814257
v 0.710317 6.735738 -0.726864
v 0.534293 7.343737 -0.696307
v 0.517563 6.656659 -0.89645
v 0.442591 7.310961 -0.766594
v 0.398842 6.625674 -0.962896
v 0.38589 7.296163 -0.798329
v 0.375 6.621421 -0.972016
v 0.486911 7.964329 0.634557
v 0.52809 7.914683 0.52809
v 0.450779 7.942371 0.587469
v 0.851709 6.769929 -0.65354
v 0.736249 7.404992 -0.564944
v 0.918311 6.827449 -0.530188
v 0.793822 7.454715 -0.458314
v 0.966853 6.887931 -0.400484
v 0.835783 7.506998 -0.346193
v 0.997095 6.950096 -0.267171
v 0.861925 7.560735 -0.230952
v 1.009208 7.012724 -0.132865
v 0.872396 7.614873 -0.114853
v 1.003718 7.07468 0
v 0.86765 7.66843 0
v 0.981442 7.134931 0.129207
v 0.848394 7.720512 0.111692
v 0.81553 7.770327 0.218519
v 0.770112 7.817177 0.31899
v 0.713296 7.860465 0.41182
v 0.646309 7.899686 0.49593
v 0.570419 7.934421 0.57042
v 0.918485 7.131065 0.120919
v 0.939332 7.07468 0
v 0.803264 7.66843 0
v 0.944469 7.016699 -0.124342
v 0.807658 7.618847 -0.10633
v 0.933133 6.958088 -0.250033
v 0.797964 7.568727 -0.213814
v 0.904832 6.899911 -0.374794
v 0.773762 7.518977 -0.320503
v 0.859404 6.843308 -0.496178
v 0.734914 7.470574 -0.424304
v 0.797075 6.789478 -0.611618
v 0.681614 7.424541 -0.523021
v 0.614421 7.38192 -0.614423
v 0.598348 7.882525 0.459128
v 0.660364 7.846215 0.38126
v 0.712964 7.806139 0.295318
v 0.755012 7.762765 0.202303
v 0.785437 7.716648 0.103403
v 0.890883 7.246755 0.369015
v 0.825157 7.296831 0.476403
v 0.833735 7.235716 0.345343
v 0.459347 7.445682 0.795616
v 0.56327 7.416983 0.734071
v 0.527138 7.395025 0.686982
v 0.429881 7.421884 0.74458
v 0.375 7.433163 0.768768
v 0.747665 7.342202 0.573703
v 0.699705 7.325041 0.536901
v 0.772225 7.28258 0.445843
v 0.375 7.462592 0.831879
v 0.943424 7.192557 0.252788
v 0.882906 7.184996 0.236572
v 0.428671 6.595548 -1.027503
v 0.375 7.255409 -0.885725
v 0.375 7.993675 0.69749
v 0.375 7.963298 0.632347
v 0.659874 7.382385 0.659874
v 0.617545 7.362646 0.617545
v 0.375 6.585768 -1.048475
v 0.141624 6.555484 -1.113419
v 0.286264 6.570193 -1.081875
v 0.12667 7.219764 -0.962168
v 0.250411 7.232641 -0.934553
v 0.271933 6.603036 -1.011443
v 0.139261 6.589168 -1.041185
v 0.002616 6.584343 -1.051531
v 0.231828 7.26498 -0.865202
v 0.117269 7.253058 -0.890769
v 0.118459 7.494264 0.8998
v 0.235474 7.484475 0.878807
v 0.1024 8.031134 0.77782
v 0.203552 8.022672 0.759673
v 0.302199 8.008637 0.729576
v 0.220368 7.458188 0.822434
v 0.11086 7.467349 0.842081
v 0.279773 7.983392 0.675437
v 0.188447 7.996384 0.7033
v 0.094801 8.004218 0.7201
v 1.250502 2.490866 1.629689
v 1.326861 1.94352 1.729202
v 1.019785 2.554581 1.766325
v 1.082056 2.011125 1.874182
v 0.776117 2.60466 1.87372
v 0.823509 2.064262 1.988134
v 0.52277 2.640703 1.951015
v 0.554692 2.102506 2.070149
v 1.422639 2.394318 1.42264
v 1.512094 1.842281 1.512094
v 1.214368 2.468909 1.582601
v 1.290727 1.921563 1.682115
v 0.990318 2.530782 1.715289
v 1.052588 1.987327 1.823146
v 0.75369 2.579414 1.819581
v 0.801082 2.039016 1.933995
v 1.659872 2.324848 1.273662
v 1.761228 1.767365 1.351436
v 2.228327 1.73093 0
v 2.33854 1.25 0
v 1.831908 2.224121 1.057651
v 1.94377 1.660486 1.122234
v 1.977825 2.112948 0.81924
v 2.098596 1.542524 0.869265
v 2.094471 1.992626 0.561209
v 2.222365 1.414856 0.595478
v 2.178873 1.864691 0.286851
v 2.258297 1.25 0.241944
v 2.115916 1.860825 0.27856
v 1.611912 2.307687 1.23686
v 1.713268 1.750203 1.314633
v 1.778978 2.209869 1.027089
v 1.890839 1.646235 1.091672
v 1.920678 2.101909 0.795566
v 2.04145 1.531485 0.845591
v 2.161848 1.407293 0.57926
v 2.033953 1.985064 0.544991
v 2.240515 1.593384 -0.294969
v 2.318534 1.25 -0.305241
v 2.213623 1.454345 -0.593139
v 2.173359 1.33043 -0.799906
v 2.187073 1.28122 -0.794514
v 2.163941 1.73093 0
v 2.274154 1.25 0
v 2.175777 1.597358 -0.286446
v 2.254699 1.25 -0.296837
v 2.116802 1.39479 -0.720854
v 2.107153 1.374769 -0.763525
v 2.154938 1.25 -0.711517
v 2.149662 1.462337 -0.576
v 2.140656 1.25 -0.75359
v 0.375 2.625515 1.918443
v 0.375 2.089988 2.043304
v 1.464968 2.414056 1.464969
v 1.554423 1.862019 1.554424
v 0.507663 2.614416 1.894642
v 0.539584 2.076219 2.013777
v 2.322683 1.25 0.241944
v 2.185028 1.395566 -0.719192
v 2.174475 1.369392 -0.768902
v 2.207629 1.25 -0.75617
v 2.222786 1.25 -0.711517
v 2.105907 1.328786 -0.799906
v 2.119897 1.280063 -0.793357
v 0.375 2.653065 1.977526
v 0.375 2.117539 2.102387
v 0.279048 2.125566 2.119601
v 0.262989 2.662436 1.997621
v 0.271446 2.098651 2.061882
v 0.255387 2.635521 1.939902
v 1.653597 1.25 -1.653599
v 1.423612 1.25 -1.855291
v 1.169268 1.25 -2.025238
v 0.894918 1.25 -2.160532
v 0.605256 1.25 -2.258858
v 1.384415 1.25 -1.804212
v 1.137074 1.25 -1.969479
v 0.870277 1.25 -2.101048
v 0.588589 1.25 -2.196667
v 2.160529 1.25 -0.894921
v 2.025235 1.25 -1.169271
v 1.855289 1.25 -1.423614
v 2.101044 1.25 -0.870281
v 1.969475 1.25 -1.137077
v 1.804208 1.25 -1.384418
v 1.608069 1.25 -1.608072
v 2.14239 1.335675 -0.887407
v 2.082588 1.337173 -0.862637
v -2.253903 0.0625 -2.253903
v -1.944544 0.0625 -1.944544
v -2.12132 0.0625 -2.121321
v -2.253903 0 -2.253903
v -1.944544 0 -1.944544
v -2.12132 0 -2.121321
v -2.777037 0.0625 -0.744105
v -2.850404 0.0625 -0.375263
v -2.875 0.0625 -0.000001
v -2.68213 0.0625 -1.023691
v -2.383273 0.0625 -2.106385
v -2.492281 0.0625 -1.943243
v -2.579062 0.0625 -1.767268
v -2.642132 0.0625 -1.581471
v -2.68041 0.0625 -1.389032
v -2.693243 0.0625 -1.193243
v -1.970432 0.0625 -1.924679
v -2.000579 0.0625 -1.912192
v -2.032932 0.0625 -1.907932
v -2.065284 0.0625 -1.912192
v -2.095432 0.0625 -1.924679
v -2.12132 0.0625 -1.944544
v -2.141185 0.0625 -1.970432
v -2.153672 0.0625 -2.00058
v -2.157932 0.0625 -2.032932
v -2.153672 0.0625 -2.065284
v -2.141185 0.0625 -2.095432
v -2.777037 0 -0.744105
v -2.850404 0 -0.375263
v -2.875 0 -0.000001
v -2.68213 0 -1.023691
v -2.383273 0 -2.106385
v -2.492281 0 -1.943243
v -2.579062 0 -1.767268
v -2.642132 0 -1.581471
v -2.68041 0 -1.389032
v -2.693243 0 -1.193243
v -1.970432 0 -1.924679
v -2.000579 0 -1.912192
v -2.032932 0 -1.907932
v -2.065284 0 -1.912192
v -2.095432 0 -1.924679
v -2.12132 0 -1.944544
v -2.141185 0 -1.970432
v -2.153672 0 -2.00058
v -2.157932 0 -2.032932
v -2.153672 0 -2.065284
v -2.141185 0 -2.095432
v 2.253903 0.0625 2.253902
v 1.944544 0.0625 1.944543
v 2.12132 0.0625 2.12132
v 2.253903 0 2.253902
v 1.944544 0 1.944543
v 2.12132 0 2.12132
v 0.744105 0.0625 2.777036
v 0.375263 0.0625 2.850404
v 0.000001 0.0625 2.875
v 1.023691 0.0625 2.68213
v 2.106385 0.0625 2.383273
v 1.943242 0.0625 2.492281
v 1.767268 0.0625 2.579062
v 1.581471 0.0625 2.642131
v 1.389032 0.0625 2.68041
v 1.193243 0.0625 2.693243
v 1.924679 0.0625 1.970432
v 1.912191 0.0625 2.000579
v 1.907932 0.0625 2.032932
v 1.912191 0.0625 2.065284
v 1.924679 0.0625 2.095432
v 1.944544 0.0625 2.12132
v 1.970432 0.0625 2.141185
v 2.00058 0.0625 2.153672
v 2.032932 0.0625 2.157932
v 2.065284 0.0625 2.153672
v 2.095432 0.0625 2.141185
v 0.744105 0 2.777036
v 0.375263 0 2.850404
v 0.000001 0 2.875
v 1.023691 0 2.68213
v 2.106385 0 2.383273
v 1.943242 0 2.492281
v 1.767268 0 2.579062
v 1.581471 0 2.642131
v 1.389032 0 2.68041
v 1.193243 0 2.693243
v 1.924679 0 1.970432
v 1.912191 0 2.000579
v 1.907932 0 2.032932
v 1.912191 0 2.065284
v 1.924679 0 2.095432
v 1.944544 0 2.12132
v 1.970432 0 2.141185
v 2.00058 0 2.153672
v 2.032932 0 2.157932
v 2.065284 0 2.153672
v 2.095432 0 2.141185
v -2.777035 0.0625 0.744104
v -2.850403 0.0625 0.375262
v -2.682129 0.0625 1.02369
v -2.253901 0.0625 2.253902
v -2.383272 0.0625 2.106384
v -2.49228 0.0625 1.943241
v -2.579061 0.0625 1.767267
v -2.64213 0.0625 1.58147
v -2.680409 0.0625 1.389031
v -2.693242 0.0625 1.193242
v -1.944543 0.0625 1.944543
v -1.970431 0.0625 1.924678
v -2.000578 0.0625 1.91219
v -2.032931 0.0625 1.907931
v -2.065283 0.0625 1.91219
v -2.095431 0.0625 1.924678
v -2.121319 0.0625 1.944543
v -2.141184 0.0625 1.970431
v -2.153671 0.0625 2.000578
v -2.15793 0.0625 2.032931
v -2.153671 0.0625 2.065283
v -2.141184 0.0625 2.095431
v -2.121319 0.0625 2.12132
v -2.777035 0 0.744104
v -2.850403 0 0.375262
v -2.682129 0 1.02369
v -2.253901 0 2.253902
v -2.383272 0 2.106384
v -2.49228 0 1.943241
v -2.579061 0 1.767267
v -2.64213 0 1.58147
v -2.680409 0 1.389031
v -2.693242 0 1.193242
v -1.944543 0 1.944543
v -1.970431 0 1.924678
v -2.000578 0 1.91219
v -2.032931 0 1.907931
v -2.065283 0 1.91219
v -2.095431 0 1.924678
v -2.121319 0 1.944543
v -2.141184 0 1.970431
v -2.153671 0 2.000578
v -2.15793 0 2.032931
v -2.153671 0 2.065283
v -2.141184 0 2.095431
v -2.121319 0 2.12132
v -0.744104 0.0625 2.777036
v -0.375262 0.0625 2.850404
v -1.023689 0.0625 2.682129
v -2.106383 0.0625 2.383272
v -1.943241 0.0625 2.49228
v -1.767267 0.0625 2.579062
v -1.58147 0.0625 2.642131
v -1.38903 0.0625 2.680409
v -1.193241 0.0625 2.693242
v -1.924678 0.0625 1.970431
v -1.91219 0.0625 2.000579
v -1.907931 0.0625 2.032931
v -1.91219 0.0625 2.065284
v -1.924677 0.0625 2.095431
v -1.944543 0.0625 2.12132
v -1.970431 0.0625 2.141185
v -2.000578 0.0625 2.153672
v -2.032931 0.0625 2.157931
v -2.065283 0.0625 2.153672
v -2.095431 0.0625 2.141184
v -0.744104 0 2.777036
v -0.375262 0 2.850404
v -1.023689 0 2.682129
v -2.106383 0 2.383272
v -1.943241 0 2.49228
v -1.767267 0 2.579062
v -1.58147 0 2.642131
v -1.38903 0 2.680409
v -1.193241 0 2.693242
v -1.924678 0 1.970431
v -1.91219 0 2.000579
v -1.907931 0 2.032931
v -1.91219 0 2.065284
v -1.924677 0 2.095431
v -1.944543 0 2.12132
v -1.970431 0 2.141185
v -2.000578 0 2.153672
v -2.032931 0 2.157931
v -2.065283 0 2.153672
v -2.095431 0 2.141184
v -0.744105 0.0625 -2.777037
v -0.375263 0.0625 -2.850404
v 0 0.0625 -2.875
v -1.023691 0.0625 -2.68213
v -2.106385 0.0625 -2.383273
v -1.943242 0.0625 -2.492281
v -1.767267 0.0625 -2.579063
v -1.581471 0.0625 -2.642132
v -1.389031 0.0625 -2.68041
v -1.193242 0.0625 -2.693244
v -1.924679 0.0625 -1.970432
v -1.912191 0.0625 -2.00058
v -1.907932 0.0625 -2.032932
v -1.912191 0.0625 -2.065284
v -1.924679 0.0625 -2.095432
v -1.944544 0.0625 -2.121321
v -1.970432 0.0625 -2.141186
v -2.00058 0.0625 -2.153673
v -2.032932 0.0625 -2.157932
v -2.065284 0.0625 -2.153673
v -2.095432 0.0625 -2.141185
v -0.744105 0 -2.777037
v -0.375263 0 -2.850404
v 0 0 -2.875
v -1.023691 0 -2.68213
v -2.106385 0 -2.383273
v -1.943242 0 -2.492281
v -1.767267 0 -2.579063
v -1.581471 0 -2.642132
v -1.389031 0 -2.68041
v -1.193242 0 -2.693244
v -1.924679 0 -1.970432
v -1.912191 0 -2.00058
v -1.907932 0 -2.032932
v -1.912191 0 -2.065284
v -1.924679 0 -2.095432
v -1.944544 0 -2.121321
v -1.970432 0 -2.141186
v -2.00058 0 -2.153673
v -2.032932 0 -2.157932
v -2.065284 0 -2.153673
v -2.095432 0 -2.141185
v 2.777037 0.0625 0.744105
v 2.850404 0.0625 0.375263
v 2.875 0.0625 0
v 2.68213 0.0625 1.02369
v 2.383273 0.0625 2.106384
v 2.492281 0.0625 1.943242
v 2.579062 0.0625 1.767267
v 2.642132 0.0625 1.58147
v 2.680411 0.0625 1.389032
v 2.693243 0.0625 1.193242
v 1.970432 0.0625 1.924679
v 2.00058 0.0625 1.912191
v 2.032932 0.0625 1.907932
v 2.065284 0.0625 1.912191
v 2.095432 0.0625 1.924678
v 2.12132 0.0625 1.944543
v 2.141186 0.0625 1.970432
v 2.153673 0.0625 2.000579
v 2.157932 0.0625 2.032932
v 2.153672 0.0625 2.065284
v 2.141185 0.0625 2.095432
v 2.777037 0 0.744105
v 2.850404 0 0.375263
v 2.875 0 0
v 2.68213 0 1.02369
v 2.383273 0 2.106384
v 2.492281 0 1.943242
v 2.579062 0 1.767267
v 2.642132 0 1.58147
v 2.680411 0 1.389032
v 2.693243 0 1.193242
v 1.970432 0 1.924679
v 2.00058 0 1.912191
v 2.032932 0 1.907932
v 2.065284 0 1.912191
v 2.095432 0 1.924678
v 2.12132 0 1.944543
v 2.141186 0 1.970432
v 2.153673 0 2.000579
v 2.157932 0 2.032932
v 2.153672 0 2.065284
v 2.141185 0 2.095432
v 0.744104 0.0625 -2.777035
v 0.375262 0.0625 -2.850403
v 1.02369 0.0625 -2.682129
v 2.253902 0.0625 -2.253902
v 2.106384 0.0625 -2.383272
v 1.943242 0.0625 -2.49228
v 1.767267 0.0625 -2.579062
v 1.58147 0.0625 -2.642131
v 1.389031 0.0625 -2.68041
v 1.193242 0.0625 -2.693242
v 1.944543 0.0625 -1.944543
v 1.924678 0.0625 -1.970431
v 1.912191 0.0625 -2.000579
v 1.907931 0.0625 -2.032931
v 1.912191 0.0625 -2.065284
v 1.924678 0.0625 -2.095431
v 1.944543 0.0625 -2.12132
v 1.970432 0.0625 -2.141185
v 2.000579 0.0625 -2.153672
v 2.032931 0.0625 -2.157931
v 2.065284 0.0625 -2.153672
v 2.095431 0.0625 -2.141184
v 2.12132 0.0625 -2.121319
v 0.744104 0 -2.777035
v 0.375262 0 -2.850403
v 1.02369 0 -2.682129
v 2.253902 0 -2.253902
v 2.106384 0 -2.383272
v 1.943242 0 -2.49228
v 1.767267 0 -2.579062
v 1.58147 0 -2.642131
v 1.389031 0 -2.68041
v 1.193242 0 -2.693242
v 1.944543 0 -1.944543
v 1.924678 0 -1.970431
v 1.912191 0 -2.000579
v 1.907931 0 -2.032931
v 1.912191 0 -2.065284
v 1.924678 0 -2.095431
v 1.944543 0 -2.12132
v 1.970432 0 -2.141185
v 2.000579 0 -2.153672
v 2.032931 0 -2.157931
v 2.065284 0 -2.153672
v 2.095431 0 -2.141184
v 2.12132 0 -2.121319
v 2.777036 0.0625 -0.744104
v 2.850404 0.0625 -0.375262
v 2.682129 0.0625 -1.02369
v 2.383272 0.0625 -2.106384
v 2.49228 0.0625 -1.943241
v 2.579062 0.0625 -1.767267
v 2.642131 0.0625 -1.58147
v 2.68041 0.0625 -1.389031
v 2.693243 0.0625 -1.193242
v 1.970432 0.0625 -1.924678
v 2.000579 0.0625 -1.912191
v 2.032931 0.0625 -1.907931
v 2.065284 0.0625 -1.912191
v 2.095431 0.0625 -1.924678
v 2.12132 0.0625 -1.944543
v 2.141185 0.0625 -1.970432
v 2.153672 0.0625 -2.000579
v 2.157932 0.0625 -2.032931
v 2.153672 0.0625 -2.065284
v 2.141185 0.0625 -2.095431
v 2.777036 0 -0.744104
v 2.850404 0 -0.375262
v 2.682129 0 -1.02369
v 2.383272 0 -2.106384
v 2.49228 0 -1.943241
v 2.579062 0 -1.767267
v 2.642131 0 -1.58147
v 2.68041 0 -1.389031
v 2.693243 0 -1.193242
v 1.970432 0 -1.924678
v 2.000579 0 -1.912191
v 2.032931 0 -1.907931
v 2.065284 0 -1.912191
v 2.095431 0 -1.924678
v 2.12132 0 -1.944543
v 2.141185 0 -1.970432
v 2.153672 0 -2.000579
v 2.157932 0 -2.032931
v 2.153672 0 -2.065284
v 2.141185 0 -2.095431
v 0.957872 0.0625 2.394167
v 1.064338 0.0625 2.603364
v 1.088256 0.0625 2.593457
v 1.03752 0.0625 2.586452
v 1.023509 0.0625 2.552627
v 0.938359 0.285007 2.347057
v 0.934194 0.332503 2.337001
v 0.948161 0.366088 2.322885
v 1.015614 0.0625 2.370249
v 1.09526 0.0625 2.562535
v 1.08125 0.0625 2.52871
v 0.9961 0.285007 2.32314
v 0.991935 0.332503 2.313084
v 0.972077 0.366088 2.312979
v -1.015614 0.0625 -2.370249
v -1.088256 0.0625 -2.593457
v -1.064338 0.0625 -2.603364
v -1.09526 0.0625 -2.562535
v -1.08125 0.0625 -2.52871
v -0.9961 0.285007 -2.32314
v -0.991935 0.332503 -2.313084
v -0.972077 0.366088 -2.312979
v -0.957872 0.0625 -2.394167
v -1.03752 0.0625 -2.586452
v -1.023509 0.0625 -2.552627
v -0.938359 0.285007 -2.347057
v -0.934194 0.332503 -2.337001
v -0.948161 0.366088 -2.322885
v -2.394167 0.0625 -0.957872
v -2.603364 0.0625 -1.064338
v -2.593458 0.0625 -1.088256
v -2.586452 0.0625 -1.037519
v -2.552627 0.0625 -1.023509
v -2.347057 0.285007 -0.938359
v -2.337001 0.332503 -0.934194
v -2.322885 0.366088 -0.948161
v -2.370249 0.0625 -1.015614
v -2.562535 0.0625 -1.09526
v -2.52871 0.0625 -1.08125
v -2.32314 0.285007 -0.9961
v -2.313084 0.332503 -0.991935
v -2.312979 0.366088 -0.972077
v 2.370249 0.0625 1.015614
v 2.593458 0.0625 1.088256
v 2.603364 0.0625 1.064338
v 2.562535 0.0625 1.09526
v 2.52871 0.0625 1.08125
v 2.32314 0.285007 0.9961
v 2.313084 0.332503 0.991935
v 2.312979 0.366088 0.972077
v 2.394167 0.0625 0.957872
v 2.586452 0.0625 1.037519
v 2.552627 0.0625 1.023509
v 2.347057 0.285007 0.938359
v 2.337001 0.332503 0.934194
v 2.322885 0.366088 0.948161
v 2.394167 0.0625 -0.957872
v 2.603364 0.0625 -1.064338
v 2.593457 0.0625 -1.088256
v 2.586452 0.0625 -1.037519
v 2.552627 0.0625 -1.023509
v 2.347057 0.285007 -0.938359
v 2.337001 0.332503 -0.934194
v 2.322885 0.366088 -0.948161
v 2.370249 0.0625 -1.015614
v 2.562535 0.0625 -1.09526
v 2.52871 0.0625 -1.08125
v 2.32314 0.285007 -0.9961
v 2.313084 0.332503 -0.991935
v 2.312979 0.366088 -0.972077
v -2.370249 0.0625 1.015614
v -2.593457 0.0625 1.088256
v -2.603364 0.0625 1.064338
v -2.562535 0.0625 1.09526
v -2.52871 0.0625 1.08125
v -2.32314 0.285007 0.9961
v -2.313084 0.332503 0.991935
v -2.312979 0.366088 0.972077
v -2.394167 0.0625 0.957872
v -2.586452 0.0625 1.037519
v -2.552627 0.0625 1.023509
v -2.347057 0.285007 0.938359
v -2.337001 0.332503 0.934194
v -2.322885 0.366088 0.948161
v -0.957872 0.0625 2.394166
v -1.064338 0.0625 2.603364
v -1.088256 0.0625 2.593457
v -1.037519 0.0625 2.586452
v -1.023509 0.0625 2.552627
v -0.938359 0.285007 2.347057
v -0.934194 0.332503 2.337001
v -0.948161 0.366088 2.322885
v -1.015614 0.0625 2.370249
v -1.09526 0.0625 2.562535
v -1.08125 0.0625 2.52871
v -0.9961 0.285007 2.32314
v -0.991935 0.332503 2.313084
v -0.972077 0.366088 2.312979
v 1.015614 0.0625 -2.370249
v 1.088256 0.0625 -2.593457
v 1.064338 0.0625 -2.603364
v 1.09526 0.0625 -2.562535
v 1.08125 0.0625 -2.52871
v 0.9961 0.285007 -2.32314
v 0.991935 0.332503 -2.313084
v 0.972077 0.366088 -2.312979
v 0.957872 0.0625 -2.394166
v 1.037519 0.0625 -2.586452
v 1.023509 0.0625 -2.552627
v 0.938359 0.285007 -2.347057
v 0.934194 0.332503 -2.337001
v 0.948161 0.366088 -2.322885
v -1.802808 0.625 1.821114
v -1.77692 0.625 1.821114
v -1.758614 0.625 1.802808
v -1.723573 0.625 1.767767
v -1.767767 0.625 1.723573
v -1.802808 0.625 1.758614
v -1.821114 0.625 1.77692
v -1.821114 0.625 1.802808
v -1.802808 0.25 1.821114
v -1.77692 0.25 1.821114
v -1.758614 0.25 1.802808
v -1.802808 0.25 1.758614
v -1.821114 0.25 1.77692
v -1.821114 0.25 1.802808
v 1.821114 0.625 -1.802808
v 1.821114 0.625 -1.77692
v 1.802808 0.625 -1.758614
v 1.767767 0.625 -1.723573
v 1.723573 0.625 -1.767767
v 1.758614 0.625 -1.802808
v 1.77692 0.625 -1.821114
v 1.802808 0.625 -1.821114
v 1.821114 0.25 -1.802808
v 1.821114 0.25 -1.77692
v 1.802808 0.25 -1.758614
v 1.758614 0.25 -1.802808
v 1.77692 0.25 -1.821114
v 1.802808 0.25 -1.821114
v -1.802808 0.625 -1.821114
v -1.77692 0.625 -1.821114
v -1.758614 0.625 -1.802808
v -1.723573 0.625 -1.767767
v -1.767767 0.625 -1.723573
v -1.802809 0.625 -1.758614
v -1.821114 0.625 -1.77692
v -1.821114 0.625 -1.802808
v -1.802808 0.25 -1.821114
v -1.77692 0.25 -1.821114
v -1.758614 0.25 -1.802808
v -1.802809 0.25 -1.758614
v -1.821114 0.25 -1.77692
v -1.821114 0.25 -1.802808
v 1.821114 0.625 1.802808
v 1.821114 0.625 1.77692
v 1.802808 0.625 1.758614
v 1.767767 0.625 1.723573
v 1.723573 0.625 1.767767
v 1.758614 0.625 1.802808
v 1.77692 0.625 1.821114
v 1.802808 0.625 1.821114
v 1.821114 0.25 1.802808
v 1.821114 0.25 1.77692
v 1.802808 0.25 1.758614
v 1.758614 0.25 1.802808
v 1.77692 0.25 1.821114
v 1.802808 0.25 1.821114

# Number of normals: 4395
vn -0.943466 0.223451 -0.244831
vn 0 1 0
vn 0.944365 -0.223876 0.240947
vn 0 1 0
vn -1 0 0
vn 0.000003 -0.90631 0.422614
vn 0.354423 -0.22687 -0.907146
vn 0 0.906308 -0.422618
vn -0.964669 0.223446 0.139589
vn -1 0 0
vn 0 0.906308 -0.422618
vn 0.240657 -0.222253 -0.944822
vn -0.498938 0.224297 -0.837109
vn -0.000001 0.906307 -0.42262
vn 0.380153 -0.22374 0.897454
vn 0 0.906309 -0.422617
vn -0.000001 -0.906308 0.422618
vn 0.938041 -0.222966 0.265263
vn 0.000001 -0.906309 0.422616
vn -1 0 0
vn 0.184042 -0.223218 -0.957237
vn 0 0.906307 -0.422619
vn 0.260911 -0.224706 0.938846
vn 0.000002 0.906307 -0.422619
vn -1 0 0
vn 0.184798 -0.223744 -0.956968
vn 0 1 0
vn 0 1 0
vn 0.001592 0.991161 -0.132655
vn 0.001676 0.923188 -0.384346
vn 0.001556 0.792484 -0.60989
vn 0.001254 0.60794 -0.793982
vn 0.000812 0.382108 -0.924117
vn 0.000283 0.241071 -0.970507
vn -0.003037 0.223375 -0.974728
vn 0 0.223376 -0.974732
vn 0 1 0
vn 0 1 0
vn 0 1 0
vn 0 1 0
vn 0 1 0
vn 0 1 0
vn 0 1 0
vn -0.094928 0.991161 -0.092675
vn -0.093989 0.988009 -0.122489
vn -0.064948 0.991161 -0.115679
vn -0.049293 0.991161 -0.123167
vn -0.032795 0.991161 -0.128547
vn -0.015736 0.991161 -0.131728
vn -0.27296 0.923188 -0.270587
vn -0.246099 0.914644 -0.320721
vn -0.190721 0.923188 -0.333692
vn -0.145534 0.923188 -0.355731
vn -0.097856 0.923188 -0.371684
vn -0.048505 0.923188 -0.381277
vn -0.43236 0.792484 -0.430155
vn -0.381489 0.77929 -0.497165
vn -0.303597 0.792484 -0.528959
vn -0.231956 0.792484 -0.564061
vn -0.156347 0.792484 -0.589512
vn -0.078063 0.792484 -0.604876
vn -0.56232 0.60794 -0.56054
vn -0.491027 0.5911 -0.639917
vn -0.395903 0.60794 -0.688236
vn -0.302683 0.60794 -0.734024
vn -0.204284 0.60794 -0.767253
vn -0.10239 0.60794 -0.787353
vn -0.646601 0.382091 -0.660238
vn -0.560601 0.371857 -0.739898
vn -0.461353 0.382108 -0.800716
vn -0.352892 0.382108 -0.854085
vn -0.238392 0.382108 -0.89284
vn -0.119814 0.382108 -0.916318
vn -0.686056 0.241071 -0.686449
vn -0.590584 0.241071 -0.770127
vn -0.485007 0.241071 -0.840627
vn -0.371134 0.241071 -0.896741
vn -0.25091 0.241071 -0.937512
vn -0.126394 0.241071 -0.962242
vn -0.691388 0.223374 -0.687085
vn -0.595787 0.223375 -0.771454
vn -0.489992 0.223375 -0.842622
vn -0.375816 0.223374 -0.89937
vn -0.25521 0.223374 -0.940729
vn -0.130237 0.223374 -0.965993
vn -0.684949 0.223372 -0.693506
vn 0 1 0
vn -0.588568 0.223372 -0.776977
vn 0 1 0
vn -0.482117 0.223372 -0.847153
vn 0 1 0
vn -0.367417 0.223372 -0.902834
vn 0 1 0
vn -0.247494 0.223374 -0.942789
vn 0 1 0
vn -0.122859 0.223374 -0.966959
vn 0 1 0
vn 0 -1 0
vn 0 -0.939857 0.341569
vn -0.001485 -0.526771 0.850006
vn 0.001443 -0.223382 0.97473
vn -0.002596 -0.223372 0.97473
vn 0.000252 -0.241075 0.970506
vn 0.000689 -0.38224 0.924063
vn 0.001065 -0.608137 0.793831
vn 0.001328 -0.792711 0.609597
vn 0.001451 -0.923381 0.383881
vn 0.001426 -0.991248 0.132006
vn 0 -1 0
vn 0 -1 0
vn -0.000001 -1 -0.000001
vn 0 -1 0
vn 0 -1 0
vn 0 -1 0
vn 0 -1 -0.000001
vn 0 -1 -0.000001
vn 0.304352 -0.901806 0.306782
vn 0.201004 -0.943312 0.264121
vn 0.16481 -0.943312 0.288098
vn 0.168513 -0.89572 0.411446
vn 0.200153 -0.78248 0.589631
vn 0.020591 -0.949148 0.314158
vn 0.59648 -0.537109 0.596427
vn 0.513528 -0.537109 0.66918
vn 0.421789 -0.537109 0.730485
vn 0.322833 -0.537109 0.77929
vn 0.244733 -0.444229 0.861839
vn 0.099998 -0.444205 0.890327
vn 0.68806 -0.22338 0.690417
vn 0.592056 -0.22338 0.77432
vn 0.485921 -0.22338 0.844975
vn 0.371473 -0.22338 0.901171
vn 0.253673 -0.223384 0.941143
vn 0.128582 -0.223384 0.966212
vn 0.687406 -0.223372 0.69107
vn 0.591319 -0.223372 0.774885
vn 0.485115 -0.223372 0.84544
vn 0.370612 -0.223372 0.901527
vn 0.249768 -0.223372 0.942189
vn 0.124652 -0.223372 0.96673
vn 0.686434 -0.241075 0.686069
vn 0.591008 -0.241075 0.7698
vn 0.48547 -0.241075 0.840358
vn 0.371627 -0.241075 0.896536
vn 0.251427 -0.241075 0.937373
vn 0.126924 -0.241075 0.962171
vn 0.653902 -0.382241 0.65292
vn 0.563081 -0.38224 0.732688
vn 0.462626 -0.38224 0.799918
vn 0.354258 -0.38224 0.85346
vn 0.239828 -0.38224 0.892398
vn 0.121295 -0.38224 0.916068
vn 0.56208 -0.608137 0.560567
vn 0.4841 -0.608137 0.629139
vn 0.397836 -0.608137 0.686946
vn 0.304768 -0.608137 0.732997
vn 0.206486 -0.608137 0.766507
vn 0.10467 -0.608137 0.786901
vn 0.431992 -0.792711 0.430108
vn 0.372154 -0.792711 0.482816
vn 0.305948 -0.792711 0.527263
vn 0.234508 -0.792711 0.562686
vn 0.159057 -0.792711 0.588482
vn 0.080884 -0.792711 0.604208
vn 0.272473 -0.923381 0.270417
vn 0.234844 -0.923381 0.30367
vn 0.193196 -0.923381 0.331726
vn 0.148244 -0.923381 0.354105
vn 0.100756 -0.923382 0.370425
vn 0.051544 -0.923382 0.380407
vn 0.094351 -0.991248 0.092333
vn 0.081492 -0.991248 0.103859
vn 0.067237 -0.991248 0.113608
vn 0.051833 -0.991248 0.121412
vn 0.035542 -0.991248 0.127139
vn 0.018643 -0.991248 0.13069
vn 0 -1 0
vn 0 -1 0
vn 0 -1 0
vn 0 -1 0
vn 0 -1 0
vn 0 -1 0
vn -0.002116 0.223376 -0.97473
vn -0.132719 0.223373 -0.965655
vn -0.258349 0.22292 -0.93998
vn -0.3782 0.222902 -0.898487
vn -0.492545 0.223372 -0.841133
vn -0.598335 0.223372 -0.769481
vn -0.693898 0.223371 -0.684552
vn 0.00077 0.223376 -0.974732
vn -0.126463 0.223376 -0.966494
vn -0.251533 0.223376 -0.941719
vn -0.3723 0.223376 -0.90083
vn -0.486697 0.223376 -0.844529
vn -0.592769 0.223376 -0.773775
vn -0.688698 0.223376 -0.689781
vn 0.69089 -0.223376 0.687586
vn 0.594944 -0.223376 0.772104
vn 0.488831 -0.223376 0.843296
vn 0.373163 -0.219828 0.901346
vn 0.257976 -0.220176 0.940729
vn 0.128441 -0.223376 0.966233
vn -0.001954 -0.223376 0.97473
vn 0.689798 -0.223376 0.688682
vn 0.594002 -0.223376 0.772829
vn 0.488044 -0.223376 0.843751
vn 0.373737 -0.223376 0.900236
vn 0.253035 -0.223376 0.941316
vn 0.128004 -0.223376 0.966291
vn 0.000785 -0.223376 0.974732
vn 0 1 0
vn -0.001592 0.991161 0.132655
vn -0.001676 0.923188 0.384346
vn -0.001556 0.792484 0.60989
vn -0.001254 0.60794 0.793982
vn -0.000812 0.382108 0.924117
vn -0.000283 0.241071 0.970507
vn 0.003037 0.223375 0.974728
vn -0.000001 0.223376 0.974732
vn 0 1 0
vn 0 1 0
vn 0 1 0
vn 0 1 0
vn 0 1 0
vn 0 1 0
vn 0 1 0
vn -0.094928 0.991161 0.092675
vn -0.082019 0.991161 0.104273
vn -0.067706 0.991161 0.114087
vn -0.052236 0.991161 0.121948
vn -0.035872 0.991161 0.127723
vn -0.018894 0.991161 0.131312
vn -0.27296 0.923188 0.270587
vn -0.235305 0.923188 0.303902
vn -0.193623 0.923188 0.332016
vn -0.14863 0.923188 0.354448
vn -0.101094 0.923188 0.370816
vn -0.051828 0.923188 0.380839
vn -0.43236 0.792484 0.430155
vn -0.372513 0.792484 0.482911
vn -0.306291 0.792484 0.527403
vn -0.234831 0.792484 0.56287
vn -0.159352 0.792484 0.588707
vn -0.081148 0.792484 0.60447
vn -0.56232 0.60794 0.56054
vn -0.484341 0.60794 0.629144
vn -0.398076 0.60794 0.686982
vn -0.305001 0.60794 0.733064
vn -0.206707 0.60794 0.766604
vn -0.104877 0.60794 0.787026
vn -0.654027 0.382108 0.652872
vn -0.563212 0.382108 0.732657
vn -0.46276 0.382108 0.799904
vn -0.354393 0.382108 0.853463
vn -0.239961 0.382108 0.892419
vn -0.121425 0.382108 0.916106
vn -0.686456 0.241071 0.686049
vn -0.591032 0.241071 0.769783
vn -0.485497 0.241071 0.840344
vn -0.371656 0.241071 0.896525
vn -0.251456 0.241071 0.937366
vn -0.126955 0.241071 0.962168
vn -0.687092 0.223375 0.691381
vn -0.590967 0.223375 0.775152
vn -0.484731 0.223375 0.845659
vn -0.370204 0.223374 0.901695
vn -0.249342 0.223374 0.942302
vn -0.124214 0.223374 0.966786
vn -0.692338 0.223374 0.686128
vn 0 1 0
vn -0.596679 0.223374 0.770765
vn 0 1 0
vn -0.490813 0.223374 0.842144
vn 0 1 0
vn -0.376563 0.223374 0.899058
vn 0 1 0
vn -0.255889 0.223374 0.940545
vn 0 1 0
vn -0.130869 0.223374 0.965907
vn 0 1 0
vn 0 -1 0
vn 0.00132 -0.943312 -0.331906
vn -0.000037 -0.537109 -0.843513
vn -0.001364 -0.223381 -0.97473
vn 0.002596 -0.223372 -0.97473
vn -0.000252 -0.241075 -0.970506
vn -0.000689 -0.38224 -0.924063
vn -0.001065 -0.608137 -0.793831
vn -0.001328 -0.792711 -0.609597
vn -0.001451 -0.923381 -0.383881
vn -0.001426 -0.991248 -0.132006
vn 0 -1 0
vn -0.000001 -1 0.000001
vn 0 -1 0
vn 0 -1 0
vn 0 -1 0
vn 0 -1 0
vn 0 -1 0
vn -0.000001 -1 -0.000001
vn 0.410559 -0.782481 -0.468151
vn 0.264432 -0.901806 -0.341792
vn 0.167095 -0.943312 -0.286778
vn 0.17178 -0.895721 -0.410093
vn 0.113505 -0.901806 -0.416968
vn 0.04463 -0.943312 -0.328892
vn 0.624011 -0.444223 -0.642866
vn 0.513468 -0.537111 -0.669226
vn 0.421723 -0.537112 -0.730521
vn 0.322764 -0.537109 -0.779318
vn 0.21828 -0.537112 -0.814779
vn 0.110063 -0.537111 -0.8363
vn 0.689803 -0.223378 -0.688675
vn 0.593917 -0.223383 -0.772893
vn 0.487872 -0.223383 -0.843849
vn 0.373487 -0.22338 -0.900338
vn 0.25272 -0.223384 -0.941399
vn 0.127648 -0.223382 -0.966337
vn 0.691078 -0.223372 -0.687398
vn 0.595439 -0.223372 -0.771724
vn 0.489612 -0.223372 -0.842844
vn 0.375409 -0.223372 -0.89954
vn 0.254784 -0.223372 -0.940845
vn 0.1298 -0.223372 -0.966052
vn 0.686078 -0.241075 -0.686426
vn 0.590608 -0.241075 -0.770107
vn 0.485033 -0.241075 -0.84061
vn 0.371162 -0.241075 -0.896728
vn 0.25094 -0.241075 -0.937503
vn 0.126425 -0.241075 -0.962237
vn 0.652928 -0.382241 -0.653894
vn 0.561988 -0.38224 -0.733527
vn 0.461433 -0.38224 -0.800607
vn 0.352985 -0.38224 -0.853987
vn 0.238497 -0.38224 -0.892755
vn 0.11993 -0.38224 -0.916247
vn 0.556001 -0.608121 -0.566615
vn 0.483203 -0.600319 -0.637285
vn 0.395991 -0.608137 -0.688011
vn 0.3028 -0.608137 -0.733813
vn 0.204428 -0.608137 -0.767058
vn 0.102558 -0.608137 -0.787179
vn 0.431992 -0.79271 -0.430108
vn 0.380292 -0.780868 -0.495605
vn 0.303647 -0.792711 -0.528591
vn 0.232054 -0.79271 -0.563703
vn 0.156491 -0.792711 -0.589169
vn 0.07825 -0.792711 -0.604555
vn 0.272473 -0.923381 -0.270417
vn 0.244698 -0.915657 -0.318896
vn 0.190683 -0.923381 -0.333177
vn 0.145564 -0.923381 -0.355215
vn 0.097953 -0.923382 -0.371176
vn 0.048667 -0.923381 -0.380786
vn 0.094351 -0.991248 -0.092333
vn 0.092538 -0.988379 -0.120597
vn 0.064768 -0.991248 -0.115033
vn 0.049199 -0.991248 -0.122503
vn 0.032788 -0.991248 -0.127877
vn 0.015816 -0.991248 -0.131063
vn 0 -1 0
vn 0 -1 0
vn 0 -1 0
vn 0 -1 0
vn 0 -1 0
vn 0 -1 0
vn 0.001997 0.223376 0.97473
vn -0.120555 0.223371 0.96725
vn -0.245804 0.223371 0.943232
vn -0.366901 0.223371 0.903044
vn -0.483024 0.220694 0.847338
vn -0.586318 0.22101 0.779349
vn -0.684953 0.223372 0.693502
vn 0.687813 -0.223376 -0.690664
vn 0.59184 -0.223376 -0.774486
vn 0.485696 -0.223104 -0.845177
vn 0.370698 -0.223375 -0.901491
vn 0.249782 -0.223375 -0.942185
vn 0.124639 -0.223375 -0.966731
vn 0.001804 -0.223376 -0.974731
vn 0 1 0
vn -0.132655 0.991161 -0.001593
vn -0.384346 0.923188 -0.001676
vn -0.60989 0.792485 -0.001556
vn -0.793982 0.60794 -0.001255
vn -0.924117 0.382108 -0.000813
vn -0.970507 0.241071 -0.000283
vn -0.974728 0.223374 0.003038
vn -0.97472 0.223373 0.005078
vn 0 1 0
vn 0 1 0
vn 0 1 0
vn 0 1 0
vn 0 1 0
vn 0 1 0
vn 0 1 0
vn 0 1 0
vn 0 1 0
vn 0 1 0
vn 0 1 0
vn -0.131313 0.991161 -0.018894
vn -0.127723 0.991161 -0.035872
vn -0.121948 0.991161 -0.052236
vn -0.114086 0.991161 -0.067707
vn -0.087371 0.993917 -0.067042
vn -0.106212 0.991161 0.079491
vn -0.115679 0.991161 0.064948
vn -0.123167 0.991161 0.049293
vn -0.128547 0.991161 0.032795
vn -0.131728 0.991161 0.015736
vn -0.380839 0.923188 -0.051828
vn -0.370815 0.923188 -0.101095
vn -0.354448 0.923188 -0.148631
vn -0.332016 0.923188 -0.193624
vn -0.288535 0.93152 -0.221399
vn -0.305943 0.923188 0.232644
vn -0.333692 0.923188 0.190721
vn -0.355731 0.923188 0.145534
vn -0.371683 0.923188 0.097857
vn -0.381276 0.923188 0.048505
vn -0.60447 0.792484 -0.081149
vn -0.588706 0.792484 -0.159354
vn -0.56287 0.792484 -0.234832
vn -0.527403 0.792484 -0.306292
vn -0.470033 0.805598 -0.360667
vn -0.484807 0.792484 0.370041
vn -0.528959 0.792484 0.303597
vn -0.564061 0.792484 0.231956
vn -0.589512 0.792485 0.156347
vn -0.604876 0.792484 0.078063
vn -0.787025 0.60794 -0.104879
vn -0.766603 0.60794 -0.206709
vn -0.733063 0.60794 -0.305003
vn -0.686981 0.60794 -0.398077
vn -0.619458 0.624771 -0.475324
vn -0.630674 0.60794 0.482348
vn -0.688236 0.60794 0.395903
vn -0.734024 0.60794 0.302683
vn -0.767253 0.60794 0.204284
vn -0.787353 0.60794 0.10239
vn -0.916105 0.382109 -0.121427
vn -0.892418 0.382108 -0.239964
vn -0.853462 0.382108 -0.354394
vn -0.799902 0.382109 -0.462762
vn -0.727283 0.390844 -0.564181
vn -0.733648 0.382108 0.56192
vn -0.800716 0.382108 0.461354
vn -0.854085 0.382108 0.352892
vn -0.892839 0.382108 0.238393
vn -0.916318 0.382108 0.119814
vn -0.962168 0.241071 -0.126957
vn -0.937365 0.241071 -0.251459
vn -0.896524 0.241072 -0.371658
vn -0.840343 0.24107 -0.485498
vn -0.769785 0.241071 -0.59103
vn -0.77013 0.24107 0.590581
vn -0.840626 0.241071 0.485007
vn -0.896741 0.241071 0.371134
vn -0.937512 0.241071 0.25091
vn -0.962242 0.241071 0.126394
vn -0.966785 0.223375 -0.124216
vn -0.942301 0.223375 -0.249344
vn -0.901693 0.223375 -0.370206
vn -0.845658 0.223374 -0.484734
vn -0.775155 0.223374 -0.590965
vn -0.771457 0.223374 0.595784
vn -0.842621 0.223375 0.489993
vn -0.89937 0.223374 0.375816
vn -0.940729 0.223374 0.255209
vn -0.965993 0.223374 0.130237
vn -0.966397 0.223376 -0.127202
vn 0 1 0
vn -0.940592 0.223383 -0.255709
vn 0 1 0
vn -0.899489 0.223376 -0.37553
vn 0 1 0
vn -0.841102 0.223372 -0.492598
vn 0 1 0
vn -0.769609 0.223372 -0.598169
vn 0 1 0
vn -0.776141 0.223374 0.589668
vn 0 1 0
vn -0.846638 0.223373 0.48302
vn 0 1 0
vn -0.902599 0.223373 0.367994
vn 0 1 0
vn -0.943363 0.226113 0.242775
vn 0 1 0
vn -0.965654 0.226608 0.12713
vn 0 1 0
vn 0 -1 0
vn 0.339576 -0.940578 0.00135
vn 0.843512 -0.53711 -0.000038
vn 0.974731 -0.223382 -0.000865
vn 0.97473 -0.223372 0.002597
vn 0.970506 -0.241075 -0.000251
vn 0.924063 -0.38224 -0.000688
vn 0.793831 -0.608138 -0.001065
vn 0.609596 -0.792711 -0.001328
vn 0.383881 -0.923381 -0.001451
vn 0.132006 -0.991248 -0.001426
vn 0 -1 0
vn 0 -1 0
vn 0 -1 0
vn 0 -1 0
vn 0 -1 0
vn 0 -1 0
vn 0 -1 0
vn 0 -1 0
vn 0 -1 0
vn 0 -1 0
vn 0 -1 0
vn 0.428213 -0.901808 0.058108
vn 0.61071 -0.78248 0.12148
vn 0.313772 -0.936805 0.154736
vn 0.286779 -0.943311 0.167097
vn 0.341791 -0.901807 0.264431
vn 0.191088 -0.973233 -0.127681
vn 0.385931 -0.895721 -0.220775
vn 0.399899 -0.901807 -0.163783
vn 0.320937 -0.943312 -0.084628
vn 0.329236 -0.943312 -0.042013
vn 0.836299 -0.537112 0.110063
vn 0.868742 -0.444226 0.218976
vn 0.829933 -0.425399 0.360896
vn 0.730519 -0.537114 0.421723
vn 0.669226 -0.537109 0.513469
vn 0.72751 -0.425404 -0.538294
vn 0.730484 -0.537112 -0.421787
vn 0.77929 -0.53711 -0.322832
vn 0.814759 -0.537112 -0.218352
vn 0.83629 -0.537111 -0.110137
vn 0.966186 -0.223381 0.128781
vn 0.941525 -0.223413 0.252223
vn 0.900605 -0.22338 0.372843
vn 0.843306 -0.223386 0.488809
vn 0.77229 -0.22338 0.594701
vn 0.77388 -0.223384 -0.59263
vn 0.844702 -0.223383 -0.486393
vn 0.901048 -0.22338 -0.371772
vn 0.942099 -0.224622 -0.248986
vn 0.96589 -0.224751 -0.128619
vn 0.966052 -0.223372 0.129802
vn 0.940845 -0.223372 0.254787
vn 0.899539 -0.223372 0.375412
vn 0.842843 -0.223372 0.489613
vn 0.771727 -0.223372 0.595435
vn 0.774888 -0.223372 -0.591315
vn 0.845439 -0.223373 -0.485115
vn 0.901527 -0.223372 -0.370612
vn 0.942189 -0.223372 -0.249768
vn 0.96673 -0.223372 -0.124652
vn 0.962237 -0.241075 0.126426
vn 0.937502 -0.241074 0.250943
vn 0.896727 -0.241076 0.371164
vn 0.840609 -0.241076 0.485035
vn 0.77011 -0.241076 0.590604
vn 0.769804 -0.241075 -0.591004
vn 0.840358 -0.241075 -0.48547
vn 0.896535 -0.241075 -0.371628
vn 0.937373 -0.241075 -0.251427
vn 0.962171 -0.241075 -0.126924
vn 0.916247 -0.382241 0.119931
vn 0.892754 -0.382241 0.2385
vn 0.853986 -0.382241 0.352988
vn 0.800606 -0.382241 0.461435
vn 0.733529 -0.38224 0.561985
vn 0.732691 -0.38224 -0.563077
vn 0.799919 -0.38224 -0.462626
vn 0.85346 -0.382241 -0.354258
vn 0.892398 -0.38224 -0.239828
vn 0.916068 -0.38224 -0.121295
vn 0.787178 -0.608138 0.10256
vn 0.767057 -0.608138 0.20443
vn 0.733812 -0.608137 0.302802
vn 0.688011 -0.608138 0.395992
vn 0.630439 -0.608137 0.482407
vn 0.623201 -0.61489 -0.48325
vn 0.686946 -0.608138 -0.397837
vn 0.732997 -0.608138 -0.304768
vn 0.766506 -0.608138 -0.206486
vn 0.7869 -0.608138 -0.10467
vn 0.604554 -0.792711 0.078251
vn 0.589169 -0.792711 0.156492
vn 0.563703 -0.79271 0.232056
vn 0.528591 -0.79271 0.303648
vn 0.484436 -0.792711 0.370043
vn 0.471271 -0.804449 -0.361616
vn 0.527263 -0.792711 -0.305948
vn 0.562686 -0.79271 -0.234508
vn 0.588482 -0.792711 -0.159057
vn 0.604208 -0.792711 -0.080884
vn 0.380786 -0.923381 0.048668
vn 0.371176 -0.923382 0.097954
vn 0.355215 -0.923382 0.145564
vn 0.333176 -0.923381 0.190684
vn 0.305437 -0.923381 0.23254
vn 0.289804 -0.930894 -0.222372
vn 0.331726 -0.923381 -0.193196
vn 0.354105 -0.923381 -0.148244
vn 0.370425 -0.923382 -0.100756
vn 0.380407 -0.923382 -0.051544
vn 0.131063 -0.991248 0.015817
vn 0.127877 -0.991248 0.032788
vn 0.122503 -0.991248 0.049199
vn 0.115033 -0.991248 0.064768
vn 0.105595 -0.991248 0.079228
vn 0.088451 -0.993766 -0.06787
vn 0.113608 -0.991248 -0.067237
vn 0.121412 -0.991248 -0.051833
vn 0.127139 -0.991248 -0.035542
vn 0.13069 -0.991248 -0.018643
vn 0 -1 0
vn 0 -1 0
vn 0 -1 0
vn 0 -1 0
vn 0 -1 0
vn 0 -1 0
vn 0 -1 0
vn 0 -1 0
vn 0 -1 0
vn 0 -1 0
vn -0.777572 0.223371 -0.587781
vn -0.847887 0.22337 -0.480826
vn -0.90356 0.223369 -0.365629
vn -0.94352 0.223369 -0.244695
vn -0.967095 0.223372 -0.121785
vn -0.974732 0.223375 -0.000811
vn -0.772839 0.223376 -0.593989
vn -0.843758 0.223376 -0.488033
vn -0.90024 0.223376 -0.373725
vn -0.941319 0.223376 -0.253023
vn -0.966293 0.223376 -0.127992
vn -0.974731 0.223376 0.001917
vn -0.965746 0.223373 0.132054
vn -0.940192 0.223373 0.257185
vn -0.898489 0.223373 0.377918
vn -0.841352 0.223373 0.492171
vn -0.769761 0.223372 0.597973
vn 0.923103 -0.222924 -0.313346
vn 0.97473 -0.223375 0.002453
vn 0.966656 -0.223376 0.125216
vn 0.94252 -0.223375 0.248517
vn 0.901995 -0.223375 0.36947
vn 0.845796 -0.223375 0.484492
vn 0.775 -0.223375 0.591167
vn 0.772204 -0.223376 -0.594814
vn 0.843343 -0.223376 -0.488749
vn 0.900004 -0.223376 -0.374294
vn 0.941212 -0.223376 -0.253423
vn 0.966263 -0.223376 -0.128217
vn 0.974732 -0.223376 -0.000827
vn 0.966495 -0.223376 0.12645
vn 0.941722 -0.223376 0.251522
vn 0.900835 -0.223376 0.372289
vn 0.844535 -0.223376 0.486686
vn 0.773786 -0.223376 0.592754
vn 0 -0.906308 0.422618
vn -0.679902 0.223357 -0.698459
vn 0 0.906308 -0.422618
vn -0.700817 0.223346 -0.677474
vn 0 -0.906308 0.422618
vn -0.583511 0.223359 -0.780786
vn 0 0.906308 -0.422618
vn -0.606384 0.223345 -0.763162
vn 0 -0.906308 0.422618
vn -0.477341 0.223361 -0.849856
vn 0 0.906308 -0.422619
vn -0.500306 0.223351 -0.836546
vn -0.000001 -0.906308 0.422617
vn -0.363185 0.223364 -0.904547
vn 0 0.906307 -0.422619
vn -0.383801 0.223361 -0.895995
vn -1 0 0
vn 0 -0.906307 0.422619
vn -0.19018 0.222922 -0.956105
vn -1 0 0
vn 0 0.906308 -0.422617
vn -0.190181 0.222922 -0.956105
vn 0 -0.906308 0.422619
vn -0.245734 0.223371 -0.94325
vn 0 0.906308 -0.422619
vn -0.259115 0.223369 -0.939662
vn 0 -0.906308 0.422618
vn 0.583713 -0.22336 0.780634
vn 0 0.906308 -0.422618
vn 0.606278 -0.223346 0.763245
vn 0 -0.906308 0.422618
vn 0.475894 -0.224462 0.850377
vn 0 0.906308 -0.422619
vn 0.500663 -0.22335 0.836332
vn -0.000001 -0.906308 0.422617
vn 0.363593 -0.224473 0.904108
vn 0 0.906308 -0.422619
vn 0.384745 -0.223358 0.895591
vn 0 -0.906308 0.422618
vn 0.246336 -0.223372 0.943092
vn -1 0 0
vn 0 -0.906307 0.422619
vn 0.190178 -0.222922 0.956106
vn -1 0 0
vn 0 0.906308 -0.422617
vn 0.190179 -0.222922 0.956106
vn 0 0.906308 -0.422618
vn -0.583173 0.223358 0.781039
vn -0.000001 -0.906307 0.42262
vn -0.602479 0.223361 0.766243
vn 0 0.906308 -0.422619
vn -0.476898 0.22336 0.850105
vn 0 -0.906308 0.422619
vn -0.496745 0.223363 0.838662
vn 0 0.906308 -0.422619
vn -0.362581 0.223362 0.90479
vn 0 -0.906308 0.422618
vn -0.382428 0.223364 0.896581
vn 0.000001 0.906307 -0.422619
vn -0.245088 0.22337 0.943418
vn 0.000001 -0.906309 0.422616
vn -0.261514 0.223366 0.938999
vn 0 0.906308 -0.422619
vn 0.679762 -0.223356 -0.698595
vn -0.000001 -0.906308 0.422619
vn 0.697599 -0.22336 -0.680783
vn 0 0.906308 -0.422618
vn 0.583325 -0.223358 -0.780924
vn -0.000001 -0.906307 0.42262
vn 0.602277 -0.223362 -0.766402
vn 0 0.906308 -0.422619
vn 0.477052 -0.22336 -0.850019
vn -0.000001 -0.906308 0.422619
vn 0.496539 -0.223364 -0.838783
vn 0 0.906308 -0.422619
vn 0.362732 -0.223362 -0.904729
vn 0 -0.906308 0.422619
vn 0.382223 -0.223365 -0.896668
vn 0.000001 0.906307 -0.422619
vn 0.245629 -0.223371 -0.943277
vn 0.000001 -0.906309 0.422617
vn 0.261315 -0.223366 -0.939054
vn 0.000001 0.906308 -0.422618
vn -0.964189 0.223348 0.143023
vn 0 -0.906308 0.422618
vn -0.968191 0.223353 0.112779
vn 0 0.906308 -0.422618
vn -0.974606 0.223347 0.016101
vn 0 -0.906308 0.422618
vn -0.974626 0.223352 -0.01476
vn -0.000002 0.906308 -0.422619
vn -0.968372 0.223347 -0.11123
vn -0.000001 -0.906308 0.422618
vn -0.964351 0.223352 -0.141921
vn -0.000001 0.906308 -0.422618
vn -0.944815 0.223357 -0.239659
vn 0.000001 -0.906308 0.422619
vn -0.937593 0.223352 -0.266523
vn 0 0.906308 -0.422618
vn -0.904602 0.223363 -0.36305
vn -0.000001 -0.906308 0.422618
vn -0.894863 0.223352 -0.386438
vn -0.000001 -0.906308 0.422618
vn -0.836944 0.223354 -0.499638
vn 0 0.906308 -0.422618
vn -0.851838 0.223349 -0.473801
vn 0.000001 -0.906307 0.422619
vn -0.764869 0.223355 -0.604225
vn 0 0.906308 -0.422618
vn -0.782758 0.223349 -0.580866
vn 0.000001 0.906308 -0.422619
vn -0.679616 0.223356 0.698738
vn -0.000001 -0.906307 0.422619
vn -0.697788 0.22336 0.68059
vn 0 0.906308 -0.422618
vn -0.764595 0.223354 0.604572
vn 0 -0.906308 0.422618
vn -0.781019 0.223358 0.583199
vn 0.000001 0.906307 -0.422619
vn -0.836665 0.223352 0.500105
vn -0.000002 -0.906307 0.422619
vn -0.850735 0.223356 0.475775
vn 0.000001 0.906308 -0.422619
vn -0.894586 0.22335 0.387079
vn -0.000001 -0.906308 0.422619
vn -0.905742 0.223355 0.3602
vn 0.000001 0.906308 -0.422618
vn -0.937348 0.223349 0.267382
vn 0.000001 -0.906308 0.422618
vn -0.945111 0.223354 0.238494
vn 0 0.906308 -0.422618
vn 0.76473 -0.223354 -0.604401
vn -0.000001 -0.906308 0.422618
vn 0.780849 -0.223359 -0.583426
vn 0.000002 0.906307 -0.422619
vn 0.836782 -0.223353 -0.499909
vn -0.000002 -0.906307 0.42262
vn 0.85059 -0.223357 -0.476034
vn 0.000001 0.906308 -0.422619
vn 0.894681 -0.223351 -0.38686
vn -0.000002 -0.906308 0.422619
vn 0.905629 -0.223356 -0.360484
vn 0.000001 0.906308 -0.422618
vn 0.937416 -0.22335 -0.267144
vn 0.000001 -0.906308 0.422618
vn 0.945034 -0.223354 -0.238798
vn 0.000001 0.906308 -0.422618
vn 0.964226 -0.223349 -0.142772
vn 0.000001 -0.906308 0.422618
vn 0.968154 -0.223354 -0.113097
vn 0 0.906308 -0.422618
vn 0.97461 -0.223348 -0.015844
vn 0 -0.906308 0.422618
vn 0.974631 -0.223353 0.014438
vn -0.000002 0.906308 -0.422619
vn 0.968342 -0.223348 0.111487
vn -0.000001 -0.906308 0.422618
vn 0.964397 -0.223353 0.141604
vn -0.000001 0.906308 -0.422618
vn 0.944677 -0.223359 0.2402
vn 0.000001 -0.906308 0.422619
vn 0.937679 -0.223353 0.266217
vn -0.000001 0.906308 -0.422618
vn 0.90404 -0.223367 0.364444
vn -0.000001 -0.906308 0.422618
vn 0.894986 -0.223353 0.386153
vn -0.000001 -0.906308 0.422618
vn 0.837097 -0.223354 0.499381
vn 0 0.906308 -0.422619
vn 0.85165 -0.22335 0.474137
vn 0.000001 -0.906307 0.422619
vn 0.765047 -0.223356 0.604
vn 0 0.906308 -0.422618
vn 0.7825 -0.22335 0.581213
vn 0 -0.906308 0.422618
vn 0.680096 -0.223358 0.69827
vn 0 0.906308 -0.422618
vn 0.700555 -0.223347 0.677745
vn 0.000001 -0.906309 0.422616
vn -1 0 0
vn -0.19018 0.222922 0.956105
vn 0.000002 0.906307 -0.422619
vn -1 0 0
vn -0.19018 0.222922 0.956105
vn -0.000001 -0.906307 0.42262
vn -0.376849 0.223374 0.898938
vn 0 -0.906308 0.422618
vn -0.495818 0.223365 0.839209
vn 0.000001 -0.906308 0.422617
vn -0.601279 0.223365 0.767184
vn 0 -0.906308 0.422617
vn -0.694122 0.223152 0.684396
vn 0 -0.906308 0.422617
vn 0.696714 -0.223364 -0.681688
vn 0.000001 -0.906309 0.422617
vn 0.601337 -0.223365 -0.767139
vn 0.000001 -0.906308 0.422617
vn 0.495575 -0.223366 -0.839352
vn -0.000001 -0.906307 0.42262
vn 0.381265 -0.223367 -0.897075
vn -0.997636 0.014668 0.067137
vn 0 -0.906309 0.422617
vn 0.233401 -0.224344 -0.946147
vn 0.000001 -0.906308 0.422617
vn -0.850081 0.22336 0.476941
vn -0.000001 -0.906307 0.422619
vn -0.778323 0.223369 0.586788
vn -0.000001 -0.906307 0.422619
vn 0.780051 -0.223362 -0.584491
vn 0.000002 -0.906308 0.422617
vn 0.84991 -0.223361 -0.477245
vn -0.247649 0.223374 0.942748
vn -0.000001 0.90631 -0.422614
vn 0 0.90631 -0.422614
vn -0.999957 -0.008381 0.003908
vn 0.183669 -0.223257 -0.957299
vn -0.000001 0.906308 -0.422618
vn -0.999987 -0.004545 0.002119
vn -0.19018 0.222922 -0.956105
vn 0 -0.906308 0.422618
vn -0.999261 -0.009132 0.037328
vn -0.19018 0.222922 -0.956105
vn -0.363271 0.223364 0.904513
vn 0.000001 0.906307 -0.42262
vn -0.4776 0.223362 0.84971
vn 0 0.906308 -0.422618
vn -0.583868 0.22336 0.780518
vn -0.000001 0.906308 -0.422617
vn 0.584051 -0.223361 -0.780381
vn 0 0.906308 -0.422618
vn 0.477786 -0.223363 -0.849606
vn 0 0.906308 -0.422618
vn 0.363453 -0.223364 -0.904439
vn 0.000001 0.906307 -0.422621
vn 0.248361 -0.223374 -0.942561
vn 0.000001 0.90631 -0.422614
vn -0.895014 0.223354 0.386086
vn 0 0.906308 -0.422618
vn 0.000002 -0.906308 0.422618
vn -0.904613 0.223102 0.36318
vn -0.837195 0.223355 0.499216
vn 0 0.906308 -0.422619
vn -0.765205 0.223357 0.603799
vn 0.000001 0.906307 -0.422619
vn 0.765366 -0.223357 -0.603594
vn 0.000001 0.906308 -0.422619
vn 0.837335 -0.223356 -0.498981
vn 0 0.906308 -0.422619
vn 0.895127 -0.223355 -0.385824
vn 0 0.906308 -0.422618
vn 0.000002 -0.906308 0.422618
vn 0.905096 -0.22336 -0.361818
vn -0.000001 -0.906308 0.422618
vn -0.895433 0.223509 -0.385024
vn -0.906017 0.223352 -0.359508
vn 0.000001 0.906308 -0.422618
vn -0.945252 0.223352 -0.237934
vn 0.000002 0.906308 -0.422618
vn 0 -0.906308 0.422618
vn -0.938038 0.223357 -0.264947
vn -0.968236 0.223351 -0.112399
vn 0.000001 0.906308 -0.422618
vn -0.000004 -0.906308 0.422618
vn -0.96456 0.223356 -0.140488
vn -0.974624 0.223351 0.014933
vn 0 0.906308 -0.422618
vn -0.000001 -0.906308 0.422618
vn -0.974646 0.223356 -0.013308
vn -0.964356 0.223352 0.141887
vn 0.000001 0.906308 -0.422618
vn 0 -0.906308 0.422618
vn -0.967957 0.223616 0.114261
vn -0.937654 0.223353 0.266306
vn 0 0.906308 -0.422618
vn 0.000002 -0.906308 0.422618
vn -0.94448 0.223648 0.240705
vn 0.937735 -0.223353 -0.26602
vn 0 0.906308 -0.422618
vn 0.000002 -0.906308 0.422618
vn 0.94467 -0.223359 -0.240226
vn 0.9644 -0.223353 -0.141586
vn 0.000001 0.906308 -0.422618
vn 0.000001 -0.906308 0.422618
vn 0.967978 -0.223358 -0.114585
vn 0.974628 -0.223352 -0.014624
vn 0 0.906308 -0.422618
vn 0 -0.906308 0.422619
vn 0.974651 -0.223358 0.01293
vn 0.9682 -0.223352 0.112709
vn 0.000001 0.906308 -0.422618
vn -0.000004 -0.906308 0.422618
vn 0.964549 -0.222954 0.141196
vn 0.945176 -0.223353 0.238235
vn 0.000002 0.906308 -0.422618
vn -0.000001 -0.906308 0.422618
vn 0.895607 -0.223727 0.384493
vn 0.905904 -0.223353 0.359794
vn 0.000001 0.906308 -0.422618
vn -0.262318 0.223364 -0.938775
vn 0 0.906307 -0.422619
vn 0 -0.906308 0.422619
vn -0.248574 0.223375 -0.942504
vn 0 -0.906308 0.422617
vn -0.364081 0.223366 -0.904186
vn -0.383249 0.223362 -0.89623
vn 0.000001 0.906309 -0.422617
vn 0 -0.906308 0.422619
vn -0.478568 0.223718 -0.849072
vn -0.497561 0.223361 -0.838179
vn 0 0.906307 -0.42262
vn 0 -0.906308 0.422617
vn -0.584765 0.223363 -0.779845
vn -0.603253 0.223359 -0.765635
vn 0 0.906308 -0.422618
vn -0.000001 -0.906308 0.422617
vn 0.584664 -0.223363 0.779921
vn 0.603045 -0.223359 0.765798
vn 0 0.906308 -0.422618
vn 0 -0.906308 0.422619
vn 0.478502 -0.223364 0.849202
vn 0.494945 -0.223367 0.839724
vn -0.000001 0.906307 -0.42262
vn 0 -0.906308 0.422617
vn 0.364315 -0.223366 0.904092
vn 0.262118 -0.223365 0.93883
vn 0 0.906307 -0.422619
vn 0 -0.906308 0.422619
vn 0.249361 -0.223375 0.942296
vn -0.000001 -0.906308 0.422618
vn -0.680778 0.22336 -0.697604
vn -0.698479 0.223357 -0.679881
vn -0.000001 0.906307 -0.422619
vn -0.000001 -0.906308 0.422618
vn -0.76567 0.223359 -0.603209
vn -0.78159 0.223355 -0.582434
vn 0 0.906308 -0.422618
vn -0.000001 -0.906308 0.422618
vn -0.837635 0.223358 -0.498476
vn -0.851161 0.223354 -0.475014
vn -0.000002 0.906307 -0.422619
vn -0.000001 -0.906308 0.422618
vn 0.837815 -0.223358 0.498173
vn 0.851014 -0.223354 0.475277
vn -0.000001 0.906307 -0.422619
vn -0.000001 -0.906308 0.422618
vn 0.765878 -0.22336 0.602944
vn 0.781416 -0.223356 0.582668
vn 0 0.906308 -0.422618
vn -0.000001 -0.906308 0.422618
vn 0.681006 -0.223361 0.697381
vn 0.698285 -0.223358 0.680081
vn -0.000001 0.906307 -0.422619
vn 0 0.906308 -0.422618
vn -0.999967 -0.005085 0.006266
vn 0.190178 -0.222922 0.956106
vn -0.997061 0.017397 0.074615
vn 0 -0.906309 0.422615
vn -0.232155 0.22363 0.946622
vn -0.000002 0.906309 -0.422616
vn -0.999918 -0.005606 0.011526
vn -0.19018 0.222922 0.956105
vn -0.68028 0.223358 0.69809
vn 0.000002 0.906307 -0.422621
vn 0.680455 -0.223359 -0.697919
vn 0.000003 0.906307 -0.422621
vn 0 -0.906308 0.422619
vn -0.999092 -0.009675 0.041495
vn 0.190179 -0.222922 0.956106
vn 0 0.223376 -0.974732
vn 0 0.223376 -0.974732
vn 0 -0.223376 0.974732
vn 0 -0.223376 0.974732
vn 0 -0.223376 0.974732
vn 0 -0.223376 0.974732
vn 0 0.223376 -0.974732
vn 0 0.223376 -0.974732
vn 0 0.222396 0.974957
vn -0.129836 0.222813 0.966177
vn 0 0.223376 0.974732
vn -0.127948 0.223742 0.966214
vn 0.122854 -0.223302 -0.966976
vn 0 -0.223376 -0.974732
vn 0.129026 -0.224021 -0.966006
vn 0 -0.223376 -0.974732
vn 0 0.223558 0.974691
vn 0 0.223572 0.974687
vn -0.127395 0.223616 0.966316
vn -0.128509 0.223447 0.966207
vn 0.121643 -0.22392 -0.966986
vn 0.12211 -0.223537 -0.967016
vn 0 -0.223376 -0.974732
vn 0 -0.223376 -0.974732
vn -0.12426 0.223375 -0.96678
vn -0.124922 0.223376 -0.966694
vn -0.125581 0.223376 -0.966609
vn -0.122331 0.223373 -0.967026
vn 0.124573 -0.223375 0.966739
vn 0.125234 -0.223376 0.966654
vn 0.125892 -0.223376 0.966568
vn 0.122422 -0.223373 0.967015
vn -1 0 0
vn -0.000001 -0.906309 0.422616
vn -0.223175 0.221836 -0.9492
vn -0.000002 -0.906309 0.422615
vn -0.358504 0.221299 -0.906919
vn -0.000001 -0.906308 0.422618
vn -0.47934 0.223367 -0.848729
vn -0.000001 -0.906309 0.422616
vn -0.585495 0.223365 -0.779296
vn -0.000001 -0.906308 0.422617
vn -0.6818 0.223364 -0.696604
vn -0.000001 -0.906309 0.422616
vn 0.585771 -0.223366 0.779089
vn 0 -0.906308 0.422618
vn 0.479619 -0.223367 0.848571
vn -0.000002 -0.906309 0.422616
vn 0.362134 -0.223103 0.905033
vn -1 0 0
vn -0.000001 -0.906309 0.422616
vn 0.226815 -0.223513 0.947944
vn 0 -0.906308 0.422618
vn -0.766603 0.223363 -0.602021
vn 0.000003 -0.906307 0.422621
vn -0.838441 0.223362 -0.497118
vn -0.000003 -0.906308 0.422617
vn -0.896058 0.223361 -0.383653
vn 0 -0.906308 0.422618
vn -0.938434 0.223361 -0.263538
vn 0.000005 0.906308 -0.422617
vn -0.944908 0.223356 -0.239293
vn 0.000002 -0.906308 0.422618
vn -0.964801 0.223361 -0.138815
vn 0.000005 0.906308 -0.422618
vn -0.968072 0.223356 -0.113793
vn 0 -0.906308 0.422619
vn -0.974667 0.223361 -0.011614
vn -0.974643 0.223356 0.013541
vn 0.000001 0.906308 -0.422618
vn -0.000002 -0.906308 0.422619
vn -0.967823 0.223362 0.115882
vn 0 0.906308 -0.422619
vn -0.938036 0.222783 0.265435
vn -0.000001 -0.906308 0.422619
vn -0.944352 0.223362 0.241473
vn 0.000001 0.906307 -0.422619
vn -0.895687 0.222818 0.384834
vn -0.000003 -0.906307 0.422619
vn -0.904628 0.223363 0.362983
vn 0 0.906307 -0.422619
vn 0.938111 -0.223358 -0.264686
vn -0.000001 -0.906308 0.422619
vn 0.944246 -0.223363 -0.241885
vn 0 0.906308 -0.422618
vn 0.964604 -0.223357 -0.140179
vn -0.000002 -0.906308 0.422619
vn 0.967771 -0.223363 -0.116313
vn 0 -0.906308 0.422619
vn 0.974671 -0.223362 0.011177
vn 0 0.906308 -0.422618
vn 0.974648 -0.223357 -0.013177
vn 0.000002 -0.906308 0.422619
vn 0.964862 -0.223362 0.138384
vn 0.000004 0.906308 -0.422618
vn 0.968029 -0.223357 0.114158
vn 0.000001 -0.906308 0.422618
vn 0.93855 -0.223362 0.263123
vn 0.000005 0.906308 -0.422617
vn 0.94482 -0.223193 0.23979
vn -0.000003 -0.906309 0.422617
vn 0.896224 -0.223362 0.383265
vn 0 0.906308 -0.422619
vn 0.906068 -0.224252 0.358821
vn 0.000003 -0.906307 0.42262
vn 0.838649 -0.223363 0.496767
vn 0 -0.906308 0.422618
vn 0.766844 -0.223364 0.601714
vn -0.000001 -0.906308 0.422618
vn 0.682063 -0.223365 0.696346
vn -1 0 0
vn -0.000002 0.906309 -0.422616
vn -0.19018 0.222922 -0.956105
vn -0.763142 0.223092 0.606502
vn -0.000003 0.906309 -0.422616
vn 0.000001 -0.906309 0.422617
vn -0.778271 0.223369 0.586856
vn -0.679631 0.223033 0.698826
vn -0.000002 0.906308 -0.422617
vn -0.000002 -0.906306 0.422621
vn -0.694491 0.223211 0.684002
vn 0.766119 -0.223361 -0.602637
vn -0.000003 0.906309 -0.422616
vn 0.000002 -0.906309 0.422616
vn 0.77912 -0.223366 -0.58573
vn 0.83799 -0.22336 -0.497879
vn -0.000001 0.906308 -0.422618
vn 0.000001 -0.906307 0.422619
vn 0.849118 -0.223365 -0.478652
vn -1 0 0
vn -0.000001 -0.906308 0.422619
vn -0.31335 0.222922 0.923102
vn -1 0 0
vn 0 0.906308 -0.422617
vn -0.234812 0.221396 0.946492
vn -0.36164 0.22147 0.905631
vn 0 0.906307 -0.422619
vn -0.000001 -0.906308 0.422619
vn -0.380425 0.223369 0.897431
vn -0.478438 0.223364 0.849238
vn 0 0.906308 -0.422618
vn 0 -0.906308 0.422617
vn -0.494732 0.223368 0.839849
vn -0.584695 0.223363 0.779898
vn -0.000002 0.906309 -0.422616
vn 0.000001 -0.906309 0.422616
vn -0.600438 0.223367 0.767842
vn 0.584911 -0.223363 -0.779736
vn -0.000002 0.906309 -0.422616
vn 0.000001 -0.906308 0.422617
vn 0.600241 -0.223368 -0.767996
vn 0.478657 -0.223365 -0.849115
vn 0 0.906308 -0.422617
vn 0 -0.906309 0.422616
vn 0.49445 -0.223369 -0.840015
vn 0.364311 -0.223366 -0.904094
vn 0 0.906307 -0.422619
vn -0.000001 -0.906308 0.422618
vn 0.380144 -0.223369 -0.89755
vn -1 0 0
vn -0.000001 -0.906308 0.422619
vn 0.313348 -0.222922 -0.923103
vn 0.000002 0.906308 -0.422619
vn 0.895655 -0.223359 -0.384594
vn -0.000003 -0.906307 0.422619
vn 0.904473 -0.223364 -0.363368
vn -0.905803 0.22372 -0.359819
vn -0.000001 0.906308 -0.422619
vn -0.261418 0.223366 -0.939025
vn 0 0.906308 -0.422618
vn -0.384705 0.224395 -0.895348
vn 0 0.906307 -0.422619
vn -0.602319 0.223362 -0.766369
vn -0.000002 0.906307 -0.422621
vn 0.602074 -0.223362 0.766561
vn -0.000002 0.906307 -0.422621
vn 0.496356 -0.223364 0.838892
vn -0.000001 0.906307 -0.42262
vn 0.382061 -0.223365 0.896737
vn 0 0.906307 -0.422619
vn 0.261182 -0.223367 0.939091
vn 0 0.906308 -0.422618
vn -0.697602 0.22336 -0.68078
vn 0 0.906308 -0.422618
vn -0.780804 0.223359 -0.583487
vn 0.000001 0.906308 -0.422618
vn -0.850912 0.223782 -0.475258
vn 0.000001 0.906308 -0.422618
vn 0.851402 -0.224404 0.474086
vn 0 0.906308 -0.422618
vn 0.780598 -0.22336 0.583761
vn 0.000001 0.906308 -0.422618
vn 0.697372 -0.223361 0.681015
vn 0.000001 0.906308 -0.422617
vn -0.837825 0.223359 0.498156
vn -0.000001 0.906308 -0.422618
vn 0 -0.906308 0.422619
vn -0.849315 0.223364 0.478301
vn 0.681277 -0.223362 -0.697116
vn -0.000002 0.906308 -0.422617
vn -0.000002 -0.906306 0.422621
vn 0.695682 -0.223367 -0.68274
vn -1 0 0
vn -0.000001 0.906308 -0.422617
vn 0.190179 -0.222922 0.956106
vn -0.12629 0.223376 -0.966516
vn 0 0.223376 -0.974732
vn 0 0.223376 -0.974732
vn -0.126889 0.223376 -0.966438
vn 0.126545 -0.223376 0.966483
vn 0 -0.223376 0.974732
vn 0.127197 -0.223376 0.966398
vn 0 -0.223376 0.974732
vn 0 0.223376 0.974732
vn 0 0.223376 0.974732
vn -0.130257 0.222865 0.966108
vn -0.126776 0.223376 0.966453
vn 0.134336 -0.222299 -0.965679
vn 0.126751 -0.223376 -0.966456
vn 0 -0.223376 -0.974732
vn 0 -0.223376 -0.974732
vn -0.250377 0.223173 0.942075
vn 0.251232 -0.222938 -0.941903
vn 0.000001 -0.906309 0.422615
vn -0.486377 0.223376 0.844714
vn -0.000001 -0.906307 0.422619
vn -0.599293 0.22337 0.768735
vn -0.000001 -0.906307 0.422621
vn 0.694497 -0.22337 -0.683944
vn -0.000002 -0.906307 0.422621
vn 0.598979 -0.223371 -0.768979
vn 0.000001 -0.906309 0.422617
vn 0.493152 -0.223371 -0.840777
vn 0.000002 -0.906308 0.422618
vn -0.943879 0.223366 0.243312
vn 0.000001 -0.906308 0.422618
vn -0.903936 0.223367 0.364701
vn 0.000003 -0.906309 0.422616
vn -0.848434 0.223368 0.479861
vn 0.000001 -0.906308 0.422618
vn -0.778318 0.223369 0.586795
vn -0.000002 -0.906306 0.422621
vn -0.694791 0.223369 0.683645
vn 0.000002 -0.906309 0.422617
vn 0.778052 -0.223369 -0.587146
vn 0.000004 -0.906309 0.422616
vn 0.848208 -0.223369 -0.480261
vn 0.000002 -0.906308 0.422617
vn 0.904145 -0.223366 -0.364183
vn -0.381202 0.223367 -0.897102
vn 0 0.906307 -0.422619
vn 0 -0.906308 0.422618
vn -0.369964 0.223396 -0.901788
vn -0.495487 0.223366 -0.839405
vn -0.000001 0.906308 -0.422618
vn -0.000001 -0.906308 0.422618
vn -0.480683 0.223369 -0.847968
vn 0 0.906307 -0.422619
vn -1 0 0
vn 0.247559 -0.224015 0.94262
vn -0.601225 0.223365 -0.767226
vn -0.000001 0.906307 -0.42262
vn 0.000001 -0.906307 0.422619
vn -0.586728 0.223368 -0.778368
vn 0.600941 -0.223366 0.767449
vn -0.000001 0.906307 -0.42262
vn 0.000001 -0.906307 0.42262
vn 0.587043 -0.223369 0.77813
vn 0.495197 -0.223367 0.839576
vn -0.000001 0.906308 -0.422618
vn -0.000001 -0.906308 0.422618
vn 0.480906 -0.22337 0.847841
vn 0.378505 -0.223372 0.898242
vn -0.000001 0.906308 -0.422619
vn 0 -0.906308 0.422618
vn 0.371214 -0.223376 0.901279
vn -0.696575 0.223364 -0.68183
vn 0 0.906308 -0.422617
vn 0.000003 -0.906307 0.42262
vn -0.682975 0.223367 -0.695451
vn -0.779883 0.223363 -0.584715
vn -0.000003 0.906307 -0.422621
vn 0 -0.906308 0.422618
vn -0.767674 0.223367 -0.600653
vn -0.84972 0.223362 -0.477582
vn -0.000001 0.906308 -0.422618
vn -0.000001 -0.906308 0.422618
vn -0.839364 0.223366 -0.495557
vn -0.904902 0.223361 -0.362302
vn -0.000001 0.906308 -0.422618
vn 0.000001 -0.906308 0.422619
vn -0.896793 0.223366 -0.381929
vn -0.944503 0.223361 -0.240882
vn -0.000001 0.906308 -0.422619
vn 0.000001 -0.906308 0.422618
vn -0.938949 0.223366 -0.261693
vn 0.944398 -0.223362 0.241292
vn 0 0.906308 -0.422619
vn 0.000001 -0.906308 0.422618
vn 0.93908 -0.223367 0.261221
vn 0.904746 -0.223362 0.36269
vn -0.000002 0.906308 -0.422619
vn 0.000002 -0.906308 0.422619
vn 0.896981 -0.223367 0.381488
vn 0.84952 -0.223363 0.477939
vn 0 0.906308 -0.422618
vn 0 -0.906308 0.422618
vn 0.839599 -0.223367 0.495157
vn 0.779645 -0.223364 0.585033
vn -0.000003 0.906307 -0.422621
vn -0.000001 -0.906308 0.422618
vn 0.766475 -0.224398 0.601799
vn 0.696308 -0.223365 0.682102
vn 0 0.906308 -0.422617
vn 0.000003 -0.906307 0.42262
vn 0.683316 -0.224339 0.694803
vn -0.967878 0.22336 -0.115423
vn 0.000004 0.906308 -0.422618
vn 0.000002 -0.906308 0.422618
vn -0.965074 0.223365 -0.136895
vn -0.974663 0.22336 0.011913
vn 0.000001 0.906308 -0.422618
vn 0 -0.906308 0.422618
vn -0.97471 0.223371 -0.006781
vn -0.964781 0.22336 0.13895
vn 0.000004 0.906308 -0.422619
vn 0.000002 -0.906308 0.422618
vn -0.967245 0.223088 0.121116
vn -0.938438 0.223361 0.263523
vn 0.000003 0.906307 -0.422619
vn -0.896115 0.223361 0.38352
vn 0.000004 0.906307 -0.42262
vn 0.896268 -0.223363 -0.383162
vn 0.000003 0.906307 -0.42262
vn 0.938547 -0.223362 -0.263134
vn 0.000003 0.906307 -0.422619
vn 0.000002 -0.906308 0.422618
vn 0.923103 -0.222927 -0.313345
vn 0.96484 -0.223362 -0.138541
vn 0.000004 0.906308 -0.422619
vn 0.000002 -0.906308 0.422618
vn 0.972749 -0.222922 -0.063756
vn 0.974668 -0.223361 -0.011493
vn 0.000001 0.906308 -0.422619
vn 0 -0.906308 0.422618
vn 0.974691 -0.223367 0.009174
vn 0.967827 -0.223361 0.115845
vn 0.000004 0.906308 -0.422617
vn 0.000002 -0.906308 0.422618
vn 0.965143 -0.223367 0.136405
vn -1 0 0
vn 0.000003 0.906308 -0.422619
vn -0.313348 0.222922 0.923103
vn -0.366718 0.223371 0.903119
vn 0.000001 0.906308 -0.422619
vn -0.479424 0.223367 0.848682
vn -0.000002 0.906308 -0.422617
vn -0.585666 0.223366 0.779168
vn -0.000002 0.906309 -0.422616
vn 0.585917 -0.223366 -0.778979
vn -0.000002 0.906309 -0.422616
vn 0.479679 -0.223367 -0.848537
vn -0.000002 0.906309 -0.422616
vn 0.367698 -0.223372 -0.90272
vn 0.000001 0.906308 -0.422618
vn -1 0 0
vn 0.000003 0.906308 -0.422618
vn 0.31335 -0.222957 -0.923094
vn -0.838561 0.223362 0.496916
vn 0.000001 0.906307 -0.422619
vn -0.765736 0.22303 0.603246
vn -0.000001 0.906309 -0.422616
vn 0.766996 -0.223364 -0.601519
vn -0.000001 0.906309 -0.422616
vn 0.838751 -0.223363 -0.496594
vn 0.000001 0.906307 -0.422619
vn -1 0 0
vn 0.000003 -0.90631 0.422613
vn -0.350071 0.225396 0.909201
vn 0.000001 -0.906309 0.422617
vn -1 0 0
vn -0.313095 0.223145 -0.923135
vn 0 0.906307 -0.422619
vn -1 0 0
vn -0.239533 0.223026 -0.944925
vn 0.000001 -0.906308 0.422617
vn -1 0 0
vn 0.313445 -0.222518 0.923167
vn -0.681658 0.223023 0.696852
vn -0.000002 0.906308 -0.422617
vn 0.682236 -0.223365 -0.696177
vn -0.000002 0.906308 -0.422617
vn 0 0.223376 0.974732
vn -0.126733 0.223376 0.966458
vn -0.251195 0.223376 0.941809
vn 0 0.223376 0.974732
vn -0.126671 0.223376 0.966467
vn -0.254102 0.22512 0.940613
vn 0.251714 -0.2234 -0.941665
vn 0.126697 -0.223376 -0.966463
vn 0 -0.223376 -0.974732
vn 0.25566 -0.225922 -0.939999
vn 0.126642 -0.223376 -0.96647
vn 0 -0.223376 -0.974732
vn 0 0.223594 -0.974682
vn 0 0.223376 -0.974732
vn -0.128506 0.223391 -0.966221
vn -0.129604 0.223638 -0.966017
vn -0.248555 0.223422 -0.942498
vn 0.249353 -0.221561 0.942727
vn 0.130234 -0.222002 0.96631
vn 0.137114 -0.224609 0.964754
vn 0 -0.223377 0.974732
vn 0 -0.223376 0.974732
vn 0.000001 0.906308 -0.422617
vn -0.494194 0.223369 -0.840166
vn -0.479881 0.223368 -0.848423
vn -0.000001 -0.906308 0.422617
vn 0.000003 0.906309 -0.422616
vn -0.599963 0.223368 -0.768213
vn -0.585681 0.223366 -0.779157
vn 0 -0.906308 0.422618
vn 0.000003 0.906308 -0.422617
vn -0.695391 0.223368 -0.683036
vn -0.681517 0.223363 -0.696881
vn -0.000001 -0.906308 0.422617
vn 0.000003 0.906309 -0.422616
vn 0.599639 -0.223369 0.768466
vn 0.000002 0.906308 -0.422617
vn 0.691681 -0.223489 0.686753
vn 0.585822 -0.223366 0.779051
vn 0 -0.906308 0.422618
vn 0.000001 0.906309 -0.422616
vn 0.493861 -0.22337 0.840361
vn 0.480012 -0.223368 0.848348
vn 0 -0.906308 0.422617
vn 0.379591 -0.22337 0.897784
vn 0.000001 0.906308 -0.422618
vn -0.000001 -0.906308 0.422618
vn -0.991105 0.017948 -0.131865
vn 0.372747 -0.223466 0.900624
vn 0.000002 0.906308 -0.422618
vn -0.999867 0.002201 -0.016172
vn 0.315936 -0.223334 0.922121
vn -0.593044 0.223376 0.773564
vn -0.000001 -0.906307 0.42262
vn 0.695138 -0.223369 -0.683293
vn 0.000002 -0.906309 0.422616
vn 0.600129 -0.223368 -0.768083
vn 0 -0.906308 0.422619
vn -0.778823 0.223367 -0.586125
vn 0.000001 0.906308 -0.422617
vn -0.765787 0.223359 -0.60306
vn -0.000001 -0.906308 0.422618
vn 0 0.906308 -0.422617
vn -0.848826 0.223366 -0.479168
vn -0.837111 0.223355 -0.499357
vn -0.000001 -0.906308 0.422618
vn -0.000001 0.906307 -0.422619
vn -0.904207 0.223366 -0.364029
vn -0.894371 0.223348 -0.387577
vn 0.000001 -0.906307 0.422619
vn -0.000001 0.906308 -0.422618
vn -0.944035 0.223365 -0.242705
vn -0.936739 0.22334 -0.269516
vn 0.000001 -0.906308 0.422618
vn -0.000001 0.906307 -0.42262
vn -0.967652 0.223365 -0.117294
vn -0.963671 0.223334 -0.146493
vn 0.000002 -0.906308 0.422618
vn 0 0.906308 -0.422618
vn -0.974842 0.222587 0.011778
vn -0.974572 0.223337 -0.018165
vn 0 -0.906308 0.422618
vn 0.000001 0.906308 -0.422618
vn -0.965234 0.222628 0.136964
vn -0.96812 0.223354 0.113386
vn 0.000004 -0.906308 0.422619
vn -0.943557 0.223369 0.244553
vn 0.000001 -0.906308 0.422618
vn -0.90372 0.223368 0.365234
vn -0.000001 -0.906307 0.422619
vn -0.848516 0.223367 0.479716
vn 0.000001 -0.906308 0.422618
vn -0.778869 0.223367 0.586064
vn 0.000001 -0.906308 0.422618
vn -0.695937 0.223366 0.68248
vn 0.000002 -0.906309 0.422616
vn 0 0.906308 -0.422618
vn 0.972749 -0.222921 -0.063756
vn 0 0.906308 -0.422618
vn 0.974688 -0.223366 -0.009567
vn 0.97456 -0.223336 0.018812
vn 0.000001 -0.906308 0.422618
vn -0.000001 0.906307 -0.422619
vn 0.967594 -0.223366 0.117772
vn 0.963699 -0.223335 0.14631
vn 0.000002 -0.906308 0.422618
vn -0.000001 0.906308 -0.422619
vn 0.943915 -0.223366 0.24317
vn 0.936842 -0.223342 0.269158
vn 0.000001 -0.906308 0.422617
vn -0.000002 0.906308 -0.422619
vn 0.90403 -0.223367 0.364469
vn 0.894513 -0.22335 0.387247
vn 0.000002 -0.906307 0.422619
vn 0 0.906308 -0.422618
vn 0.848596 -0.223367 0.479574
vn 0.837268 -0.223356 0.499094
vn -0.000001 -0.906308 0.422619
vn 0 0.906308 -0.422617
vn 0.775822 -0.223374 0.590088
vn 0.765944 -0.22336 0.60286
vn -0.000001 -0.906308 0.422618
vn 0.681668 -0.223363 0.696733
vn -0.000002 -0.906309 0.422617
vn 0.77824 -0.223369 -0.586897
vn 0.000001 -0.906308 0.422619
vn 0.848051 -0.223369 -0.480537
vn 0.000002 -0.906308 0.422617
vn 0.903404 -0.22337 -0.366014
vn 0 -0.906307 0.422619
vn 0.943369 -0.223371 -0.245275
vn -0.000001 -0.906308 0.422618
vn 0.968281 -0.22335 -0.112008
vn 0.000004 -0.906308 0.422618
vn -0.896794 0.223366 0.381928
vn 0 0.906308 -0.422618
vn -0.839405 0.223366 0.495486
vn -0.000002 0.906309 -0.422616
vn 0.896967 -0.223367 -0.38152
vn 0 0.906308 -0.422617
vn -0.473874 0.22229 0.852074
vn 0 0.906309 -0.422616
vn -0.586788 0.223369 0.778322
vn 0.000001 0.906307 -0.422619
vn 0.587077 -0.223369 -0.778104
vn 0.000001 0.906307 -0.422621
vn 0.48088 -0.22337 -0.847857
vn 0.000001 0.906309 -0.422616
vn -1 0 0
vn 0 0.906308 -0.422617
vn 0.377754 -0.221598 -0.898997
vn -0.767752 0.223367 0.600553
vn 0 0.906308 -0.422618
vn 0.768001 -0.223368 -0.600234
vn -0.000001 0.906308 -0.422617
vn 0.839621 -0.223367 -0.495119
vn -0.000003 0.906309 -0.422616
vn -1 0 0
vn -0.000001 0.906308 -0.422618
vn -0.368477 0.220844 0.903024
vn -0.938919 0.223365 0.261798
vn -0.000001 0.906308 -0.422619
vn 0.923103 -0.222922 -0.313348
vn -0.000001 0.906308 -0.422619
vn -0.382445 0.223583 -0.896519
vn 0.000001 0.906308 -0.422618
vn -0.000002 -0.906308 0.422619
vn -0.99293 0.016009 -0.117618
vn -0.354163 0.223336 -0.908124
vn -1 0 0
vn -0.000002 -0.906306 0.422622
vn -0.469969 0.221457 0.854451
vn -1 0 0
vn -0.000002 -0.906307 0.422621
vn 0.481194 -0.22257 -0.847888
vn -0.683064 0.223368 0.695363
vn 0.000001 0.906307 -0.422621
vn 0.683338 -0.223368 -0.695094
vn 0.000001 0.906307 -0.42262
vn 0.000001 0.906308 -0.422617
vn -1 0 0
vn -0.312853 0.223083 -0.923232
vn 0 0.223171 -0.974779
vn -0.125075 0.223099 -0.966738
vn -0.246392 0.223125 -0.943136
vn 0 0.22333 -0.974743
vn -0.127081 0.223333 -0.966423
vn -0.253927 0.223572 -0.941029
vn 0.251453 -0.223402 0.941734
vn 0.128766 -0.223926 0.966062
vn 0.035017 -0.251735 0.967163
vn 0.267964 -0.224729 0.936852
vn 0.127141 -0.223249 0.966434
vn 0 -0.223175 0.974778
vn 0 0.223376 0.974732
vn -0.126613 0.223376 0.966474
vn -0.264717 0.222102 0.938401
vn 0 0.223376 0.974732
vn -0.129252 0.223376 0.966125
vn -0.254203 0.223376 0.941002
vn -0.375535 0.222671 0.899662
vn 0.269225 -0.221775 -0.937194
vn 0.126587 -0.223376 -0.966478
vn 0 -0.223376 -0.974732
vn 0.379254 -0.222389 -0.89817
vn 0.253643 -0.223376 -0.941153
vn 0.128696 -0.223376 -0.966199
vn 0 -0.223376 -0.974732
vn -0.60324 0.223359 0.765645
vn 0 -0.906308 0.422619
vn -0.588439 0.223372 0.777075
vn 0 0.906308 -0.422618
vn -0.497526 0.223361 0.838199
vn 0.000001 -0.906308 0.422617
vn -0.482366 0.223372 0.847011
vn 0 0.906308 -0.422617
vn -0.383203 0.223363 0.89625
vn 0 -0.906308 0.422619
vn -0.368069 0.223373 0.902569
vn 0 0.906307 -0.422619
vn -0.262263 0.223364 0.93879
vn 0 -0.906308 0.422619
vn -0.247483 0.223373 0.942792
vn 0 0.906308 -0.422618
vn 0.698347 -0.223357 -0.680017
vn 0 -0.906308 0.422619
vn 0.684539 -0.223371 -0.69391
vn 0 0.906308 -0.422618
vn 0.603072 -0.223359 -0.765777
vn 0 -0.906308 0.422619
vn 0.58849 -0.223372 -0.777036
vn 0 0.906308 -0.422618
vn 0.497353 -0.223361 -0.838302
vn 0.000001 -0.906308 0.422617
vn 0.482416 -0.223372 -0.846982
vn 0 0.906308 -0.422617
vn 0.383031 -0.223363 -0.896324
vn 0 -0.906308 0.422619
vn 0.368117 -0.223373 -0.902549
vn 0 0.906307 -0.422619
vn -0.781665 0.223355 0.582334
vn 0.000001 -0.906308 0.422617
vn -0.768884 0.22337 0.599102
vn 0.000001 0.906307 -0.422619
vn -0.974608 0.223348 -0.01598
vn 0 -0.906308 0.422618
vn -0.97471 0.223371 -0.006781
vn 0 1 0
vn -0.851285 0.223353 0.474792
vn 0 -0.906308 0.422618
vn -0.840208 0.223369 0.494122
vn 0 0.906308 -0.422618
vn -0.906172 0.223351 0.359118
vn 0.000001 -0.906308 0.422618
vn -0.897261 0.223368 0.380827
vn 0 0.906308 -0.422618
vn -0.945403 0.22335 0.237337
vn 0 -0.906308 0.422618
vn -0.941569 0.223376 0.252093
vn 0.000001 0.906308 -0.422618
vn -0.968332 0.223348 0.111576
vn 0 -0.906308 0.422618
vn 0 1 0
vn 0 0.906308 -0.422618
vn 0.967289 -0.22373 -0.119569
vn 0.968301 -0.223349 -0.11184
vn 0 -0.906308 0.422618
vn 0.781523 -0.223355 -0.582524
vn 0.000001 -0.906308 0.422617
vn 0.768936 -0.22337 -0.599035
vn 0.000001 0.906307 -0.422619
vn 0.851164 -0.223354 -0.475009
vn 0 -0.906308 0.422618
vn 0.840257 -0.223369 -0.494039
vn 0 0.906308 -0.422618
vn 0.906078 -0.223352 -0.359355
vn 0 -0.906308 0.422618
vn 0.897305 -0.223368 -0.380722
vn 0 0.906308 -0.422618
vn 0.941386 -0.223376 -0.252774
vn 0.000001 0.906308 -0.422618
vn 0.945339 -0.22335 -0.23759
vn 0 -0.906308 0.422618
vn -0.964174 0.223347 -0.143126
vn 0 -0.906308 0.422618
vn -0.966393 0.223377 -0.127229
vn 0 1 0
vn -0.941372 0.223376 -0.252827
vn -0.000001 -0.906308 0.422618
vn -0.011164 -0.183488 0.982959
vn -0.923103 0.22292 -0.31335
vn -0.014108 0.578786 0.815357
vn -0.923102 0.222923 -0.31335
vn 0.974612 -0.223349 0.015712
vn 0 -0.906308 0.422618
vn 0.974732 -0.223376 0.000001
vn 0 1 0
vn 0.964213 -0.223348 0.142861
vn 0 -0.906308 0.422618
vn 0.967242 -0.223372 0.120619
vn 0 1 0
vn 0.012994 -0.898952 0.437855
vn 0.923102 -0.222922 0.31335
vn 0.012564 -0.781319 0.624006
vn 0.923103 -0.222921 0.313349
vn 0 1 0
vn 0.924533 -0.223496 0.308688
vn -0.000001 -0.906308 0.422618
vn 0.941372 -0.223376 0.252827
vn -0.005844 0.913917 0.40586
vn 0.923101 -0.222922 0.313352
vn -1 0 0
vn 0 -0.906308 0.422617
vn 0.190179 -0.222922 -0.956106
vn 0 0.906307 -0.422619
vn -1 0 0
vn 0.190179 -0.222922 -0.956106
vn -0.698505 0.223357 0.679855
vn 0 -0.906307 0.422619
vn -0.684487 0.223371 0.693962
vn 0 0.906308 -0.422618
vn 0.262097 -0.223364 -0.938836
vn 0 -0.906307 0.422619
vn 0.247529 -0.223373 -0.94278
vn 0 0.906308 -0.422618
vn 0 1 0
vn 0 0.906308 -0.422618
vn -0.967363 0.223807 0.118821
vn 0.000538 -0.897661 0.440686
vn -0.923102 0.222922 -0.31335
vn 0.001019 -0.773681 0.633575
vn -0.923102 0.222921 -0.31335
vn -0.00955 0.968753 0.247842
vn -0.923102 0.222922 -0.313351
vn 0 1 0
vn -0.923404 0.223027 -0.312384
vn -0.007416 -0.335456 0.942027
vn 0.923103 -0.222921 0.313348
vn -0.001855 0.405361 0.914155
vn 0.923102 -0.222922 0.31335
vn -1 0 0
vn 0 -0.906309 0.422616
vn -0.19018 0.222922 0.956105
vn 0 0.906307 -0.422619
vn -1 0 0
vn -0.190179 0.222922 0.956106
vn 0 0.223376 0.974732
vn 0 0.224163 0.974552
vn -0.127835 0.223376 0.966313
vn -0.124947 0.223816 0.966589
vn 0.128024 -0.223376 -0.966288
vn 0.125167 -0.223501 -0.966634
vn 0 -0.223376 -0.974732
vn 0 -0.223376 -0.974732
vn -0.68771 0.223376 -0.690767
vn -0.592355 0.223376 -0.774092
vn -0.487709 0.223376 -0.843945
vn -0.375231 0.223376 -0.899614
vn -0.255736 0.223374 -0.940587
vn 0.591929 -0.223376 0.774418
vn 0.486819 -0.223376 0.844459
vn 0.373735 -0.223513 0.900202
vn 0.252121 -0.22409 0.941392
vn -0.901948 0.223375 -0.369586
vn -0.844784 0.223376 -0.486254
vn -0.771933 0.223376 -0.595166
vn 0.90218 -0.223374 0.369019
vn 0.844876 -0.223376 0.486094
vn 0.771941 -0.223376 0.595155
vn 0.687588 -0.223376 0.690888
vn -0.90131 0.223376 -0.371138
vn 0.901877 -0.223374 0.369759
vn 0.943466 0.223451 -0.244831
vn 0 1 0
vn -0.944365 -0.223875 0.240947
vn 0 1 0
vn 1 0 0
vn -0.000003 -0.90631 0.422614
vn -0.354423 -0.22687 -0.907146
vn 0 0.906308 -0.422618
vn 0.964669 0.223446 0.139589
vn 1 0 0
vn 0 0.906308 -0.422618
vn -0.240657 -0.222253 -0.944822
vn 0.498938 0.224297 -0.837109
vn 0.000001 0.906307 -0.42262
vn -0.380153 -0.22374 0.897454
vn 0 0.906309 -0.422617
vn 0.000001 -0.906308 0.422618
vn -0.938041 -0.222966 0.265263
vn -0.000001 -0.906309 0.422616
vn 1 0 0
vn -0.184042 -0.223218 -0.957237
vn 0 0.906307 -0.422619
vn -0.260911 -0.224706 0.938846
vn -0.000002 0.906307 -0.422619
vn 1 0 0
vn -0.184798 -0.223744 -0.956968
vn 0 1 0
vn 0 1 0
vn 0 1 0
vn 0 1 0
vn 0 1 0
vn 0 1 0
vn 0.092676 0.991161 -0.094927
vn 0.067042 0.993917 -0.087371
vn 0.067706 0.991161 -0.114087
vn 0.052236 0.991161 -0.121948
vn 0.035872 0.991161 -0.127723
vn 0.018894 0.991161 -0.131312
vn 0.270591 0.923187 -0.272957
vn 0.221401 0.93152 -0.288534
vn 0.193623 0.923188 -0.332016
vn 0.14863 0.923188 -0.354448
vn 0.101094 0.923188 -0.370816
vn 0.051828 0.923188 -0.380839
vn 0.43016 0.792484 -0.432355
vn 0.360669 0.805598 -0.470032
vn 0.306291 0.792484 -0.527403
vn 0.234831 0.792484 -0.56287
vn 0.159352 0.792484 -0.588707
vn 0.081148 0.792484 -0.60447
vn 0.560546 0.60794 -0.562314
vn 0.475326 0.624772 -0.619455
vn 0.398076 0.60794 -0.686982
vn 0.305001 0.60794 -0.733064
vn 0.206707 0.60794 -0.766604
vn 0.104877 0.60794 -0.787026
vn 0.660245 0.382091 -0.646594
vn 0.564184 0.390844 -0.727281
vn 0.46276 0.382108 -0.799904
vn 0.354393 0.382108 -0.853463
vn 0.239961 0.382108 -0.892419
vn 0.121425 0.382108 -0.916106
vn 0.686456 0.241071 -0.686049
vn 0.591033 0.241071 -0.769783
vn 0.485497 0.241071 -0.840344
vn 0.371656 0.241071 -0.896525
vn 0.251456 0.241071 -0.937366
vn 0.126955 0.241071 -0.962168
vn 0.687092 0.223374 -0.691381
vn 0.590968 0.223375 -0.775152
vn 0.484731 0.223375 -0.845659
vn 0.370204 0.223374 -0.901695
vn 0.249342 0.223374 -0.942302
vn 0.124214 0.223374 -0.966786
vn 0.693506 0.223372 -0.684948
vn 0 1 0
vn 0.598169 0.223372 -0.769609
vn 0 1 0
vn 0.492597 0.223372 -0.841102
vn 0 1 0
vn 0.378597 0.223372 -0.898203
vn 0 1 0
vn 0.25335 0.223376 -0.941232
vn 0 1 0
vn 0.122859 0.223374 -0.966959
vn 0 1 0
vn 0.000001 -1 -0.000001
vn 0 -1 0
vn 0 -1 0
vn 0 -1 0
vn 0 -1 0
vn 0 -1 0
vn 0 -1 0
vn -0.468153 -0.78248 0.410559
vn -0.117545 -0.977362 0.175919
vn -0.217556 -0.901807 0.373382
vn -0.171779 -0.895721 0.410093
vn -0.087178 -0.943312 0.320255
vn -0.04463 -0.943312 0.328893
vn -0.651026 -0.4254 0.62865
vn -0.53476 -0.444225 0.718816
vn -0.421722 -0.537112 0.730521
vn -0.322762 -0.537112 0.779317
vn -0.218279 -0.537112 0.814779
vn -0.110062 -0.537111 0.8363
vn -0.690417 -0.223381 0.688059
vn -0.5947 -0.223379 0.772291
vn -0.488807 -0.223382 0.843308
vn -0.374552 -0.223383 0.899895
vn -0.253887 -0.223383 0.941085
vn -0.125979 -0.223381 0.966556
vn -0.691078 -0.223372 0.687398
vn -0.595439 -0.223372 0.771724
vn -0.489612 -0.223372 0.842844
vn -0.375409 -0.223372 0.89954
vn -0.254784 -0.223372 0.940845
vn -0.1298 -0.223372 0.966052
vn -0.686077 -0.241076 0.686426
vn -0.590608 -0.241075 0.770107
vn -0.485033 -0.241075 0.84061
vn -0.371162 -0.241075 0.896728
vn -0.25094 -0.241075 0.937503
vn -0.126425 -0.241075 0.962237
vn -0.652928 -0.382241 0.653894
vn -0.561989 -0.38224 0.733526
vn -0.461433 -0.38224 0.800607
vn -0.352985 -0.38224 0.853987
vn -0.238497 -0.38224 0.892755
vn -0.11993 -0.38224 0.916247
vn -0.560574 -0.608137 0.562073
vn -0.48241 -0.608137 0.630436
vn -0.395991 -0.608137 0.688011
vn -0.3028 -0.608137 0.733813
vn -0.204428 -0.608137 0.767058
vn -0.102558 -0.608137 0.787179
vn -0.430114 -0.79271 0.431986
vn -0.370046 -0.792711 0.484434
vn -0.303647 -0.792711 0.528591
vn -0.232054 -0.79271 0.563703
vn -0.156491 -0.792711 0.589169
vn -0.07825 -0.792711 0.604555
vn -0.270421 -0.923381 0.272469
vn -0.232542 -0.923381 0.305436
vn -0.190683 -0.923381 0.333177
vn -0.145564 -0.923381 0.355215
vn -0.097953 -0.923382 0.371176
vn -0.048667 -0.923381 0.380786
vn -0.092335 -0.991248 0.09435
vn -0.079229 -0.991248 0.105595
vn -0.064768 -0.991248 0.115033
vn -0.049199 -0.991248 0.122503
vn -0.032788 -0.991248 0.127877
vn -0.015816 -0.991248 0.131063
vn 0 -1 0
vn 0 -1 0
vn 0 -1 0
vn 0 -1 0
vn 0 -1 0
vn 0 -1 0
vn 0.128316 0.223376 -0.96625
vn 0.25408 0.222924 -0.941142
vn 0.374103 0.222905 -0.9002
vn 0.488735 0.223376 -0.843351
vn 0.594863 0.223376 -0.772166
vn 0.690826 0.223376 -0.68765
vn 0.12799 0.223376 -0.966293
vn 0.253021 0.223376 -0.94132
vn 0.373723 0.223376 -0.900241
vn 0.488031 0.223376 -0.843759
vn 0.593991 0.223376 -0.772838
vn 0.689787 0.223376 -0.688692
vn -0.693726 -0.223372 0.684726
vn -0.598149 -0.223372 0.769625
vn -0.492348 -0.223372 0.841248
vn -0.377047 -0.219827 0.899729
vn -0.261856 -0.220169 0.939658
vn -0.132505 -0.223373 0.965685
vn -0.688688 -0.223376 0.689792
vn -0.592757 -0.223376 0.773784
vn -0.486685 -0.223376 0.844536
vn -0.372286 -0.223376 0.900836
vn -0.251519 -0.223376 0.941723
vn -0.126448 -0.223376 0.966496
vn 0 1 0
vn 0 1 0
vn 0 1 0
vn 0 1 0
vn 0 1 0
vn 0 1 0
vn 0.092676 0.991161 0.094927
vn 0.079492 0.991161 0.106212
vn 0.064948 0.991161 0.115679
vn 0.049293 0.991161 0.123167
vn 0.032795 0.991161 0.128547
vn 0.015736 0.991161 0.131728
vn 0.270591 0.923188 0.272957
vn 0.232646 0.923188 0.305942
vn 0.190721 0.923188 0.333692
vn 0.145534 0.923188 0.355731
vn 0.097856 0.923188 0.371684
vn 0.048505 0.923188 0.381277
vn 0.43016 0.792484 0.432355
vn 0.370044 0.792484 0.484805
vn 0.303597 0.792484 0.528959
vn 0.231956 0.792484 0.564061
vn 0.156347 0.792484 0.589512
vn 0.078063 0.792484 0.604876
vn 0.560546 0.60794 0.562314
vn 0.482351 0.60794 0.630671
vn 0.395903 0.60794 0.688236
vn 0.302683 0.60794 0.734024
vn 0.204284 0.60794 0.767253
vn 0.10239 0.60794 0.787353
vn 0.652879 0.382108 0.654021
vn 0.561923 0.382108 0.733645
vn 0.461353 0.382108 0.800716
vn 0.352892 0.382108 0.854085
vn 0.238392 0.382108 0.89284
vn 0.119814 0.382108 0.916318
vn 0.686056 0.241071 0.686449
vn 0.590584 0.241071 0.770127
vn 0.485007 0.241071 0.840627
vn 0.371134 0.241071 0.896741
vn 0.25091 0.241071 0.937512
vn 0.126394 0.241071 0.962242
vn 0.691388 0.223375 0.687085
vn 0.595787 0.223375 0.771454
vn 0.489992 0.223375 0.842622
vn 0.375816 0.223374 0.89937
vn 0.25521 0.223374 0.940729
vn 0.130237 0.223374 0.965993
vn 0.692338 0.223374 0.686128
vn 0 1 0
vn 0.596678 0.223374 0.770765
vn 0 1 0
vn 0.490812 0.223374 0.842144
vn 0 1 0
vn 0.376563 0.223374 0.899058
vn 0 1 0
vn 0.255889 0.223374 0.940545
vn 0 1 0
vn 0.130869 0.223375 0.965907
vn 0 1 0
vn 0.000001 -1 0.000001
vn 0 -1 0
vn 0 -1 0
vn 0 -1 0.000001
vn 0 -1 0.000001
vn 0 -1 0.000001
vn 0 -1 0
vn -0.410559 -0.782481 -0.468151
vn -0.269261 -0.895721 -0.353811
vn -0.16481 -0.943311 -0.288099
vn -0.139246 -0.949148 -0.282363
vn -0.121477 -0.782482 -0.610709
vn -0.056281 -0.895721 -0.441041
vn -0.62865 -0.4254 -0.651025
vn -0.513528 -0.537109 -0.66918
vn -0.421789 -0.537112 -0.730483
vn -0.355133 -0.444225 -0.822523
vn -0.218914 -0.425399 -0.87813
vn -0.110138 -0.53711 -0.836291
vn -0.69177 -0.22338 -0.686699
vn -0.59613 -0.223379 -0.771188
vn -0.490292 -0.223384 -0.842445
vn -0.376072 -0.223379 -0.899262
vn -0.255427 -0.223379 -0.940669
vn -0.130428 -0.22338 -0.965966
vn -0.687406 -0.223372 -0.69107
vn -0.591319 -0.223372 -0.774885
vn -0.485115 -0.223372 -0.84544
vn -0.370612 -0.223372 -0.901527
vn -0.249768 -0.223372 -0.942189
vn -0.124652 -0.223372 -0.96673
vn -0.686434 -0.241075 -0.686069
vn -0.591008 -0.241075 -0.7698
vn -0.48547 -0.241075 -0.840358
vn -0.371627 -0.241075 -0.896536
vn -0.251427 -0.241075 -0.937373
vn -0.126924 -0.241075 -0.962171
vn -0.653902 -0.38224 -0.65292
vn -0.563081 -0.38224 -0.732688
vn -0.462626 -0.38224 -0.799918
vn -0.354258 -0.38224 -0.85346
vn -0.239828 -0.38224 -0.892398
vn -0.121295 -0.38224 -0.916068
vn -0.566622 -0.60812 -0.555994
vn -0.483254 -0.61489 -0.623198
vn -0.397836 -0.608137 -0.686946
vn -0.304768 -0.608137 -0.732997
vn -0.206486 -0.608137 -0.766507
vn -0.10467 -0.608137 -0.786901
vn -0.430114 -0.79271 -0.431987
vn -0.361618 -0.804449 -0.471269
vn -0.305948 -0.792711 -0.527263
vn -0.234508 -0.792711 -0.562686
vn -0.159057 -0.792711 -0.588482
vn -0.080884 -0.792711 -0.604208
vn -0.27042 -0.923382 -0.272469
vn -0.222374 -0.930894 -0.289802
vn -0.193196 -0.923382 -0.331726
vn -0.148244 -0.923381 -0.354105
vn -0.100756 -0.923382 -0.370425
vn -0.051544 -0.923382 -0.380407
vn -0.092335 -0.991248 -0.09435
vn -0.067871 -0.993766 -0.08845
vn -0.067237 -0.991248 -0.113608
vn -0.051833 -0.991248 -0.121412
vn -0.035542 -0.991248 -0.127139
vn -0.018643 -0.991248 -0.13069
vn 0 -1 0
vn 0 -1 0
vn 0 -1 0
vn 0 -1 0
vn 0 -1 0
vn 0 -1 0
vn 0.124214 0.223375 0.966786
vn 0.249374 0.223375 0.942293
vn 0.370323 0.223375 0.901645
vn 0.486309 0.220697 0.845456
vn 0.589256 0.221016 0.777129
vn 0.687603 0.223376 0.690873
vn -0.685402 -0.223373 -0.693058
vn -0.589133 -0.223373 -0.776548
vn -0.482783 -0.223101 -0.846845
vn -0.367579 -0.223372 -0.902768
vn -0.246527 -0.223372 -0.943043
vn -0.121301 -0.223372 -0.967156
vn 0 1 0
vn 0.132655 0.991161 0.001592
vn 0.384346 0.923188 0.001675
vn 0.60989 0.792484 0.001555
vn 0.793982 0.60794 0.001254
vn 0.924117 0.382108 0.000812
vn 0.970507 0.241071 0.000282
vn 0.974728 0.223375 -0.003037
vn 0.974732 0.223376 -0.000981
vn 0 1 0
vn 0 1 0
vn 0 1 0
vn 0 1 0
vn 0 1 0
vn 0 1 0
vn 0 1 0
vn 0 1 0
vn 0 1 0
vn 0 1 0
vn 0 1 0
vn 0.131728 0.991161 -0.015736
vn 0.128547 0.991161 -0.032796
vn 0.123167 0.991161 -0.049294
vn 0.115679 0.991161 -0.064948
vn 0.122489 0.988009 -0.093988
vn 0.104273 0.991161 0.082018
vn 0.114087 0.991161 0.067706
vn 0.121948 0.991161 0.052236
vn 0.127723 0.991161 0.035872
vn 0.131312 0.991161 0.018894
vn 0.381276 0.923188 -0.048506
vn 0.371683 0.923188 -0.097857
vn 0.35573 0.923188 -0.145535
vn 0.333691 0.923188 -0.190722
vn 0.320722 0.914644 -0.246097
vn 0.303903 0.923188 0.235303
vn 0.332016 0.923188 0.193623
vn 0.354448 0.923188 0.14863
vn 0.370816 0.923188 0.101094
vn 0.380839 0.923188 0.051828
vn 0.604876 0.792484 -0.078064
vn 0.589511 0.792484 -0.156349
vn 0.564061 0.792484 -0.231958
vn 0.528958 0.792484 -0.303598
vn 0.497167 0.77929 -0.381487
vn 0.482913 0.792484 0.37251
vn 0.527403 0.792484 0.306291
vn 0.56287 0.792484 0.234831
vn 0.588706 0.792485 0.159353
vn 0.604469 0.792485 0.081148
vn 0.787353 0.60794 -0.102392
vn 0.767252 0.60794 -0.204287
vn 0.734023 0.60794 -0.302685
vn 0.688235 0.607941 -0.395904
vn 0.639919 0.5911 -0.491024
vn 0.629147 0.60794 0.484338
vn 0.686982 0.60794 0.398076
vn 0.733064 0.60794 0.305001
vn 0.766604 0.60794 0.206707
vn 0.787026 0.60794 0.104877
vn 0.916317 0.382109 -0.119816
vn 0.892839 0.382108 -0.238395
vn 0.854084 0.382108 -0.352894
vn 0.800715 0.382108 -0.461355
vn 0.739899 0.371858 -0.560598
vn 0.732659 0.382108 0.563208
vn 0.799904 0.382108 0.46276
vn 0.853463 0.382108 0.354393
vn 0.892419 0.382108 0.239961
vn 0.916106 0.382108 0.121425
vn 0.962241 0.241072 -0.126396
vn 0.937511 0.241071 -0.250913
vn 0.89674 0.241072 -0.371136
vn 0.840625 0.241071 -0.485009
vn 0.770129 0.241071 -0.590581
vn 0.769786 0.241071 0.591029
vn 0.840344 0.241071 0.485497
vn 0.896525 0.241071 0.371656
vn 0.937366 0.241071 0.251456
vn 0.962168 0.24107 0.126955
vn 0.965992 0.223375 -0.130239
vn 0.940729 0.223375 -0.255213
vn 0.899369 0.223375 -0.375818
vn 0.84262 0.223374 -0.489995
vn 0.771456 0.223374 -0.595784
vn 0.775155 0.223374 0.590964
vn 0.845659 0.223375 0.484732
vn 0.901695 0.223374 0.370204
vn 0.942302 0.223374 0.249342
vn 0.966786 0.223374 0.124214
vn 0.965589 0.223372 -0.1332
vn 0 1 0
vn 0.940592 0.223383 -0.255709
vn 0 1 0
vn 0.901808 0.223375 -0.369926
vn 0 1 0
vn 0.847153 0.223372 -0.482117
vn 0 1 0
vn 0.776977 0.223372 -0.588568
vn 0 1 0
vn 0.776141 0.223374 0.589669
vn 0 1 0
vn 0.846638 0.223374 0.48302
vn 0 1 0
vn 0.902599 0.223373 0.367994
vn 0 1 0
vn 0.943362 0.226114 0.242775
vn 0 1 0
vn 0.965653 0.226608 0.127131
vn 0 1 0
vn 0.000001 -1 0
vn -0.621345 -0.782478 -0.040725
vn -0.621345 -0.782478 -0.040725
vn -0.972748 -0.222926 0.063758
vn -0.974574 -0.223342 0.017995
vn -0.97473 -0.223372 -0.002596
vn -0.970506 -0.241075 0.000252
vn -0.924063 -0.382241 0.000689
vn -0.793831 -0.608138 0.001066
vn -0.609596 -0.792711 0.001329
vn -0.383881 -0.923382 0.001451
vn -0.132006 -0.991248 0.001426
vn 0 -1 0
vn 0 -1 0
vn 0 -1 0
vn 0 -1 0
vn 0 -1 0
vn 0 -1 0
vn 0 -1 0
vn 0 -1 0
vn 0 -1 0
vn 0 -1 0
vn 0 -1 0
vn -0.30878 -0.949148 0.061421
vn -0.320936 -0.943312 0.084629
vn -0.411445 -0.895721 0.168513
vn -0.3751 -0.901807 0.214581
vn -0.35381 -0.895722 0.26926
vn -0.175919 -0.977361 -0.117546
vn -0.373382 -0.901806 -0.217557
vn -0.410093 -0.895721 -0.17178
vn -0.320253 -0.943312 -0.087178
vn -0.428216 -0.901806 -0.058109
vn -0.886412 -0.444224 0.130148
vn -0.814759 -0.537112 0.218354
vn -0.779287 -0.537113 0.322834
vn -0.730481 -0.537115 0.421788
vn -0.66918 -0.537111 0.513528
vn -0.718815 -0.444227 -0.53476
vn -0.73052 -0.537114 -0.421722
vn -0.779318 -0.537109 -0.322763
vn -0.81478 -0.53711 -0.21828
vn -0.770338 -0.625789 -0.12234
vn -0.966233 -0.223379 0.128435
vn -0.940793 -0.223415 0.25494
vn -0.900722 -0.223384 0.372559
vn -0.844972 -0.223387 0.485922
vn -0.77432 -0.22338 0.592055
vn -0.775568 -0.223381 -0.59042
vn -0.846083 -0.223384 -0.483987
vn -0.902098 -0.223379 -0.369216
vn -0.942795 -0.224616 -0.246345
vn -0.962967 -0.225195 -0.148266
vn -0.96673 -0.223372 0.124654
vn -0.942189 -0.223372 0.249771
vn -0.901526 -0.223372 0.370615
vn -0.845439 -0.223372 0.485116
vn -0.774888 -0.223372 0.591316
vn -0.771727 -0.223372 -0.595435
vn -0.842843 -0.223373 -0.489612
vn -0.89954 -0.223372 -0.375409
vn -0.940845 -0.223372 -0.254784
vn -0.966052 -0.223372 -0.1298
vn -0.962171 -0.241075 0.126926
vn -0.937372 -0.241074 0.251429
vn -0.896534 -0.241075 0.37163
vn -0.840357 -0.241075 0.485471
vn -0.769803 -0.241076 0.591004
vn -0.77011 -0.241075 -0.590604
vn -0.84061 -0.241075 -0.485034
vn -0.896728 -0.241075 -0.371162
vn -0.937503 -0.241075 -0.25094
vn -0.962237 -0.241075 -0.126425
vn -0.916067 -0.38224 0.121297
vn -0.892397 -0.382241 0.239831
vn -0.853458 -0.382241 0.35426
vn -0.799917 -0.382241 0.462627
vn -0.732691 -0.382241 0.563077
vn -0.73353 -0.38224 -0.561984
vn -0.800607 -0.38224 -0.461434
vn -0.853987 -0.382241 -0.352985
vn -0.892755 -0.382241 -0.238498
vn -0.916247 -0.38224 -0.11993
vn -0.7869 -0.608138 0.104672
vn -0.766505 -0.608139 0.206488
vn -0.732997 -0.608137 0.30477
vn -0.686945 -0.608137 0.397838
vn -0.629142 -0.608137 0.484097
vn -0.637287 -0.600319 -0.4832
vn -0.688011 -0.608138 -0.395991
vn -0.733812 -0.608138 -0.3028
vn -0.767058 -0.608138 -0.204428
vn -0.787179 -0.608138 -0.102558
vn -0.604208 -0.792711 0.080885
vn -0.588481 -0.792711 0.159058
vn -0.562686 -0.79271 0.23451
vn -0.527262 -0.792711 0.305949
vn -0.482818 -0.792711 0.372151
vn -0.495607 -0.780867 -0.380289
vn -0.528591 -0.792711 -0.303647
vn -0.563703 -0.79271 -0.232054
vn -0.589169 -0.792711 -0.156491
vn -0.604555 -0.792711 -0.07825
vn -0.380407 -0.923381 0.051545
vn -0.370425 -0.923382 0.100757
vn -0.354104 -0.923382 0.148245
vn -0.331726 -0.923381 0.193197
vn -0.303671 -0.923382 0.234842
vn -0.318898 -0.915657 -0.244696
vn -0.333177 -0.923381 -0.190683
vn -0.355215 -0.923381 -0.145564
vn -0.371176 -0.923382 -0.097953
vn -0.380786 -0.923381 -0.048667
vn -0.13069 -0.991248 0.018644
vn -0.127139 -0.991248 0.035543
vn -0.121412 -0.991248 0.051834
vn -0.113607 -0.991248 0.067238
vn -0.103859 -0.991248 0.08149
vn -0.120598 -0.988379 -0.092537
vn -0.115033 -0.991248 -0.064768
vn -0.122503 -0.991248 -0.049199
vn -0.127877 -0.991248 -0.032788
vn -0.131063 -0.991248 -0.015816
vn 0 -1 0
vn 0 -1 0
vn 0 -1 0
vn 0 -1 0
vn 0 -1 0
vn 0 -1 0
vn 0 -1 0
vn 0 -1 0
vn 0 -1 0
vn 0 -1 0
vn 0.774953 0.223375 -0.591228
vn 0.845761 0.223375 -0.484554
vn 0.901954 0.223375 -0.369572
vn 0.942439 0.223375 -0.248823
vn 0.966529 0.223376 -0.126196
vn 0.974728 0.223374 -0.003153
vn 0.773777 0.223376 -0.592767
vn 0.844528 0.223376 -0.486699
vn 0.90083 0.223376 -0.372302
vn 0.941718 0.223376 -0.251536
vn 0.966494 0.223376 -0.126465
vn 0.974732 0.223376 0.000856
vn 0.966254 0.223376 0.128279
vn 0.941185 0.223376 0.253522
vn 0.899947 0.223376 0.37443
vn 0.843246 0.223376 0.488917
vn 0.772055 0.223376 0.595008
vn -0.923103 -0.222924 -0.313346
vn -0.974732 -0.223376 0.000292
vn -0.967169 -0.223372 0.1212
vn -0.943514 -0.223369 0.244719
vn -0.903479 -0.22337 0.365831
vn -0.84776 -0.22337 0.481049
vn -0.777419 -0.223371 0.587984
vn -0.77012 -0.223373 -0.597511
vn -0.841624 -0.223373 -0.491705
vn -0.898681 -0.223374 -0.377461
vn -0.940311 -0.223374 -0.256746
vn -0.965803 -0.223374 -0.13164
vn -0.974731 -0.223376 -0.001706
vn -0.966291 -0.223376 0.128007
vn -0.941316 -0.223376 0.253038
vn -0.900235 -0.223376 0.373739
vn -0.843751 -0.223376 0.488045
vn -0.772831 -0.223376 0.594
vn 0 -0.906308 0.422618
vn 0.679902 0.223357 -0.698459
vn 0 0.906308 -0.422618
vn 0.700817 0.223346 -0.677474
vn 0 -0.906308 0.422618
vn 0.583511 0.223359 -0.780786
vn 0 0.906308 -0.422618
vn 0.606384 0.223345 -0.763162
vn 0 -0.906308 0.422618
vn 0.477341 0.223361 -0.849856
vn 0 0.906308 -0.422619
vn 0.500306 0.223351 -0.836546
vn 0.000001 -0.906308 0.422617
vn 0.363185 0.223364 -0.904547
vn 0 0.906307 -0.422619
vn 0.383801 0.223361 -0.895995
vn 1 0 0
vn 0 -0.906307 0.422619
vn 0.19018 0.222922 -0.956105
vn 1 0 0
vn 0 0.906308 -0.422617
vn 0.190181 0.222922 -0.956105
vn 0 -0.906308 0.422619
vn 0.245734 0.223371 -0.94325
vn 0 0.906308 -0.422619
vn 0.259115 0.223369 -0.939662
vn 0 -0.906308 0.422618
vn -0.583713 -0.22336 0.780634
vn 0 0.906308 -0.422618
vn -0.606278 -0.223346 0.763245
vn 0 -0.906308 0.422618
vn -0.475894 -0.224462 0.850377
vn 0 0.906308 -0.422619
vn -0.500663 -0.22335 0.836332
vn 0.000001 -0.906308 0.422617
vn -0.363593 -0.224473 0.904108
vn 0 0.906308 -0.422619
vn -0.384745 -0.223358 0.895591
vn 0 -0.906308 0.422618
vn -0.246336 -0.223372 0.943092
vn 1 0 0
vn 0 -0.906307 0.422619
vn -0.190178 -0.222922 0.956106
vn 1 0 0
vn 0 0.906308 -0.422617
vn -0.190179 -0.222922 0.956106
vn 0 0.906308 -0.422618
vn 0.583173 0.223358 0.781039
vn 0.000001 -0.906307 0.42262
vn 0.602479 0.223361 0.766243
vn 0 0.906308 -0.422619
vn 0.476898 0.22336 0.850105
vn 0 -0.906308 0.422619
vn 0.496745 0.223363 0.838662
vn 0 0.906308 -0.422619
vn 0.362581 0.223362 0.90479
vn 0 -0.906308 0.422618
vn 0.382428 0.223364 0.896581
vn -0.000001 0.906307 -0.422619
vn 0.245088 0.22337 0.943418
vn -0.000001 -0.906309 0.422616
vn 0.261514 0.223366 0.938999
vn 0 0.906308 -0.422619
vn -0.679762 -0.223356 -0.698595
vn 0.000001 -0.906308 0.422619
vn -0.697599 -0.22336 -0.680783
vn 0 0.906308 -0.422618
vn -0.583325 -0.223358 -0.780924
vn 0.000001 -0.906307 0.42262
vn -0.602277 -0.223362 -0.766402
vn 0 0.906308 -0.422619
vn -0.477052 -0.22336 -0.850019
vn 0.000001 -0.906308 0.422619
vn -0.496539 -0.223364 -0.838783
vn 0 0.906308 -0.422619
vn -0.362732 -0.223362 -0.904729
vn 0 -0.906308 0.422619
vn -0.382223 -0.223365 -0.896668
vn -0.000001 0.906307 -0.422619
vn -0.245629 -0.223371 -0.943277
vn -0.000001 -0.906309 0.422617
vn -0.261315 -0.223366 -0.939054
vn -0.000001 0.906308 -0.422618
vn 0.964189 0.223348 0.143023
vn 0 -0.906308 0.422618
vn 0.968191 0.223353 0.112779
vn 0 0.906308 -0.422618
vn 0.974606 0.223347 0.016101
vn 0 -0.906308 0.422618
vn 0.974626 0.223352 -0.01476
vn 0.000002 0.906308 -0.422619
vn 0.968372 0.223347 -0.11123
vn 0.000001 -0.906308 0.422618
vn 0.964351 0.223352 -0.141921
vn 0.000001 0.906308 -0.422618
vn 0.944815 0.223357 -0.239659
vn -0.000001 -0.906308 0.422619
vn 0.937593 0.223352 -0.266523
vn 0 0.906308 -0.422618
vn 0.904602 0.223363 -0.36305
vn 0.000001 -0.906308 0.422618
vn 0.894863 0.223352 -0.386438
vn 0.000001 -0.906308 0.422618
vn 0.836944 0.223354 -0.499638
vn 0 0.906308 -0.422618
vn 0.851838 0.223349 -0.473801
vn -0.000001 -0.906307 0.422619
vn 0.764869 0.223355 -0.604225
vn 0 0.906308 -0.422618
vn 0.782758 0.223349 -0.580866
vn -0.000001 0.906308 -0.422619
vn 0.679616 0.223356 0.698738
vn 0.000001 -0.906307 0.422619
vn 0.697788 0.22336 0.68059
vn 0 0.906308 -0.422618
vn 0.764595 0.223354 0.604572
vn 0 -0.906308 0.422618
vn 0.781019 0.223358 0.583199
vn -0.000001 0.906307 -0.422619
vn 0.836665 0.223352 0.500105
vn 0.000002 -0.906307 0.422619
vn 0.850735 0.223356 0.475775
vn -0.000001 0.906308 -0.422619
vn 0.894586 0.22335 0.387079
vn 0.000001 -0.906308 0.422619
vn 0.905742 0.223355 0.3602
vn -0.000001 0.906308 -0.422618
vn 0.937348 0.223349 0.267382
vn -0.000001 -0.906308 0.422618
vn 0.945111 0.223354 0.238494
vn 0 0.906308 -0.422618
vn -0.76473 -0.223354 -0.604401
vn 0.000001 -0.906308 0.422618
vn -0.780849 -0.223359 -0.583426
vn -0.000002 0.906307 -0.422619
vn -0.836782 -0.223353 -0.499909
vn 0.000002 -0.906307 0.42262
vn -0.85059 -0.223357 -0.476034
vn -0.000001 0.906308 -0.422619
vn -0.894681 -0.223351 -0.38686
vn 0.000002 -0.906308 0.422619
vn -0.905629 -0.223356 -0.360484
vn -0.000001 0.906308 -0.422618
vn -0.937416 -0.22335 -0.267144
vn -0.000001 -0.906308 0.422618
vn -0.945034 -0.223354 -0.238798
vn -0.000001 0.906308 -0.422618
vn -0.964226 -0.223349 -0.142772
vn -0.000001 -0.906308 0.422618
vn -0.968154 -0.223354 -0.113097
vn 0 0.906308 -0.422618
vn -0.97461 -0.223348 -0.015844
vn 0 -0.906308 0.422618
vn -0.974631 -0.223353 0.014438
vn 0.000002 0.906308 -0.422619
vn -0.968342 -0.223348 0.111487
vn 0.000001 -0.906308 0.422618
vn -0.964397 -0.223353 0.141604
vn 0.000001 0.906308 -0.422618
vn -0.944677 -0.223359 0.2402
vn -0.000001 -0.906308 0.422619
vn -0.937679 -0.223353 0.266217
vn 0.000001 0.906308 -0.422618
vn -0.90404 -0.223367 0.364444
vn 0.000001 -0.906308 0.422618
vn -0.894986 -0.223353 0.386153
vn 0.000001 -0.906308 0.422618
vn -0.837097 -0.223354 0.499381
vn 0 0.906308 -0.422619
vn -0.85165 -0.22335 0.474137
vn -0.000001 -0.906307 0.422619
vn -0.765047 -0.223356 0.604
vn 0 0.906308 -0.422618
vn -0.7825 -0.22335 0.581213
vn 0 -0.906308 0.422618
vn -0.680096 -0.223358 0.69827
vn 0 0.906308 -0.422618
vn -0.700555 -0.223347 0.677745
vn -0.000001 -0.906309 0.422616
vn 1 0 0
vn 0.19018 0.222922 0.956105
vn -0.000002 0.906307 -0.422619
vn 1 0 0
vn 0.19018 0.222922 0.956105
vn 0.000001 -0.906307 0.42262
vn 0.376849 0.223374 0.898938
vn 0 -0.906308 0.422618
vn 0.495818 0.223365 0.839209
vn -0.000001 -0.906308 0.422617
vn 0.601279 0.223365 0.767184
vn 0 -0.906308 0.422617
vn 0.694122 0.223152 0.684396
vn 0 -0.906308 0.422617
vn -0.696714 -0.223364 -0.681688
vn -0.000001 -0.906309 0.422617
vn -0.601337 -0.223365 -0.767139
vn -0.000001 -0.906308 0.422617
vn -0.495575 -0.223366 -0.839352
vn 0.000001 -0.906307 0.42262
vn -0.381265 -0.223367 -0.897075
vn 0.997636 0.014668 0.067137
vn 0 -0.906309 0.422617
vn -0.233401 -0.224344 -0.946147
vn -0.000001 -0.906308 0.422617
vn 0.850081 0.22336 0.476941
vn 0.000001 -0.906307 0.422619
vn 0.778323 0.223369 0.586788
vn 0.000001 -0.906307 0.422619
vn -0.780051 -0.223362 -0.584491
vn -0.000002 -0.906308 0.422617
vn -0.84991 -0.223361 -0.477245
vn 0.247649 0.223374 0.942748
vn 0.000001 0.90631 -0.422614
vn 0 0.90631 -0.422614
vn 0.999957 -0.008381 0.003908
vn -0.183669 -0.223257 -0.957299
vn 0.000001 0.906308 -0.422618
vn 0.999987 -0.004545 0.002119
vn 0.19018 0.222922 -0.956105
vn 0 -0.906308 0.422618
vn 0.999261 -0.009132 0.037328
vn 0.19018 0.222922 -0.956105
vn 0.363271 0.223364 0.904513
vn -0.000001 0.906307 -0.42262
vn 0.4776 0.223362 0.84971
vn 0 0.906308 -0.422618
vn 0.583868 0.22336 0.780518
vn 0.000001 0.906308 -0.422617
vn -0.584051 -0.223361 -0.780381
vn 0 0.906308 -0.422618
vn -0.477786 -0.223363 -0.849606
vn 0 0.906308 -0.422618
vn -0.363453 -0.223364 -0.904439
vn -0.000001 0.906307 -0.422621
vn -0.248361 -0.223374 -0.942561
vn -0.000001 0.90631 -0.422614
vn 0.895014 0.223354 0.386086
vn 0 0.906308 -0.422618
vn -0.000002 -0.906308 0.422618
vn 0.904613 0.223102 0.36318
vn 0.837195 0.223355 0.499216
vn 0 0.906308 -0.422619
vn 0.765205 0.223357 0.603799
vn -0.000001 0.906307 -0.422619
vn -0.765366 -0.223357 -0.603594
vn -0.000001 0.906308 -0.422619
vn -0.837335 -0.223356 -0.498981
vn 0 0.906308 -0.422619
vn -0.895127 -0.223355 -0.385824
vn 0 0.906308 -0.422618
vn -0.000002 -0.906308 0.422618
vn -0.905096 -0.22336 -0.361818
vn 0.000001 -0.906308 0.422618
vn 0.895433 0.223509 -0.385024
vn 0.906017 0.223352 -0.359508
vn -0.000001 0.906308 -0.422618
vn 0.945252 0.223352 -0.237934
vn -0.000002 0.906308 -0.422618
vn 0 -0.906308 0.422618
vn 0.938038 0.223357 -0.264947
vn 0.968236 0.223351 -0.112399
vn -0.000001 0.906308 -0.422618
vn 0.000004 -0.906308 0.422618
vn 0.96456 0.223356 -0.140488
vn 0.974624 0.223351 0.014933
vn 0 0.906308 -0.422618
vn 0.000001 -0.906308 0.422618
vn 0.974646 0.223356 -0.013308
vn 0.964356 0.223352 0.141887
vn -0.000001 0.906308 -0.422618
vn 0 -0.906308 0.422618
vn 0.967957 0.223616 0.114261
vn 0.937654 0.223353 0.266306
vn 0 0.906308 -0.422618
vn -0.000002 -0.906308 0.422618
vn 0.94448 0.223648 0.240705
vn -0.937735 -0.223353 -0.26602
vn 0 0.906308 -0.422618
vn -0.000002 -0.906308 0.422618
vn -0.94467 -0.223359 -0.240226
vn -0.9644 -0.223353 -0.141586
vn -0.000001 0.906308 -0.422618
vn -0.000001 -0.906308 0.422618
vn -0.967978 -0.223358 -0.114585
vn -0.974628 -0.223352 -0.014624
vn 0 0.906308 -0.422618
vn 0 -0.906308 0.422619
vn -0.974651 -0.223358 0.01293
vn -0.9682 -0.223352 0.112709
vn -0.000001 0.906308 -0.422618
vn 0.000004 -0.906308 0.422618
vn -0.964549 -0.222954 0.141196
vn -0.945176 -0.223353 0.238235
vn -0.000002 0.906308 -0.422618
vn 0.000001 -0.906308 0.422618
vn -0.895607 -0.223727 0.384493
vn -0.905904 -0.223353 0.359794
vn -0.000001 0.906308 -0.422618
vn 0.262318 0.223364 -0.938775
vn 0 0.906307 -0.422619
vn 0 -0.906308 0.422619
vn 0.248574 0.223375 -0.942504
vn 0 -0.906308 0.422617
vn 0.364081 0.223366 -0.904186
vn 0.383249 0.223362 -0.89623
vn -0.000001 0.906309 -0.422617
vn 0 -0.906308 0.422619
vn 0.478568 0.223718 -0.849072
vn 0.497561 0.223361 -0.838179
vn 0 0.906307 -0.42262
vn 0 -0.906308 0.422617
vn 0.584765 0.223363 -0.779845
vn 0.603253 0.223359 -0.765635
vn 0 0.906308 -0.422618
vn 0.000001 -0.906308 0.422617
vn -0.584664 -0.223363 0.779921
vn -0.603045 -0.223359 0.765798
vn 0 0.906308 -0.422618
vn 0 -0.906308 0.422619
vn -0.478502 -0.223364 0.849202
vn -0.494945 -0.223367 0.839724
vn 0.000001 0.906307 -0.42262
vn 0 -0.906308 0.422617
vn -0.364315 -0.223366 0.904092
vn -0.262118 -0.223365 0.93883
vn 0 0.906307 -0.422619
vn 0 -0.906308 0.422619
vn -0.249361 -0.223375 0.942296
vn 0.000001 -0.906308 0.422618
vn 0.680778 0.22336 -0.697604
vn 0.698479 0.223357 -0.679881
vn 0.000001 0.906307 -0.422619
vn 0.000001 -0.906308 0.422618
vn 0.76567 0.223359 -0.603209
vn 0.78159 0.223355 -0.582434
vn 0 0.906308 -0.422618
vn 0.000001 -0.906308 0.422618
vn 0.837635 0.223358 -0.498476
vn 0.851161 0.223354 -0.475014
vn 0.000002 0.906307 -0.422619
vn 0.000001 -0.906308 0.422618
vn -0.837815 -0.223358 0.498173
vn -0.851014 -0.223354 0.475277
vn 0.000001 0.906307 -0.422619
vn 0.000001 -0.906308 0.422618
vn -0.765878 -0.22336 0.602944
vn -0.781416 -0.223356 0.582668
vn 0 0.906308 -0.422618
vn 0.000001 -0.906308 0.422618
vn -0.681006 -0.223361 0.697381
vn -0.698285 -0.223358 0.680081
vn 0.000001 0.906307 -0.422619
vn 0 0.906308 -0.422618
vn 0.999967 -0.005085 0.006266
vn -0.190178 -0.222922 0.956106
vn 0.997061 0.017397 0.074615
vn 0 -0.906309 0.422615
vn 0.232155 0.22363 0.946622
vn 0.000002 0.906309 -0.422616
vn 0.999918 -0.005606 0.011526
vn 0.19018 0.222922 0.956105
vn 0.68028 0.223358 0.69809
vn -0.000002 0.906307 -0.422621
vn -0.680455 -0.223359 -0.697919
vn -0.000003 0.906307 -0.422621
vn 0 -0.906308 0.422619
vn 0.999092 -0.009675 0.041495
vn -0.190179 -0.222922 0.956106
vn 0.129836 0.222813 0.966177
vn 0.127948 0.223742 0.966214
vn -0.122854 -0.223302 -0.966976
vn -0.129026 -0.224021 -0.966006
vn 0.127395 0.223616 0.966316
vn 0.128509 0.223447 0.966207
vn -0.121643 -0.22392 -0.966986
vn -0.12211 -0.223537 -0.967016
vn 0.12426 0.223375 -0.96678
vn 0.124922 0.223376 -0.966694
vn 0.125581 0.223376 -0.966609
vn 0.122331 0.223373 -0.967026
vn -0.124573 -0.223375 0.966739
vn -0.125234 -0.223376 0.966654
vn -0.125892 -0.223376 0.966568
vn -0.122422 -0.223373 0.967015
vn 1 0 0
vn 0.000001 -0.906309 0.422616
vn 0.223175 0.221836 -0.9492
vn 0.000002 -0.906309 0.422615
vn 0.358504 0.221299 -0.906919
vn 0.000001 -0.906308 0.422618
vn 0.47934 0.223367 -0.848729
vn 0.000001 -0.906309 0.422616
vn 0.585495 0.223365 -0.779296
vn 0.000001 -0.906308 0.422617
vn 0.6818 0.223364 -0.696604
vn 0.000001 -0.906309 0.422616
vn -0.585771 -0.223366 0.779089
vn 0 -0.906308 0.422618
vn -0.479619 -0.223367 0.848571
vn 0.000002 -0.906309 0.422616
vn -0.362134 -0.223103 0.905033
vn 1 0 0
vn 0.000001 -0.906309 0.422616
vn -0.226815 -0.223513 0.947944
vn 0 -0.906308 0.422618
vn 0.766603 0.223363 -0.602021
vn -0.000003 -0.906307 0.422621
vn 0.838441 0.223362 -0.497118
vn 0.000003 -0.906308 0.422617
vn 0.896058 0.223361 -0.383653
vn 0 -0.906308 0.422618
vn 0.938434 0.223361 -0.263538
vn -0.000005 0.906308 -0.422617
vn 0.944908 0.223356 -0.239293
vn -0.000002 -0.906308 0.422618
vn 0.964801 0.223361 -0.138815
vn -0.000005 0.906308 -0.422618
vn 0.968072 0.223356 -0.113793
vn 0 -0.906308 0.422619
vn 0.974667 0.223361 -0.011614
vn 0.974643 0.223356 0.013541
vn -0.000001 0.906308 -0.422618
vn 0.000002 -0.906308 0.422619
vn 0.967823 0.223362 0.115882
vn 0 0.906308 -0.422619
vn 0.938036 0.222783 0.265435
vn 0.000001 -0.906308 0.422619
vn 0.944352 0.223362 0.241473
vn -0.000001 0.906307 -0.422619
vn 0.895687 0.222818 0.384834
vn 0.000003 -0.906307 0.422619
vn 0.904628 0.223363 0.362983
vn 0 0.906307 -0.422619
vn -0.938111 -0.223358 -0.264686
vn 0.000001 -0.906308 0.422619
vn -0.944246 -0.223363 -0.241885
vn 0 0.906308 -0.422618
vn -0.964604 -0.223357 -0.140179
vn 0.000002 -0.906308 0.422619
vn -0.967771 -0.223363 -0.116313
vn 0 -0.906308 0.422619
vn -0.974671 -0.223362 0.011177
vn 0 0.906308 -0.422618
vn -0.974648 -0.223357 -0.013177
vn -0.000002 -0.906308 0.422619
vn -0.964862 -0.223362 0.138384
vn -0.000004 0.906308 -0.422618
vn -0.968029 -0.223357 0.114158
vn -0.000001 -0.906308 0.422618
vn -0.93855 -0.223362 0.263123
vn -0.000005 0.906308 -0.422617
vn -0.94482 -0.223193 0.23979
vn 0.000003 -0.906309 0.422617
vn -0.896224 -0.223362 0.383265
vn 0 0.906308 -0.422619
vn -0.906068 -0.224252 0.358821
vn -0.000003 -0.906307 0.42262
vn -0.838648 -0.223363 0.496767
vn 0 -0.906308 0.422618
vn -0.766844 -0.223364 0.601714
vn 0.000001 -0.906308 0.422618
vn -0.682063 -0.223365 0.696346
vn 1 0 0
vn 0.000002 0.906309 -0.422616
vn 0.19018 0.222922 -0.956105
vn 0.763142 0.223092 0.606502
vn 0.000003 0.906309 -0.422616
vn -0.000001 -0.906309 0.422617
vn 0.778271 0.223369 0.586856
vn 0.679631 0.223033 0.698826
vn 0.000002 0.906308 -0.422617
vn 0.000002 -0.906306 0.422621
vn 0.694491 0.223211 0.684002
vn -0.766119 -0.223361 -0.602637
vn 0.000003 0.906309 -0.422616
vn -0.000002 -0.906309 0.422616
vn -0.77912 -0.223366 -0.58573
vn -0.83799 -0.22336 -0.497879
vn 0.000001 0.906308 -0.422618
vn -0.000001 -0.906307 0.422619
vn -0.849118 -0.223365 -0.478652
vn 1 0 0
vn 0.000001 -0.906308 0.422619
vn 0.31335 0.222922 0.923102
vn 1 0 0
vn 0 0.906308 -0.422617
vn 0.234812 0.221396 0.946492
vn 0.36164 0.22147 0.905631
vn 0 0.906307 -0.422619
vn 0.000001 -0.906308 0.422619
vn 0.380425 0.223369 0.897431
vn 0.478438 0.223364 0.849238
vn 0 0.906308 -0.422618
vn 0 -0.906308 0.422617
vn 0.494732 0.223368 0.839849
vn 0.584695 0.223363 0.779898
vn 0.000002 0.906309 -0.422616
vn -0.000001 -0.906309 0.422616
vn 0.600438 0.223367 0.767842
vn -0.584911 -0.223363 -0.779736
vn 0.000002 0.906309 -0.422616
vn -0.000001 -0.906308 0.422617
vn -0.600241 -0.223368 -0.767996
vn -0.478657 -0.223365 -0.849115
vn 0 0.906308 -0.422617
vn 0 -0.906309 0.422616
vn -0.49445 -0.223369 -0.840015
vn -0.364311 -0.223366 -0.904094
vn 0 0.906307 -0.422619
vn 0.000001 -0.906308 0.422618
vn -0.380144 -0.223369 -0.89755
vn 1 0 0
vn 0.000001 -0.906308 0.422619
vn -0.313348 -0.222922 -0.923103
vn -0.000002 0.906308 -0.422619
vn -0.895655 -0.223359 -0.384594
vn 0.000003 -0.906307 0.422619
vn -0.904473 -0.223364 -0.363368
vn 0.905803 0.22372 -0.359819
vn 0.000001 0.906308 -0.422619
vn 0.261418 0.223366 -0.939025
vn 0 0.906308 -0.422618
vn 0.384705 0.224395 -0.895348
vn 0 0.906307 -0.422619
vn 0.602319 0.223362 -0.766369
vn 0.000002 0.906307 -0.422621
vn -0.602074 -0.223362 0.766561
vn 0.000002 0.906307 -0.422621
vn -0.496356 -0.223364 0.838892
vn 0.000001 0.906307 -0.42262
vn -0.382061 -0.223365 0.896737
vn 0 0.906307 -0.422619
vn -0.261182 -0.223367 0.939091
vn 0 0.906308 -0.422618
vn 0.697602 0.22336 -0.68078
vn 0 0.906308 -0.422618
vn 0.780804 0.223359 -0.583487
vn -0.000001 0.906308 -0.422618
vn 0.850912 0.223782 -0.475258
vn -0.000001 0.906308 -0.422618
vn -0.851402 -0.224404 0.474086
vn 0 0.906308 -0.422618
vn -0.780598 -0.22336 0.583761
vn -0.000001 0.906308 -0.422618
vn -0.697372 -0.223361 0.681015
vn -0.000001 0.906308 -0.422617
vn 0.837825 0.223359 0.498156
vn 0.000001 0.906308 -0.422618
vn 0 -0.906308 0.422619
vn 0.849315 0.223364 0.478301
vn -0.681277 -0.223362 -0.697116
vn 0.000002 0.906308 -0.422617
vn 0.000002 -0.906306 0.422621
vn -0.695682 -0.223367 -0.68274
vn 1 0 0
vn 0.000001 0.906308 -0.422617
vn -0.190179 -0.222922 0.956106
vn 0.12629 0.223376 -0.966516
vn 0.126889 0.223376 -0.966438
vn -0.126545 -0.223376 0.966483
vn -0.127197 -0.223376 0.966398
vn 0.130257 0.222865 0.966108
vn 0.126776 0.223376 0.966453
vn -0.134336 -0.222299 -0.965679
vn -0.126751 -0.223376 -0.966456
vn 0.250377 0.223173 0.942075
vn -0.251232 -0.222938 -0.941903
vn -0.000001 -0.906309 0.422615
vn 0.486377 0.223376 0.844713
vn 0.000001 -0.906307 0.422619
vn 0.599293 0.22337 0.768735
vn 0.000001 -0.906307 0.422621
vn -0.694497 -0.22337 -0.683944
vn 0.000002 -0.906307 0.422621
vn -0.598979 -0.223371 -0.768979
vn -0.000001 -0.906309 0.422617
vn -0.493152 -0.223371 -0.840777
vn -0.000002 -0.906308 0.422618
vn 0.943879 0.223366 0.243312
vn -0.000001 -0.906308 0.422618
vn 0.903936 0.223367 0.364701
vn -0.000003 -0.906309 0.422616
vn 0.848434 0.223368 0.479861
vn -0.000001 -0.906308 0.422618
vn 0.778318 0.223369 0.586795
vn 0.000002 -0.906306 0.422621
vn 0.694791 0.223369 0.683645
vn -0.000002 -0.906309 0.422617
vn -0.778052 -0.223369 -0.587146
vn -0.000004 -0.906309 0.422616
vn -0.848208 -0.223369 -0.480261
vn -0.000002 -0.906308 0.422617
vn -0.904145 -0.223366 -0.364183
vn 0.381202 0.223367 -0.897102
vn 0 0.906307 -0.422619
vn 0 -0.906308 0.422618
vn 0.369964 0.223396 -0.901788
vn 0.495487 0.223366 -0.839405
vn 0.000001 0.906308 -0.422618
vn 0.000001 -0.906308 0.422618
vn 0.480683 0.223369 -0.847968
vn 0 0.906307 -0.422619
vn 1 0 0
vn -0.247559 -0.224015 0.94262
vn 0.601225 0.223365 -0.767226
vn 0.000001 0.906307 -0.42262
vn -0.000001 -0.906307 0.422619
vn 0.586728 0.223368 -0.778368
vn -0.600941 -0.223366 0.767449
vn 0.000001 0.906307 -0.42262
vn -0.000001 -0.906307 0.42262
vn -0.587043 -0.223369 0.77813
vn -0.495197 -0.223367 0.839576
vn 0.000001 0.906308 -0.422618
vn 0.000001 -0.906308 0.422618
vn -0.480906 -0.22337 0.847841
vn -0.378505 -0.223372 0.898242
vn 0.000001 0.906308 -0.422619
vn 0 -0.906308 0.422618
vn -0.371214 -0.223376 0.901279
vn 0.696575 0.223364 -0.68183
vn 0 0.906308 -0.422617
vn -0.000003 -0.906307 0.42262
vn 0.682975 0.223367 -0.695451
vn 0.779883 0.223363 -0.584715
vn 0.000003 0.906307 -0.422621
vn 0 -0.906308 0.422618
vn 0.767674 0.223367 -0.600653
vn 0.84972 0.223362 -0.477582
vn 0.000001 0.906308 -0.422618
vn 0.000001 -0.906308 0.422618
vn 0.839364 0.223366 -0.495557
vn 0.904902 0.223361 -0.362302
vn 0.000001 0.906308 -0.422618
vn -0.000001 -0.906308 0.422619
vn 0.896793 0.223366 -0.381929
vn 0.944503 0.223361 -0.240882
vn 0.000001 0.906308 -0.422619
vn -0.000001 -0.906308 0.422618
vn 0.938949 0.223366 -0.261693
vn -0.944398 -0.223362 0.241292
vn 0 0.906308 -0.422619
vn -0.000001 -0.906308 0.422618
vn -0.93908 -0.223367 0.261221
vn -0.904746 -0.223362 0.36269
vn 0.000002 0.906308 -0.422619
vn -0.000002 -0.906308 0.422619
vn -0.896981 -0.223367 0.381488
vn -0.84952 -0.223363 0.477939
vn 0 0.906308 -0.422618
vn 0 -0.906308 0.422618
vn -0.839599 -0.223367 0.495157
vn -0.779645 -0.223364 0.585033
vn 0.000003 0.906307 -0.422621
vn 0.000001 -0.906308 0.422618
vn -0.766475 -0.224398 0.601799
vn -0.696309 -0.223365 0.682102
vn 0 0.906308 -0.422617
vn -0.000003 -0.906307 0.42262
vn -0.683316 -0.224339 0.694803
vn 0.967878 0.22336 -0.115423
vn -0.000004 0.906308 -0.422618
vn -0.000002 -0.906308 0.422618
vn 0.965074 0.223365 -0.136895
vn 0.974663 0.22336 0.011913
vn -0.000001 0.906308 -0.422618
vn 0 -0.906308 0.422618
vn 0.97471 0.223371 -0.006781
vn 0.964781 0.22336 0.13895
vn -0.000004 0.906308 -0.422619
vn -0.000002 -0.906308 0.422618
vn 0.967245 0.223088 0.121116
vn 0.938438 0.223361 0.263523
vn -0.000003 0.906307 -0.422619
vn 0.896115 0.223361 0.38352
vn -0.000004 0.906307 -0.42262
vn -0.896268 -0.223363 -0.383162
vn -0.000003 0.906307 -0.42262
vn -0.938547 -0.223362 -0.263134
vn -0.000003 0.906307 -0.422619
vn -0.000002 -0.906308 0.422618
vn -0.923103 -0.222927 -0.313345
vn -0.96484 -0.223362 -0.138541
vn -0.000004 0.906308 -0.422619
vn -0.000002 -0.906308 0.422618
vn -0.972749 -0.222922 -0.063756
vn -0.974668 -0.223361 -0.011493
vn -0.000001 0.906308 -0.422619
vn 0 -0.906308 0.422618
vn -0.974691 -0.223367 0.009174
vn -0.967827 -0.223361 0.115845
vn -0.000004 0.906308 -0.422617
vn -0.000002 -0.906308 0.422618
vn -0.965143 -0.223367 0.136405
vn 1 0 0
vn -0.000003 0.906308 -0.422619
vn 0.313348 0.222922 0.923103
vn 0.366718 0.223371 0.903119
vn -0.000001 0.906308 -0.422619
vn 0.479424 0.223367 0.848682
vn 0.000002 0.906308 -0.422617
vn 0.585666 0.223366 0.779168
vn 0.000002 0.906309 -0.422616
vn -0.585917 -0.223366 -0.778979
vn 0.000002 0.906309 -0.422616
vn -0.479679 -0.223367 -0.848537
vn 0.000002 0.906309 -0.422616
vn -0.367698 -0.223372 -0.90272
vn -0.000001 0.906308 -0.422618
vn 1 0 0
vn -0.000003 0.906308 -0.422618
vn -0.31335 -0.222957 -0.923094
vn 0.838561 0.223362 0.496916
vn -0.000001 0.906307 -0.422619
vn 0.765736 0.22303 0.603246
vn 0.000001 0.906309 -0.422616
vn -0.766996 -0.223364 -0.601519
vn 0.000001 0.906309 -0.422616
vn -0.838751 -0.223363 -0.496594
vn -0.000001 0.906307 -0.422619
vn 1 0 0
vn -0.000003 -0.90631 0.422613
vn 0.350071 0.225396 0.909201
vn -0.000001 -0.906309 0.422617
vn 1 0 0
vn 0.313095 0.223145 -0.923135
vn 0 0.906307 -0.422619
vn 1 0 0
vn 0.239533 0.223026 -0.944925
vn -0.000001 -0.906308 0.422617
vn 1 0 0
vn -0.313445 -0.222518 0.923167
vn 0.681658 0.223023 0.696852
vn 0.000002 0.906308 -0.422617
vn -0.682236 -0.223365 -0.696177
vn 0.000002 0.906308 -0.422617
vn 0.126733 0.223376 0.966458
vn 0.251195 0.223376 0.941809
vn 0.126671 0.223376 0.966467
vn 0.254102 0.22512 0.940613
vn -0.251714 -0.2234 -0.941665
vn -0.126697 -0.223376 -0.966463
vn -0.25566 -0.225922 -0.939999
vn -0.126642 -0.223376 -0.96647
vn 0.128506 0.223391 -0.966221
vn 0.129604 0.223638 -0.966017
vn 0.248555 0.223422 -0.942498
vn -0.249353 -0.221561 0.942727
vn -0.130234 -0.222002 0.96631
vn -0.137114 -0.224609 0.964754
vn -0.000001 0.906308 -0.422617
vn 0.494194 0.223369 -0.840166
vn 0.479881 0.223368 -0.848423
vn 0.000001 -0.906308 0.422617
vn -0.000003 0.906309 -0.422616
vn 0.599963 0.223368 -0.768213
vn 0.585681 0.223366 -0.779157
vn 0 -0.906308 0.422618
vn -0.000003 0.906308 -0.422617
vn 0.695391 0.223368 -0.683036
vn 0.681517 0.223363 -0.696881
vn 0.000001 -0.906308 0.422617
vn -0.000003 0.906309 -0.422616
vn -0.599639 -0.223369 0.768466
vn -0.000002 0.906308 -0.422617
vn -0.691681 -0.223489 0.686753
vn -0.585822 -0.223366 0.779051
vn 0 -0.906308 0.422618
vn -0.000001 0.906309 -0.422616
vn -0.493861 -0.22337 0.840361
vn -0.480012 -0.223368 0.848348
vn 0 -0.906308 0.422617
vn -0.379591 -0.22337 0.897784
vn -0.000001 0.906308 -0.422618
vn 0.000001 -0.906308 0.422618
vn 0.991105 0.017948 -0.131865
vn -0.372747 -0.223466 0.900624
vn -0.000002 0.906308 -0.422618
vn 0.999867 0.002201 -0.016172
vn -0.315936 -0.223334 0.922121
vn 0.593044 0.223376 0.773564
vn 0.000001 -0.906307 0.42262
vn -0.695138 -0.223369 -0.683293
vn -0.000002 -0.906309 0.422616
vn -0.600129 -0.223368 -0.768083
vn 0 -0.906308 0.422619
vn 0.778823 0.223367 -0.586125
vn -0.000001 0.906308 -0.422617
vn 0.765787 0.223359 -0.60306
vn 0.000001 -0.906308 0.422618
vn 0 0.906308 -0.422617
vn 0.848826 0.223366 -0.479168
vn 0.837111 0.223355 -0.499357
vn 0.000001 -0.906308 0.422618
vn 0.000001 0.906307 -0.422619
vn 0.904207 0.223366 -0.364029
vn 0.894371 0.223348 -0.387577
vn -0.000001 -0.906307 0.422619
vn 0.000001 0.906308 -0.422618
vn 0.944035 0.223365 -0.242705
vn 0.936739 0.22334 -0.269516
vn -0.000001 -0.906308 0.422618
vn 0.000001 0.906307 -0.42262
vn 0.967652 0.223365 -0.117294
vn 0.963671 0.223334 -0.146493
vn -0.000002 -0.906308 0.422618
vn 0 0.906308 -0.422618
vn 0.974842 0.222587 0.011778
vn 0.974572 0.223337 -0.018165
vn 0 -0.906308 0.422618
vn -0.000001 0.906308 -0.422618
vn 0.965234 0.222628 0.136964
vn 0.96812 0.223354 0.113386
vn -0.000004 -0.906308 0.422619
vn 0.943557 0.223369 0.244553
vn -0.000001 -0.906308 0.422618
vn 0.90372 0.223368 0.365234
vn 0.000001 -0.906307 0.422619
vn 0.848516 0.223367 0.479716
vn -0.000001 -0.906308 0.422618
vn 0.778869 0.223367 0.586064
vn -0.000001 -0.906308 0.422618
vn 0.695937 0.223366 0.68248
vn -0.000002 -0.906309 0.422616
vn 0 0.906308 -0.422618
vn -0.972749 -0.222921 -0.063756
vn 0 0.906308 -0.422618
vn -0.974688 -0.223366 -0.009567
vn -0.97456 -0.223336 0.018812
vn -0.000001 -0.906308 0.422618
vn 0.000001 0.906307 -0.422619
vn -0.967594 -0.223366 0.117772
vn -0.963699 -0.223335 0.14631
vn -0.000002 -0.906308 0.422618
vn 0.000001 0.906308 -0.422619
vn -0.943915 -0.223366 0.24317
vn -0.936842 -0.223342 0.269158
vn -0.000001 -0.906308 0.422617
vn 0.000002 0.906308 -0.422619
vn -0.90403 -0.223367 0.364469
vn -0.894513 -0.22335 0.387247
vn -0.000002 -0.906307 0.422619
vn 0 0.906308 -0.422618
vn -0.848596 -0.223367 0.479574
vn -0.837268 -0.223356 0.499094
vn 0.000001 -0.906308 0.422619
vn 0 0.906308 -0.422617
vn -0.775822 -0.223374 0.590088
vn -0.765944 -0.22336 0.60286
vn 0.000001 -0.906308 0.422618
vn -0.681668 -0.223363 0.696733
vn 0.000002 -0.906309 0.422617
vn -0.77824 -0.223369 -0.586897
vn -0.000001 -0.906308 0.422619
vn -0.848051 -0.223369 -0.480537
vn -0.000002 -0.906308 0.422617
vn -0.903404 -0.22337 -0.366014
vn 0 -0.906307 0.422619
vn -0.943369 -0.223371 -0.245275
vn 0.000001 -0.906308 0.422618
vn -0.968281 -0.22335 -0.112008
vn -0.000004 -0.906308 0.422618
vn 0.896794 0.223366 0.381928
vn 0 0.906308 -0.422618
vn 0.839405 0.223366 0.495486
vn 0.000002 0.906309 -0.422616
vn -0.896967 -0.223367 -0.38152
vn 0 0.906308 -0.422617
vn 0.473874 0.22229 0.852074
vn 0 0.906309 -0.422616
vn 0.586788 0.223369 0.778322
vn -0.000001 0.906307 -0.422619
vn -0.587077 -0.223369 -0.778104
vn -0.000001 0.906307 -0.422621
vn -0.48088 -0.22337 -0.847857
vn -0.000001 0.906309 -0.422616
vn 1 0 0
vn 0 0.906308 -0.422617
vn -0.377754 -0.221598 -0.898997
vn 0.767752 0.223367 0.600553
vn 0 0.906308 -0.422618
vn -0.768001 -0.223368 -0.600234
vn 0.000001 0.906308 -0.422617
vn -0.839621 -0.223367 -0.495119
vn 0.000003 0.906309 -0.422616
vn 1 0 0
vn 0.000001 0.906308 -0.422618
vn 0.368477 0.220844 0.903024
vn 0.938919 0.223365 0.261798
vn 0.000001 0.906308 -0.422619
vn -0.923103 -0.222922 -0.313348
vn 0.000001 0.906308 -0.422619
vn 0.382445 0.223583 -0.896519
vn -0.000001 0.906308 -0.422618
vn 0.000002 -0.906308 0.422619
vn 0.99293 0.016009 -0.117618
vn 0.354163 0.223336 -0.908124
vn 1 0 0
vn 0.000002 -0.906306 0.422622
vn 0.469969 0.221457 0.854451
vn 1 0 0
vn 0.000002 -0.906307 0.422621
vn -0.481194 -0.22257 -0.847888
vn 0.683064 0.223368 0.695363
vn -0.000001 0.906307 -0.422621
vn -0.683338 -0.223368 -0.695094
vn -0.000001 0.906307 -0.42262
vn -0.000001 0.906308 -0.422617
vn 1 0 0
vn 0.312853 0.223083 -0.923232
vn 0.125075 0.223099 -0.966738
vn 0.246392 0.223125 -0.943136
vn 0.127081 0.223333 -0.966423
vn 0.253927 0.223572 -0.941029
vn -0.251453 -0.223402 0.941734
vn -0.129353 -0.223481 0.966087
vn -0.019197 -0.237862 0.971109
vn -0.267964 -0.224729 0.936852
vn -0.127141 -0.223249 0.966434
vn 0.126613 0.223376 0.966474
vn 0.264717 0.222102 0.938401
vn 0.129252 0.223376 0.966125
vn 0.254203 0.223376 0.941002
vn 0.375535 0.222671 0.899662
vn -0.269225 -0.221775 -0.937194
vn -0.126587 -0.223376 -0.966478
vn -0.379254 -0.222389 -0.89817
vn -0.253643 -0.223376 -0.941153
vn -0.128696 -0.223376 -0.966199
vn 0.60324 0.223359 0.765645
vn 0 -0.906308 0.422619
vn 0.588439 0.223372 0.777075
vn 0 0.906308 -0.422618
vn 0.497526 0.223361 0.838199
vn -0.000001 -0.906308 0.422617
vn 0.482366 0.223372 0.847011
vn 0 0.906308 -0.422617
vn 0.383203 0.223363 0.89625
vn 0 -0.906308 0.422619
vn 0.368069 0.223373 0.902569
vn 0 0.906307 -0.422619
vn 0.262263 0.223364 0.93879
vn 0 -0.906308 0.422619
vn 0.247483 0.223373 0.942792
vn 0 0.906308 -0.422618
vn -0.698347 -0.223357 -0.680017
vn 0 -0.906308 0.422619
vn -0.684539 -0.223371 -0.69391
vn 0 0.906308 -0.422618
vn -0.603072 -0.223359 -0.765777
vn 0 -0.906308 0.422619
vn -0.58849 -0.223372 -0.777036
vn 0 0.906308 -0.422618
vn -0.497353 -0.223361 -0.838302
vn -0.000001 -0.906308 0.422617
vn -0.482416 -0.223373 -0.846982
vn 0 0.906308 -0.422617
vn -0.383031 -0.223363 -0.896324
vn 0 -0.906308 0.422619
vn -0.368117 -0.223373 -0.902549
vn 0 0.906307 -0.422619
vn 0.781665 0.223355 0.582334
vn -0.000001 -0.906308 0.422617
vn 0.768884 0.22337 0.599102
vn -0.000001 0.906307 -0.422619
vn 0.974608 0.223348 -0.01598
vn 0 -0.906308 0.422618
vn 0.974732 0.223377 0
vn 0 1 0
vn 0.851285 0.223353 0.474792
vn 0 -0.906308 0.422618
vn 0.840208 0.223369 0.494122
vn 0 0.906308 -0.422618
vn 0.906172 0.223351 0.359118
vn -0.000001 -0.906308 0.422618
vn 0.897261 0.223368 0.380827
vn 0 0.906308 -0.422618
vn 0.945403 0.22335 0.237337
vn 0 -0.906308 0.422618
vn 0.941569 0.223376 0.252093
vn -0.000001 0.906308 -0.422618
vn 0.968332 0.223348 0.111576
vn 0 -0.906308 0.422618
vn 0 1 0
vn 0 0.906308 -0.422618
vn -0.967289 -0.223731 -0.119569
vn -0.968301 -0.223349 -0.11184
vn 0 -0.906308 0.422618
vn -0.781523 -0.223355 -0.582524
vn -0.000001 -0.906308 0.422617
vn -0.768936 -0.223371 -0.599035
vn -0.000001 0.906307 -0.422619
vn -0.851164 -0.223354 -0.475009
vn 0 -0.906308 0.422618
vn -0.840257 -0.22337 -0.494039
vn 0 0.906308 -0.422618
vn -0.906078 -0.223352 -0.359355
vn 0 -0.906308 0.422618
vn -0.897305 -0.223368 -0.380722
vn 0 0.906308 -0.422618
vn -0.941386 -0.223376 -0.252774
vn -0.000001 0.906308 -0.422618
vn -0.945339 -0.22335 -0.23759
vn 0 -0.906308 0.422618
vn 0.964174 0.223347 -0.143126
vn 0 -0.906308 0.422618
vn 0.967256 0.223371 -0.120503
vn 0 1 0
vn 0.941372 0.223376 -0.252827
vn 0.000001 -0.906308 0.422618
vn 0.011164 -0.183488 0.982959
vn 0.923103 0.22292 -0.31335
vn 0.014108 0.578786 0.815357
vn 0.923102 0.222923 -0.31335
vn -0.974612 -0.223349 0.015712
vn 0 -0.906308 0.422618
vn -0.974711 -0.223372 0.006665
vn 0 1 0
vn -0.964213 -0.223348 0.142861
vn 0 -0.906308 0.422618
vn -0.966393 -0.223377 0.127228
vn 0 1 0
vn -0.012994 -0.898952 0.437855
vn -0.923102 -0.222922 0.31335
vn -0.012564 -0.781319 0.624006
vn -0.923103 -0.222921 0.313349
vn 0 1 0
vn -0.924533 -0.223495 0.308688
vn 0.000001 -0.906308 0.422618
vn -0.941372 -0.223376 0.252827
vn 0.005844 0.913917 0.40586
vn -0.923101 -0.222922 0.313352
vn 1 0 0
vn 0 -0.906308 0.422617
vn -0.190179 -0.222922 -0.956106
vn 0 0.906307 -0.422619
vn 1 0 0
vn -0.190179 -0.222922 -0.956106
vn 0.698505 0.223357 0.679855
vn 0 -0.906307 0.422619
vn 0.684487 0.223371 0.693962
vn 0 0.906308 -0.422618
vn -0.262097 -0.223364 -0.938836
vn 0 -0.906307 0.422619
vn -0.247529 -0.223373 -0.94278
vn 0 0.906308 -0.422618
vn 0 1 0
vn 0 0.906308 -0.422618
vn 0.967363 0.223807 0.118821
vn -0.000538 -0.897661 0.440686
vn 0.923102 0.222922 -0.31335
vn -0.001019 -0.773681 0.633575
vn 0.923102 0.222921 -0.31335
vn 0.00955 0.968753 0.247842
vn 0.923102 0.222922 -0.313351
vn 0 1 0
vn 0.923404 0.223027 -0.312384
vn 0.007416 -0.335456 0.942027
vn -0.923103 -0.222921 0.313348
vn 0.001855 0.405361 0.914155
vn -0.923102 -0.222922 0.31335
vn 1 0 0
vn 0 -0.906309 0.422616
vn 0.19018 0.222922 0.956105
vn 0 0.906307 -0.422619
vn 1 0 0
vn 0.190179 0.222922 0.956106
vn 0.127835 0.223376 0.966313
vn 0.124947 0.223816 0.966589
vn -0.128024 -0.223376 -0.966288
vn -0.125167 -0.223501 -0.966634
vn 0.683053 0.223367 -0.695375
vn 0.587066 0.223369 -0.778113
vn 0.48179 0.223371 -0.847339
vn 0.368727 0.223374 -0.9023
vn 0.252278 0.223375 -0.94152
vn -0.586774 -0.223368 0.778333
vn -0.481092 -0.22337 0.847736
vn -0.367482 -0.223509 0.902774
vn -0.248721 -0.224127 0.942287
vn 0.900584 0.223376 -0.372896
vn 0.841643 0.223373 -0.491672
vn 0.767923 0.223367 -0.600334
vn -0.900844 -0.223376 0.372267
vn -0.841793 -0.223374 0.491415
vn -0.768 -0.223368 0.600236
vn -0.683024 -0.223368 0.695403
vn 0.90131 0.223376 -0.371138
vn -0.901877 -0.223374 0.369759
vn -0.712352 0 -0.701822
vn 0 1 0
vn 0 1 0
vn -0.608759 0 -0.793355
vn -0.793355 0 -0.608759
vn 0 1 0
vn 0.793358 0 0.608756
vn 0.608755 0 0.793358
vn -0.701822 0 -0.712352
vn 0 -1 0
vn -0.608759 0 -0.793355
vn -0.793355 0 -0.608759
vn -0.000001 -1 -0.000001
vn 0 -1 0
vn 0.793358 0 0.608756
vn 0.608755 0 0.793358
vn 0 1 0
vn -0.964472 0 -0.264186
vn 0 1 0
vn -0.990836 0 -0.135071
vn 0 1 0
vn -0.99999 0 -0.004583
vn 0 1 0
vn -0.994367 0 -0.105992
vn 0 1 0
vn -0.793353 0 -0.608761
vn 0 1 0
vn -0.862278 0 -0.506434
vn 0 1 0
vn -0.921004 0 -0.389552
vn 0 1 0
vn -0.963972 0 -0.266004
vn 0 1 0
vn -0.990445 0 -0.137905
vn 0 1 0
vn -0.999972 0 -0.007447
vn 0 1 0
vn -0.500002 0 -0.866024
vn 0 1 0
vn -0.277676 0 -0.960675
vn 0 1 0
vn -0.01957 0 -0.999808
vn 0 1 0
vn 0.239868 0 -0.970805
vn 0 1 0
vn 0.482958 0 -0.875644
vn 0 1 0
vn 0.693134 0 -0.720809
vn 0 1 0
vn 0.856075 0 -0.516851
vn 0 1 0
vn 0.960677 0 -0.277669
vn 0 1 0
vn 0.999808 0 -0.019569
vn 0 1 0
vn 0.970806 0 0.239867
vn 0 1 0
vn 0.866028 0 0.499996
vn -0.967102 0 -0.254388
vn 0 -1 0
vn -0.992033 0 -0.12598
vn -0.000001 -1 0
vn -0.99999 0 0.004586
vn -0.000001 -1 0
vn -0.989101 0 -0.147237
vn 0 -1 0
vn 0 -1 0
vn -0.793353 0 -0.608761
vn 0 -1 0
vn -0.869725 0 -0.493538
vn -0.926703 0 -0.375793
vn 0 -1 0
vn -0.967826 0 -0.251619
vn 0 -1 0
vn -0.992389 0 -0.123141
vn 0 -1 0
vn -0.999967 0 0.008142
vn 0 -1 0
vn -0.000001 -1 -0.000001
vn -0.500002 0 -0.866024
vn -0.000001 -1 -0.000001
vn -0.239871 0 -0.970805
vn 0 -1 0
vn 0.01957 0 -0.999808
vn 0 -1 0
vn 0.277673 0 -0.960676
vn 0 -1 0
vn 0.516853 0 -0.856074
vn 0 -1 0
vn 0.720808 0 -0.693134
vn 0 -1 0
vn 0.875645 0 -0.482955
vn 0 -1 0
vn 0.970806 0 -0.239865
vn 0 -1 0
vn 0.999808 0 0.019571
vn 0 -1 0
vn 0.960676 0 0.277671
vn 0 -1 0
vn 0.866028 0 0.499996
vn 0.712352 0 0.701822
vn 0 1 0
vn 0 1 0
vn 0.793355 0 0.608759
vn 0.608759 0 0.793355
vn 0 1 0
vn -0.608764 0 -0.793351
vn -0.793352 0 -0.608763
vn 0.701822 0 0.712352
vn 0 -1 0
vn 0.793355 0 0.608759
vn 0.608759 0 0.793355
vn 0.000001 -1 0.000001
vn 0 -1 0
vn -0.608764 0 -0.793351
vn -0.793352 0 -0.608763
vn 0 1 0
vn 0.254388 0 0.967102
vn 0 1 0
vn 0.125979 0 0.992033
vn 0 1 0
vn -0.004585 0 0.99999
vn 0 1 0
vn 0.147237 0 0.989101
vn 0 1 0
vn 0.608761 0 0.793353
vn 0 1 0
vn 0.493537 0 0.869725
vn 0 1 0
vn 0.375793 0 0.926703
vn 0 1 0
vn 0.25162 0 0.967826
vn 0 1 0
vn 0.123141 0 0.992389
vn 0 1 0
vn -0.008143 0 0.999967
vn 0 1 0
vn 0.875644 0 0.482958
vn 0 1 0
vn 0.970805 0 0.23987
vn 0 1 0
vn 0.999808 0 -0.019569
vn 0 1 0
vn 0.960675 0 -0.277674
vn 0 1 0
vn 0.856074 0 -0.516853
vn 0 1 0
vn 0.693133 0 -0.72081
vn 0 1 0
vn 0.482956 0 -0.875645
vn 0 1 0
vn 0.239863 0 -0.970807
vn 0 1 0
vn -0.019573 0 -0.999808
vn 0 1 0
vn -0.277666 0 -0.960678
vn 0 1 0
vn -0.499996 0 -0.866028
vn 0.264186 0 0.964472
vn 0 -1 0.000001
vn 0.13507 0 0.990836
vn 0 -1 0.000001
vn 0.004584 0 0.99999
vn 0 -1 0.000001
vn 0.105992 0 0.994367
vn 0 -1 0.000001
vn 0 -1 0
vn 0.608761 0 0.793353
vn 0 -1 0
vn 0.506434 0 0.862279
vn 0.389552 0 0.921004
vn 0 -1 0
vn 0.266005 0 0.963972
vn 0 -1 0
vn 0.137906 0 0.990445
vn 0 -1 0.000001
vn 0.007446 0 0.999972
vn 0 -1 0.000001
vn 0.856075 0 0.516852
vn 0.000001 -1 0.000001
vn 0.960675 0 0.277675
vn 0.000001 -1 0
vn 0.999808 0 0.01957
vn 0.000001 -1 0
vn 0.970805 0 -0.239869
vn 0.000001 -1 0
vn 0.875644 0 -0.482958
vn 0.000001 -1 0
vn 0.720808 0 -0.693135
vn 0.000001 -1 0
vn 0 -1 0
vn 0.516851 0 -0.856075
vn 0 -1 0
vn 0.277669 0 -0.960677
vn 0 -1 0
vn 0.019565 0 -0.999809
vn 0 -1 0
vn -0.239863 0 -0.970807
vn 0 -1 0
vn -0.499996 0 -0.866028
vn 0 1 0
vn -0.967102 0 0.254389
vn 0 1 0
vn -0.992033 0 0.125982
vn 0 1 0
vn -0.989101 0 0.147237
vn 0 1 0
vn -0.712352 0 0.701823
vn 0 1 0
vn -0.797865 0 0.602837
vn 0 1 0
vn -0.869725 0 0.493537
vn 0 1 0
vn -0.926704 0 0.375793
vn 0 1 0
vn -0.967826 0 0.25162
vn 0 1 0
vn -0.992389 0 0.123141
vn 0 1 0
vn -0.999967 0 -0.008144
vn 0 1 0
vn -0.693133 0 0.720809
vn 0 1 0
vn -0.482958 0 0.875643
vn 0 1 0
vn -0.239871 0 0.970805
vn 0 1 0
vn 0.019569 0 0.999808
vn 0 1 0
vn 0.277674 0 0.960675
vn 0 1 0
vn 0.516853 0 0.856074
vn 0 1 0
vn 0.72081 0 0.693133
vn 0 1 0
vn 0.875646 0 0.482953
vn 0 1 0
vn 0.970807 0 0.239861
vn 0 1 0
vn 0.999808 0 -0.019569
vn 0 1 0
vn 0.960679 0 -0.277663
vn 0 1 0
vn 0.856077 0 -0.516849
vn 0 1 0
vn 0.693134 0 -0.720809
vn -0.964472 0 0.264187
vn 0 -1 0
vn -0.990836 0 0.135072
vn 0 -1 0
vn -0.994367 0 0.105991
vn 0 -1 0
vn 0 -1 0
vn -0.701822 0 0.712353
vn 0 -1 0
vn -0.788798 0 0.614652
vn -0.862279 0 0.506434
vn 0 -1 0
vn -0.921004 0 0.389552
vn 0 -1 0
vn -0.963972 0 0.266005
vn 0 -1 0
vn -0.990445 0 0.137906
vn 0 -1 0
vn -0.999972 0 0.007446
vn 0 -1 0
vn -0.720809 0 0.693133
vn -0.000002 -1 0.000002
vn -0.516852 0 0.856075
vn -0.000001 -1 0.000002
vn -0.277676 0 0.960675
vn -0.000001 -1 0.000001
vn -0.01957 0 0.999808
vn 0 -1 0
vn 0.239869 0 0.970805
vn 0 -1 0
vn 0.482958 0 0.875644
vn 0 -1 0
vn 0.693135 0 0.720808
vn 0 -1 0
vn 0 -1 0
vn 0.856077 0 0.516849
vn 0 -1 0
vn 0.960678 0 0.277666
vn 0 -1 0
vn 0.999808 0 0.019569
vn 0 -1 0
vn 0.970808 0 -0.239859
vn 0 -1 0
vn 0.875647 0 -0.482951
vn 0 -1 0
vn 0.720808 0 -0.693134
vn 0 1 0
vn -0.264188 0 0.964471
vn 0 1 0
vn -0.135071 0 0.990836
vn 0 1 0
vn -0.105991 0 0.994367
vn 0 1 0
vn -0.614652 0 0.788799
vn 0 1 0
vn -0.506435 0 0.862278
vn 0 1 0
vn -0.389553 0 0.921004
vn 0 1 0
vn -0.266003 0 0.963972
vn 0 1 0
vn -0.137906 0 0.990445
vn 0 1 0
vn -0.007446 0 0.999972
vn 0 1 0
vn -0.856076 0 0.51685
vn 0 1 0
vn -0.960676 0 0.277672
vn 0 1 0
vn -0.999808 0 0.019572
vn 0 1 0
vn -0.970806 0 -0.239864
vn 0 1 0
vn -0.875644 0 -0.482957
vn 0 1 0
vn -0.720808 0 -0.693135
vn 0 1 0
vn -0.516851 0 -0.856075
vn 0 1 0
vn -0.277669 0 -0.960677
vn 0 1 0
vn -0.019571 0 -0.999808
vn 0 1 0
vn 0.239866 0 -0.970806
vn 0 1 0
vn 0.482956 0 -0.875645
vn -0.254389 0 0.967102
vn 0 -1 0
vn -0.12598 0 0.992033
vn 0 -1 0.000001
vn -0.147237 0 0.989101
vn 0 -1 0
vn 0 -1 0
vn -0.602836 0 0.797865
vn -0.493539 0 0.869724
vn 0 -1 0
vn -0.375794 0 0.926703
vn 0 -1 0
vn -0.251619 0 0.967826
vn 0 -1 0
vn -0.123141 0 0.992389
vn 0 -1 0
vn 0.008144 0 0.999967
vn 0 -1 0
vn -0.875645 0 0.482954
vn -0.000002 -1 0.000001
vn -0.970806 0 0.239868
vn -0.000001 -1 0.000001
vn -0.999809 0 -0.019567
vn 0 -1 0
vn -0.960677 0 -0.277669
vn 0 -1 0
vn -0.856074 0 -0.516853
vn 0 -1 0
vn -0.693134 0 -0.720809
vn 0 -1 0
vn 0 -1 0
vn -0.482954 0 -0.875646
vn 0 -1 0
vn -0.239866 0 -0.970806
vn 0 -1 0
vn 0.019569 0 -0.999808
vn 0 -1 0
vn 0.277671 0 -0.960676
vn 0 -1 0
vn 0.516852 0 -0.856075
vn 0 1 0
vn -0.254388 0 -0.967102
vn 0 1 0
vn -0.12598 0 -0.992033
vn 0 1 0
vn 0.004586 0 -0.99999
vn 0 1 0
vn -0.147236 0 -0.989101
vn 0 1 0
vn -0.608761 0 -0.793354
vn 0 1 0
vn -0.493538 0 -0.869724
vn 0 1 0
vn -0.375794 0 -0.926703
vn 0 1 0
vn -0.251619 0 -0.967826
vn 0 1 0
vn -0.123141 0 -0.992389
vn 0 1 0
vn 0.008143 0 -0.999967
vn 0 1 0
vn -0.875642 0 -0.482961
vn 0 1 0
vn -0.970806 0 -0.239868
vn 0 1 0
vn -0.999808 0 0.019572
vn 0 1 0
vn -0.960676 0 0.27767
vn 0 1 0
vn -0.856076 0 0.51685
vn 0 1 0
vn -0.693133 0 0.72081
vn 0 1 0
vn -0.482954 0 0.875646
vn 0 1 0
vn -0.239867 0 0.970806
vn 0 1 0
vn 0.019573 0 0.999808
vn 0 1 0
vn 0.277674 0 0.960675
vn 0 1 0
vn 0.499995 0 0.866028
vn -0.264186 0 -0.964472
vn 0 -1 -0.000001
vn -0.135071 0 -0.990836
vn 0 -1 -0.000001
vn -0.004584 0 -0.99999
vn 0 -1 -0.000001
vn -0.10599 0 -0.994367
vn 0 -1 -0.000001
vn 0 -1 0
vn -0.608761 0 -0.793353
vn -0.506435 0 -0.862278
vn 0 -1 0
vn -0.389553 0 -0.921004
vn 0 -1 0
vn -0.266003 0 -0.963972
vn 0 -1 0
vn -0.137905 0 -0.990445
vn 0 -1 -0.000001
vn -0.007446 0 -0.999972
vn 0 -1 -0.000001
vn -0.000001 -1 -0.000001
vn -0.856073 0 -0.516855
vn -0.000001 -1 0
vn -0.960675 0 -0.277676
vn -0.000001 -1 0
vn -0.999809 0 -0.019566
vn -0.000001 -1 0
vn -0.970806 0 0.239865
vn -0.000001 -1 0
vn -0.875645 0 0.482955
vn -0.000001 -1 0
vn -0.720809 0 0.693134
vn 0 -1 0
vn -0.516849 0 0.856076
vn 0 -1 0
vn -0.277671 0 0.960676
vn 0 -1 0
vn -0.019567 0 0.999809
vn 0 -1 0
vn 0.239871 0 0.970805
vn 0 -1 0
vn 0.499995 0 0.866028
vn 0 1 0
vn 0.964472 0 0.264187
vn 0 1 0
vn 0.990836 0 0.13507
vn 0 1 0
vn 0.99999 0 0.004584
vn 0 1 0
vn 0.994367 0 0.105992
vn 0 1 0
vn 0.793353 0 0.608761
vn 0 1 0
vn 0.862278 0 0.506434
vn 0 1 0
vn 0.921004 0 0.389553
vn 0 1 0
vn 0.963972 0 0.266005
vn 0 1 0
vn 0.990445 0 0.137906
vn 0 1 0
vn 0.999972 0 0.007445
vn 0 1 0
vn 0.516854 0 0.856074
vn 0 1 0
vn 0.277676 0 0.960675
vn 0 1 0
vn 0.019568 0 0.999809
vn 0 1 0
vn -0.239866 0 0.970806
vn 0 1 0
vn -0.482957 0 0.875644
vn 0 1 0
vn -0.693135 0 0.720808
vn 0 1 0
vn -0.856076 0 0.51685
vn 0 1 0
vn -0.960677 0 0.277668
vn 0 1 0
vn -0.999809 0 0.019567
vn 0 1 0
vn -0.970806 0 -0.239867
vn 0 1 0
vn -0.866028 0 -0.499995
vn 0.967102 0 0.254389
vn 0 -1 0
vn 0.992033 0 0.125979
vn 0 -1 0
vn 0.99999 0 -0.004585
vn 0.000001 -1 0
vn 0.989101 0 0.147237
vn 0 -1 0
vn 0 -1 0
vn 0.793354 0 0.608761
vn 0.869724 0 0.493538
vn 0 -1 0
vn 0.926703 0 0.375794
vn 0 -1 0
vn 0.967826 0 0.25162
vn 0 -1 0
vn 0.992389 0 0.123141
vn 0 -1 0
vn 0.999967 0 -0.008144
vn 0 -1 0
vn 0.48296 0 0.875642
vn 0.000001 -1 0.000001
vn 0.239869 0 0.970805
vn 0.000001 -1 0.000001
vn -0.019571 0 0.999808
vn 0 -1 0
vn -0.277671 0 0.960676
vn 0 -1 0
vn -0.516853 0 0.856074
vn 0 -1 0
vn -0.720809 0 0.693134
vn 0 -1 0
vn 0 -1 0
vn -0.875646 0 0.482954
vn 0 -1 0
vn -0.970806 0 0.239865
vn 0 -1 0
vn -0.999808 0 -0.019573
vn 0 -1 0
vn -0.960677 0 -0.277669
vn 0 -1 0
vn -0.866028 0 -0.499995
vn 0 1 0
vn 0.264186 0 -0.964472
vn 0 1 0
vn 0.135072 0 -0.990836
vn 0 1 0
vn 0.105991 0 -0.994367
vn 0 1 0
vn 0.712353 0 -0.701821
vn 0 1 0
vn 0.614651 0 -0.788799
vn 0 1 0
vn 0.506435 0 -0.862278
vn 0 1 0
vn 0.389553 0 -0.921004
vn 0 1 0
vn 0.266004 0 -0.963972
vn 0 1 0
vn 0.137906 0 -0.990445
vn 0 1 0
vn 0.007446 0 -0.999972
vn 0 1 0
vn 0.693133 0 -0.72081
vn 0 1 0
vn 0.856075 0 -0.516851
vn 0 1 0
vn 0.960674 0 -0.277677
vn 0 1 0
vn 0.999808 0 -0.01957
vn 0 1 0
vn 0.970805 0 0.239868
vn 0 1 0
vn 0.875644 0 0.482958
vn 0 1 0
vn 0.720809 0 0.693134
vn 0 1 0
vn 0.51685 0 0.856076
vn 0 1 0
vn 0.277667 0 0.960678
vn 0 1 0
vn 0.019565 0 0.999809
vn 0 1 0
vn -0.239863 0 0.970807
vn 0 1 0
vn -0.482951 0 0.875647
vn 0 1 0
vn -0.693134 0 0.720808
vn 0.254388 0 -0.967102
vn 0 -1 0
vn 0.125982 0 -0.992033
vn 0 -1 -0.000001
vn 0.147236 0 -0.989101
vn 0 -1 0
vn 0 -1 0
vn 0.701823 0 -0.712352
vn 0 -1 0
vn 0.602836 0 -0.797865
vn 0.493538 0 -0.869724
vn 0 -1 0
vn 0.375793 0 -0.926704
vn 0 -1 0
vn 0.25162 0 -0.967826
vn 0 -1 0
vn 0.123141 0 -0.992389
vn 0 -1 0
vn -0.008144 0 -0.999967
vn 0 -1 0
vn 0.72081 0 -0.693133
vn 0.000002 -1 -0.000002
vn 0.875644 0 -0.482958
vn 0.000002 -1 -0.000001
vn 0.970805 0 -0.239871
vn 0.000001 -1 -0.000001
vn 0.999808 0 0.01957
vn 0 -1 0
vn 0.960676 0 0.277673
vn 0 -1 0
vn 0.856074 0 0.516853
vn 0 -1 0
vn 0.693134 0 0.720809
vn 0 -1 0
vn 0 -1 0
vn 0.482954 0 0.875646
vn 0 -1 0
vn 0.239862 0 0.970807
vn 0 -1 0
vn -0.019573 0 0.999808
vn 0 -1 0
vn -0.277666 0 0.960678
vn 0 -1 0
vn -0.516849 0 0.856077
vn 0 -1 0
vn -0.720809 0 0.693134
vn 0 1 0
vn 0.967102 0 -0.254389
vn 0 1 0
vn 0.992033 0 -0.12598
vn 0 1 0
vn 0.989101 0 -0.147236
vn 0 1 0
vn 0.797865 0 -0.602836
vn 0 1 0
vn 0.869724 0 -0.493539
vn 0 1 0
vn 0.926703 0 -0.375794
vn 0 1 0
vn 0.967826 0 -0.251619
vn 0 1 0
vn 0.992389 0 -0.123141
vn 0 1 0
vn 0.999967 0 0.008144
vn 0 1 0
vn 0.482954 0 -0.875646
vn 0 1 0
vn 0.239871 0 -0.970805
vn 0 1 0
vn -0.019568 0 -0.999809
vn 0 1 0
vn -0.277669 0 -0.960677
vn 0 1 0
vn -0.516852 0 -0.856075
vn 0 1 0
vn -0.720809 0 -0.693134
vn 0 1 0
vn -0.875644 0 -0.482957
vn 0 1 0
vn -0.970806 0 -0.239867
vn 0 1 0
vn -0.999808 0 0.019574
vn 0 1 0
vn -0.960675 0 0.277674
vn 0 1 0
vn -0.856075 0 0.516852
vn 0.964472 0 -0.264187
vn 0 -1 0
vn 0.990836 0 -0.135071
vn 0 -1 0
vn 0.994367 0 -0.10599
vn 0 -1 0
vn 0 -1 0
vn 0.788799 0 -0.614651
vn 0.862278 0 -0.506435
vn 0 -1 0
vn 0.921004 0 -0.389553
vn 0 -1 0
vn 0.963972 0 -0.266004
vn 0 -1 0
vn 0.990445 0 -0.137906
vn 0 -1 0
vn 0.999972 0 -0.007446
vn 0 -1 0
vn 0.516848 0 -0.856077
vn 0.000001 -1 -0.000002
vn 0.277675 0 -0.960675
vn 0.000001 -1 -0.000001
vn 0.019572 0 -0.999808
vn 0 -1 0
vn -0.239865 0 -0.970806
vn 0 -1 0
vn -0.482955 0 -0.875645
vn 0 -1 0
vn -0.693134 0 -0.720809
vn 0 -1 0
vn 0 -1 0
vn -0.856074 0 -0.516853
vn 0 -1 0
vn -0.960676 0 -0.277671
vn 0 -1 0
vn -0.999809 0 -0.019567
vn 0 -1 0
vn -0.970805 0 0.239871
vn 0 -1 0
vn -0.875645 0 0.482956
vn -0.923878 0.000005 0.382688
vn -0.058372 0.665298 0.744293
vn 0.576567 0.662469 0.478231
vn -0.735348 0.286148 0.614315
vn -0.923878 0.000003 0.382686
vn -0.923878 0.000004 0.382687
vn -0.701268 0.320128 0.636978
vn -0.023283 0.673593 0.738736
vn 0.923882 0.000005 -0.382679
vn 0.954356 0.286144 -0.085586
vn 0.92388 0.000002 -0.382681
vn 0.92388 0.000001 -0.382682
vn 0.946283 0.320127 -0.045461
vn 0.52993 0.675942 0.51213
vn -0.923882 0.000005 0.382679
vn -0.576567 0.662469 -0.478231
vn 0.058372 0.665298 -0.744293
vn -0.954356 0.286144 0.085586
vn -0.92388 0.000002 0.382681
vn -0.92388 0.000001 0.382682
vn -0.946283 0.320127 0.045461
vn -0.52993 0.675942 -0.51213
vn 0.923878 0.000005 -0.382688
vn 0.735348 0.286148 -0.614315
vn 0.923878 0.000003 -0.382686
vn 0.923878 0.000004 -0.382687
vn 0.701268 0.320128 -0.636978
vn 0.023283 0.673593 -0.738736
vn -0.382688 0.000005 0.923878
vn -0.745855 0.662468 0.069538
vn -0.485021 0.665299 -0.567567
vn -0.614314 0.286146 0.735349
vn -0.382686 0.000003 0.923878
vn -0.382684 0.000001 0.923879
vn -0.636978 0.320128 0.701268
vn -0.736847 0.675942 0.012587
vn 0.382679 0.000005 -0.923881
vn 0.085587 0.286144 -0.954356
vn 0.382682 0.000001 -0.92388
vn 0.38268 0.000004 -0.923881
vn 0.045462 0.320127 -0.946283
vn -0.505902 0.673593 -0.538828
vn -0.382679 0.000005 0.923881
vn 0.485021 0.665299 0.567567
vn 0.745855 0.662468 -0.069538
vn -0.085587 0.286144 0.954356
vn -0.382682 0.000001 0.92388
vn -0.38268 0.000004 0.923881
vn -0.045462 0.320127 0.946283
vn 0.505902 0.673593 0.538828
vn 0.382688 0.000005 -0.923878
vn 0.614314 0.286146 -0.735349
vn 0.382686 0.000003 -0.923878
vn 0.382684 0.000001 -0.923879
vn 0.636978 0.320128 -0.701268
vn 0.736847 0.675942 -0.012587
vn 0.382687 0.000004 0.923878
vn 0.744292 0.665299 0.058368
vn 0.47823 0.662469 -0.576569
vn 0.614315 0.286147 0.735348
vn 0.382685 0.000002 0.923879
vn 0.382686 0.000003 0.923879
vn 0.636976 0.320126 0.701271
vn 0.738735 0.673594 0.023279
vn -0.382679 0.000005 -0.923881
vn -0.085584 0.286146 -0.954356
vn -0.382681 0.000002 -0.92388
vn -0.382683 0 -0.92388
vn -0.045462 0.320126 -0.946284
vn 0.512127 0.675941 -0.529934
vn 0.382679 0.000005 0.923881
vn -0.47823 0.662469 0.576569
vn -0.744292 0.665299 -0.058368
vn 0.085584 0.286146 0.954356
vn 0.382681 0.000002 0.92388
vn 0.382683 0 0.92388
vn 0.045462 0.320126 0.946284
vn -0.512127 0.675941 0.529934
vn -0.382687 0.000004 -0.923878
vn -0.614315 0.286147 -0.735348
vn -0.382685 0.000002 -0.923879
vn -0.382686 0.000003 -0.923879
vn -0.636976 0.320126 -0.701271
vn -0.738735 0.673594 -0.023279
vn 0.923878 0.000004 0.382687
vn 0.069538 0.662468 0.745856
vn -0.567565 0.665299 0.485023
vn 0.735348 0.286147 0.614315
vn 0.923879 0.000002 0.382686
vn 0.923879 0 0.382684
vn 0.70127 0.320126 0.636977
vn 0.012589 0.675941 0.736848
vn -0.923881 0.000004 -0.38268
vn -0.954356 0.286148 -0.085583
vn -0.92388 0.000003 -0.382682
vn -0.92388 0.000003 -0.382681
vn -0.946284 0.320125 -0.045463
vn -0.538827 0.673593 0.505903
vn 0.923881 0.000004 0.38268
vn 0.567565 0.665299 -0.485023
vn -0.069538 0.662468 -0.745856
vn 0.954356 0.286148 0.085583
vn 0.92388 0.000003 0.382682
vn 0.92388 0.000003 0.382681
vn 0.946284 0.320125 0.045463
vn 0.538827 0.673593 -0.505903
vn -0.923878 0.000004 -0.382687
vn -0.735348 0.286147 -0.614315
vn -0.923879 0.000002 -0.382686
vn -0.923879 0 -0.382684
vn -0.70127 0.320126 -0.636977
vn -0.012589 0.675941 -0.736848
vn 0 1 0
vn -0.370336 0 0.928898
vn 0 1 0
vn 0.394961 0 0.918698
vn 0 1 0
vn 0.707107 0 0.707107
vn 0 1 0
vn 0.707107 0 0.707107
vn 0 1 0
vn -0.707107 0 -0.707107
vn 0 1 0
vn -0.707107 0 -0.707107
vn 0 1 0
vn -0.9289 0 -0.370332
vn 0 1 0
vn -0.918694 0 0.39497
vn -0.394962 0 0.918698
vn 0.370334 0 0.928899
vn 0.707107 0 0.707107
vn -0.707107 0 -0.707107
vn -0.918699 0 -0.394959
vn -0.928895 0 0.370344
vn -0.928898 0 0.370336
vn 0 -1 0
vn -0.918698 0 -0.394961
vn 0 -1 0
vn -0.707107 0 -0.707107
vn 0 -1 0
vn 0 -1 0
vn -0.707107 0 -0.707107
vn 0 -1 0
vn 0.707107 0 0.707107
vn 0 -1 0
vn 0.707107 0 0.707107
vn 0.370332 0 0.9289
vn 0 -1 0
vn -0.39497 0 0.918694
vn 0 -1 0
vn -0.918698 0 0.394962
vn -0.928899 0 -0.370334
vn -0.707107 0 -0.707107
vn 0.707107 0 0.707107
vn 0.394959 0 0.918699
vn -0.370344 0 0.928895
vn 0.370333 0 0.928899
vn 0 -1 0
vn -0.394961 0 0.918698
vn 0 -1 0
vn -0.707106 0 0.707107
vn 0 -1 0
vn 0 -1 0
vn -0.707106 0 0.707108
vn 0 -1 0
vn 0.707104 0 -0.707109
vn 0 -1 0
vn 0.707109 0 -0.707104
vn 0.9289 0 -0.37033
vn 0 -1 0
vn 0.918694 0 0.394971
vn 0 -1 0
vn 0.394958 0 0.918699
vn -0.370334 0 0.928899
vn -0.707107 0 0.707107
vn 0.707113 0 -0.707101
vn 0.9187 0 -0.394956
vn 0.928895 0 0.370344
vn 0.9289 0 0.370331
vn 0 1 0
vn 0.918699 0 -0.394959
vn 0 1 0
vn 0.707108 0 -0.707105
vn 0 1 0
vn 0 1 0
vn 0.707106 0 -0.707108
vn 0 1 0
vn -0.707107 0 0.707107
vn 0 1 0
vn -0.707106 0 0.707108
vn -0.37033 0 0.9289
vn 0 1 0
vn 0.394973 0 0.918693
vn 0 1 0
vn 0.9187 0 0.394956
vn 0.928899 0 -0.370333
vn 0.707111 0 -0.707103
vn -0.707105 0 0.707109
vn -0.394957 0 0.9187
vn 0.370347 0 0.928894

# Number of texture vertices: 4395
vt 0.958457 0.198531
vt 0.958457 0.198531
vt 0.959195 0.194294
vt 0.959195 0.194294
vt 0.187422 0.876858
vt 0.187422 0.876858
vt 0.187422 0.876858
vt 0.020507 0.559981
vt 0.020507 0.559981
vt 0.205 0.671165
vt 0.205 0.671165
vt 0.205 0.671165
vt 0.834543 0.41166
vt 0.834543 0.41166
vt 0.811337 0.259965
vt 0.811337 0.259965
vt 0.957857 0.390406
vt 0.957857 0.390406
vt 0.214819 0.360212
vt 0.214819 0.360212
vt 0.214819 0.360212
vt 0.791563 0.196094
vt 0.791563 0.196094
vt 0.217197 0.29913
vt 0.217197 0.29913
vt 0.217197 0.29913
vt 0.343584 1
vt 0.75 0.972649
vt 0.75 0.969185
vt 0.75 0.965751
vt 0.75 0.962552
vt 0.75 0.959787
vt 0.75 0.957637
vt 0.75 0.956257
vt 0.75 0.954936
vt 0.75 0.169273
vt 0.75 0.169273
vt 0.875 0.972649
vt 0.854166 0.972649
vt 0.833333 0.972649
vt 0.8125 0.972649
vt 0.791666 0.972649
vt 0.770833 0.972649
vt 0.875 0.969185
vt 0.854166 0.969185
vt 0.833333 0.969185
vt 0.8125 0.969185
vt 0.791666 0.969185
vt 0.770833 0.969185
vt 0.875 0.965751
vt 0.854166 0.965751
vt 0.833333 0.965751
vt 0.8125 0.965751
vt 0.791666 0.965751
vt 0.770833 0.965751
vt 0.875 0.962552
vt 0.854166 0.962552
vt 0.833333 0.962552
vt 0.8125 0.962552
vt 0.791666 0.962552
vt 0.770833 0.962552
vt 0.875 0.959787
vt 0.854166 0.959787
vt 0.833333 0.959787
vt 0.8125 0.959787
vt 0.791666 0.959787
vt 0.770833 0.959787
vt 0.875 0.957638
vt 0.854166 0.957637
vt 0.833333 0.957637
vt 0.8125 0.957637
vt 0.791666 0.957637
vt 0.770833 0.957637
vt 0.875 0.956257
vt 0.854166 0.956257
vt 0.833333 0.956257
vt 0.8125 0.956257
vt 0.791666 0.956257
vt 0.770833 0.956257
vt 0.875 0.954936
vt 0.854166 0.954936
vt 0.833333 0.954936
vt 0.8125 0.954936
vt 0.791666 0.954936
vt 0.770833 0.954936
vt 0.875 0.169273
vt 0.875 0.169273
vt 0.854167 0.169273
vt 0.854167 0.169273
vt 0.833333 0.169273
vt 0.833333 0.169273
vt 0.8125 0.169273
vt 0.8125 0.169273
vt 0.791667 0.169273
vt 0.791667 0.169273
vt 0.770833 0.169273
vt 0.770833 0.169273
vt 0.75 0.168091
vt 0.75 0.166387
vt 0.75 0.165243
vt 0.75 0.165821
vt 0.75 0.959844
vt 0.75 0.960692
vt 0.75 0.961589
vt 0.75 0.963013
vt 0.75 0.964863
vt 0.75 0.967018
vt 0.75 0.969339
vt 0.75 0.97168
vt 0.343584 1
vt 0.875 0.168091
vt 0.854167 0.168091
vt 0.833333 0.168091
vt 0.8125 0.168091
vt 0.791667 0.168091
vt 0.770833 0.168091
vt 0.875 0.166387
vt 0.854167 0.166387
vt 0.833333 0.166387
vt 0.8125 0.166387
vt 0.791667 0.166387
vt 0.770833 0.166387
vt 0.875 0.165243
vt 0.854167 0.165243
vt 0.833333 0.165243
vt 0.8125 0.165243
vt 0.791667 0.165243
vt 0.770833 0.165243
vt 0.875 0.165821
vt 0.854167 0.165821
vt 0.833333 0.165821
vt 0.8125 0.165821
vt 0.791667 0.165821
vt 0.770833 0.165821
vt 0.875 0.959844
vt 0.854166 0.959844
vt 0.833333 0.959844
vt 0.8125 0.959844
vt 0.791666 0.959844
vt 0.770833 0.959844
vt 0.875 0.960692
vt 0.854166 0.960692
vt 0.833333 0.960692
vt 0.8125 0.960692
vt 0.791666 0.960692
vt 0.770833 0.960692
vt 0.875 0.961589
vt 0.854166 0.961589
vt 0.833333 0.961589
vt 0.8125 0.961589
vt 0.791666 0.961589
vt 0.770833 0.961589
vt 0.875 0.963013
vt 0.854166 0.963013
vt 0.833333 0.963013
vt 0.8125 0.963013
vt 0.791666 0.963013
vt 0.770833 0.963013
vt 0.875 0.964863
vt 0.854166 0.964863
vt 0.833333 0.964863
vt 0.8125 0.964863
vt 0.791666 0.964863
vt 0.770833 0.964863
vt 0.875 0.967018
vt 0.854166 0.967018
vt 0.833333 0.967018
vt 0.8125 0.967018
vt 0.791666 0.967018
vt 0.770833 0.967018
vt 0.875 0.969339
vt 0.854166 0.969339
vt 0.833333 0.969339
vt 0.8125 0.969339
vt 0.791666 0.969339
vt 0.770833 0.969339
vt 0.875 0.97168
vt 0.854166 0.97168
vt 0.833333 0.97168
vt 0.8125 0.97168
vt 0.791666 0.97168
vt 0.770833 0.97168
vt 0.75 0.916259
vt 0.770833 0.916259
vt 0.791666 0.916259
vt 0.8125 0.916259
vt 0.833333 0.916259
vt 0.854166 0.916259
vt 0.875 0.916259
vt 0.75 0.938182
vt 0.770833 0.938182
vt 0.791666 0.938182
vt 0.8125 0.938182
vt 0.833333 0.938182
vt 0.854166 0.938182
vt 0.875 0.938182
vt 0.875 0.922587
vt 0.854166 0.922587
vt 0.833333 0.922587
vt 0.8125 0.922587
vt 0.791666 0.922587
vt 0.770833 0.922587
vt 0.75 0.922587
vt 0.875 0.94373
vt 0.854166 0.94373
vt 0.833333 0.94373
vt 0.8125 0.94373
vt 0.791666 0.94373
vt 0.770833 0.94373
vt 0.75 0.94373
vt 0.25 0.972649
vt 0.25 0.969185
vt 0.25 0.965751
vt 0.25 0.962552
vt 0.25 0.959787
vt 0.25 0.957637
vt 0.25 0.956257
vt 0.25 0.954936
vt 0.25 0.169273
vt 0.25 0.169273
vt 0.125 0.972649
vt 0.145834 0.972649
vt 0.166667 0.972649
vt 0.187501 0.972649
vt 0.208334 0.972649
vt 0.229167 0.972649
vt 0.125 0.969185
vt 0.145834 0.969185
vt 0.166667 0.969185
vt 0.187501 0.969185
vt 0.208334 0.969185
vt 0.229167 0.969185
vt 0.125 0.965751
vt 0.145834 0.965751
vt 0.166667 0.965751
vt 0.1875 0.965751
vt 0.208334 0.965751
vt 0.229167 0.965751
vt 0.125 0.962552
vt 0.145834 0.962552
vt 0.166667 0.962552
vt 0.1875 0.962552
vt 0.208334 0.962552
vt 0.229167 0.962552
vt 0.125 0.959787
vt 0.145834 0.959787
vt 0.166667 0.959787
vt 0.1875 0.959787
vt 0.208334 0.959787
vt 0.229167 0.959787
vt 0.125 0.957637
vt 0.145834 0.957637
vt 0.166667 0.957637
vt 0.1875 0.957637
vt 0.208334 0.957637
vt 0.229167 0.957637
vt 0.125 0.956257
vt 0.145834 0.956257
vt 0.166667 0.956257
vt 0.1875 0.956257
vt 0.208334 0.956257
vt 0.229167 0.956257
vt 0.125 0.954936
vt 0.145834 0.954936
vt 0.166667 0.954936
vt 0.1875 0.954936
vt 0.208334 0.954936
vt 0.229167 0.954936
vt 0.125 0.169273
vt 0.125 0.169273
vt 0.145833 0.169273
vt 0.145833 0.169273
vt 0.166667 0.169273
vt 0.166667 0.169273
vt 0.1875 0.169273
vt 0.1875 0.169273
vt 0.208333 0.169273
vt 0.208333 0.169273
vt 0.229167 0.169273
vt 0.229167 0.169273
vt 0.25 0.168091
vt 0.25 0.166387
vt 0.25 0.165243
vt 0.25 0.165821
vt 0.25 0.959844
vt 0.25 0.960692
vt 0.25 0.961589
vt 0.25 0.963013
vt 0.25 0.964863
vt 0.25 0.967018
vt 0.25 0.969339
vt 0.25 0.97168
vt 0.125 0.168091
vt 0.145833 0.168091
vt 0.166667 0.168091
vt 0.1875 0.168091
vt 0.208333 0.168091
vt 0.229167 0.168091
vt 0.125 0.166387
vt 0.125 0.166387
vt 0.145833 0.166387
vt 0.166667 0.166387
vt 0.1875 0.166387
vt 0.208333 0.166387
vt 0.229167 0.166387
vt 0.125 0.165243
vt 0.145833 0.165243
vt 0.166667 0.165243
vt 0.1875 0.165243
vt 0.208333 0.165243
vt 0.229167 0.165243
vt 0.125 0.165821
vt 0.145833 0.165821
vt 0.166667 0.165821
vt 0.1875 0.165821
vt 0.208333 0.165821
vt 0.229167 0.165821
vt 0.125 0.959844
vt 0.145834 0.959844
vt 0.166667 0.959844
vt 0.1875 0.959844
vt 0.208334 0.959844
vt 0.229167 0.959844
vt 0.125 0.960692
vt 0.145834 0.960692
vt 0.166667 0.960692
vt 0.1875 0.960692
vt 0.208334 0.960692
vt 0.229167 0.960692
vt 0.125 0.961589
vt 0.145834 0.961589
vt 0.166667 0.961589
vt 0.1875 0.961589
vt 0.208334 0.961589
vt 0.229167 0.961589
vt 0.125 0.963013
vt 0.145834 0.963013
vt 0.166667 0.963013
vt 0.1875 0.963013
vt 0.208334 0.963013
vt 0.229167 0.963013
vt 0.125 0.964863
vt 0.145834 0.964863
vt 0.166667 0.964863
vt 0.1875 0.964863
vt 0.208334 0.964863
vt 0.229167 0.964863
vt 0.125 0.967018
vt 0.145834 0.967018
vt 0.166667 0.967018
vt 0.187501 0.967018
vt 0.208334 0.967018
vt 0.229167 0.967018
vt 0.125 0.969339
vt 0.145834 0.969339
vt 0.166667 0.969339
vt 0.187501 0.969339
vt 0.208334 0.969339
vt 0.229167 0.969339
vt 0.125 0.97168
vt 0.145834 0.97168
vt 0.166667 0.97168
vt 0.187501 0.97168
vt 0.208334 0.97168
vt 0.229167 0.97168
vt 0.25 0.938182
vt 0.229167 0.938182
vt 0.208334 0.938182
vt 0.1875 0.938182
vt 0.166667 0.938182
vt 0.145834 0.938182
vt 0.125 0.938182
vt 0.125 0.94373
vt 0.145834 0.94373
vt 0.166667 0.94373
vt 0.1875 0.94373
vt 0.208334 0.94373
vt 0.229167 0.94373
vt 0.25 0.94373
vt 0 0.972649
vt 0 0.969186
vt 0 0.965751
vt 0 0.962552
vt 0 0.959787
vt 0 0.957638
vt 0 0.956257
vt 0 0.954936
vt 1 0.169273
vt 1 0.169273
vt 0.979167 0.972649
vt 0.958333 0.972649
vt 0.9375 0.972649
vt 0.916667 0.972649
vt 0.895833 0.972649
vt 0.104167 0.972649
vt 0.083333 0.972649
vt 0.0625 0.972649
vt 0.041667 0.972649
vt 0.020833 0.972649
vt 0.979167 0.969186
vt 0.958333 0.969186
vt 0.9375 0.969186
vt 0.916667 0.969186
vt 0.895833 0.969186
vt 0.104167 0.969185
vt 0.083333 0.969185
vt 0.0625 0.969186
vt 0.041667 0.969186
vt 0.020833 0.969186
vt 0.979167 0.965751
vt 0.958333 0.965751
vt 0.9375 0.965751
vt 0.916667 0.965751
vt 0.895833 0.965751
vt 0.104167 0.965751
vt 0.083333 0.965751
vt 0.0625 0.965751
vt 0.041667 0.965751
vt 0.020833 0.965751
vt 0.979167 0.962552
vt 0.958333 0.962552
vt 0.9375 0.962552
vt 0.916667 0.962552
vt 0.895833 0.962552
vt 0.104167 0.962552
vt 0.083333 0.962552
vt 0.0625 0.962552
vt 0.041667 0.962552
vt 0.020833 0.962552
vt 0.979167 0.959787
vt 0.958333 0.959787
vt 0.9375 0.959787
vt 0.916667 0.959787
vt 0.895833 0.959787
vt 0.104167 0.959787
vt 0.083333 0.959787
vt 0.0625 0.959787
vt 0.041666 0.959787
vt 0.020833 0.959787
vt 0.979167 0.957638
vt 0.958333 0.957638
vt 0.9375 0.957638
vt 0.916667 0.957638
vt 0.895833 0.957638
vt 0.104167 0.957638
vt 0.083333 0.957638
vt 0.0625 0.957638
vt 0.041666 0.957638
vt 0.020833 0.957638
vt 0.979167 0.956257
vt 0.958333 0.956257
vt 0.9375 0.956257
vt 0.916667 0.956257
vt 0.895833 0.956257
vt 0.104167 0.956257
vt 0.083333 0.956257
vt 0.0625 0.956257
vt 0.041666 0.956257
vt 0.020833 0.956257
vt 0.979167 0.954936
vt 0.958333 0.954936
vt 0.9375 0.954936
vt 0.916667 0.954936
vt 0.895833 0.954936
vt 0.104167 0.954936
vt 0.083333 0.954936
vt 0.0625 0.954936
vt 0.041666 0.954936
vt 0.020833 0.954936
vt 0.979167 0.169273
vt 0.979167 0.169273
vt 0.958333 0.169273
vt 0.958333 0.169273
vt 0.9375 0.169273
vt 0.9375 0.169273
vt 0.916667 0.169273
vt 0.916667 0.169273
vt 0.895833 0.169273
vt 0.895833 0.169273
vt 0.104167 0.169273
vt 0.104167 0.169273
vt 0.083333 0.169273
vt 0.083333 0.169273
vt 0.0625 0.169273
vt 0.0625 0.169273
vt 0.041667 0.169273
vt 0.041667 0.169273
vt 0.020833 0.169273
vt 0.020833 0.169273
vt 1 0.168091
vt 1 0.166387
vt 1 0.165243
vt 1 0.165821
vt 0 0.959844
vt 0 0.960692
vt 0 0.961589
vt 0 0.963013
vt 0 0.964864
vt 0 0.967018
vt 0 0.969339
vt 0 0.97168
vt 0.979167 0.168091
vt 0.958333 0.168091
vt 0.9375 0.168091
vt 0.916667 0.168091
vt 0.895833 0.168091
vt 0.104167 0.168091
vt 0.083333 0.168091
vt 0.0625 0.168091
vt 0.041667 0.168091
vt 0.020833 0.168091
vt 0.979167 0.166387
vt 0.958333 0.166387
vt 0.9375 0.166387
vt 0.916666 0.166387
vt 0.895833 0.166387
vt 0.104167 0.166387
vt 0.083333 0.166387
vt 0.0625 0.166387
vt 0.041666 0.166387
vt 0.020833 0.166387
vt 0.979167 0.165243
vt 0.958333 0.165243
vt 0.9375 0.165243
vt 0.916666 0.165243
vt 0.895833 0.165243
vt 0.104167 0.165243
vt 0.083333 0.165243
vt 0.0625 0.165243
vt 0.041666 0.165243
vt 0.020833 0.165243
vt 0.979167 0.165821
vt 0.958333 0.165821
vt 0.9375 0.165821
vt 0.916666 0.165821
vt 0.895833 0.165821
vt 0.104167 0.165821
vt 0.083333 0.165821
vt 0.0625 0.165821
vt 0.041666 0.165821
vt 0.020833 0.165821
vt 0.979167 0.959844
vt 0.958333 0.959844
vt 0.9375 0.959844
vt 0.916667 0.959844
vt 0.895833 0.959844
vt 0.104167 0.959844
vt 0.083333 0.959844
vt 0.0625 0.959844
vt 0.041666 0.959844
vt 0.020833 0.959844
vt 0.979167 0.960692
vt 0.958333 0.960692
vt 0.9375 0.960692
vt 0.916667 0.960692
vt 0.895833 0.960692
vt 0.104167 0.960692
vt 0.083333 0.960692
vt 0.0625 0.960692
vt 0.041666 0.960692
vt 0.020833 0.960692
vt 0.979167 0.961589
vt 0.958333 0.961589
vt 0.9375 0.961589
vt 0.916667 0.961589
vt 0.895833 0.961589
vt 0.104167 0.961589
vt 0.083333 0.961589
vt 0.0625 0.961589
vt 0.041667 0.961589
vt 0.020833 0.961589
vt 0.979167 0.963013
vt 0.958333 0.963013
vt 0.9375 0.963013
vt 0.916667 0.963013
vt 0.895833 0.963013
vt 0.104167 0.963013
vt 0.083333 0.963013
vt 0.0625 0.963013
vt 0.041667 0.963013
vt 0.020833 0.963013
vt 0.979167 0.964864
vt 0.958333 0.964864
vt 0.9375 0.964864
vt 0.916667 0.964864
vt 0.895833 0.964864
vt 0.104167 0.964863
vt 0.083333 0.964863
vt 0.0625 0.964864
vt 0.041667 0.964864
vt 0.020833 0.964864
vt 0.979167 0.967018
vt 0.958333 0.967018
vt 0.9375 0.967018
vt 0.916667 0.967018
vt 0.895833 0.967018
vt 0.104167 0.967018
vt 0.083333 0.967018
vt 0.0625 0.967018
vt 0.041667 0.967018
vt 0.020833 0.967018
vt 0.979167 0.969339
vt 0.958333 0.969339
vt 0.9375 0.969339
vt 0.916667 0.969339
vt 0.895833 0.969339
vt 0.104167 0.969339
vt 0.083333 0.969339
vt 0.0625 0.969339
vt 0.041667 0.969339
vt 0.020833 0.969339
vt 0.979167 0.97168
vt 0.958333 0.97168
vt 0.9375 0.97168
vt 0.916667 0.97168
vt 0.895833 0.97168
vt 0.104167 0.97168
vt 0.083333 0.97168
vt 0.0625 0.97168
vt 0.041667 0.97168
vt 0.020833 0.97168
vt 0.895833 0.916259
vt 0.916667 0.916259
vt 0.9375 0.916259
vt 0.958333 0.916259
vt 0.979167 0.916259
vt 0 0.916259
vt 0.895833 0.938182
vt 0.916667 0.938182
vt 0.9375 0.938182
vt 0.958333 0.938182
vt 0.979167 0.938182
vt 0 0.938182
vt 0.020833 0.938182
vt 0.041666 0.938182
vt 0.0625 0.938182
vt 0.083333 0.938182
vt 0.104167 0.938182
vt 0.041666 0.853759
vt 0 0.922587
vt 0.979167 0.922587
vt 0.958333 0.922587
vt 0.9375 0.922587
vt 0.916667 0.922587
vt 0.895833 0.922587
vt 0.104167 0.94373
vt 0.083333 0.94373
vt 0.0625 0.94373
vt 0.041666 0.94373
vt 0.020833 0.94373
vt 0 0.94373
vt 0.979167 0.94373
vt 0.958333 0.94373
vt 0.9375 0.94373
vt 0.916667 0.94373
vt 0.895833 0.94373
vt 0.875 0.238185
vt 0.875 0.238185
vt 0.875 0.2098
vt 0.875 0.2098
vt 0.854167 0.233435
vt 0.854167 0.233435
vt 0.854167 0.206196
vt 0.854167 0.206196
vt 0.833333 0.229551
vt 0.833333 0.229551
vt 0.833333 0.203241
vt 0.833333 0.203241
vt 0.8125 0.226534
vt 0.8125 0.226534
vt 0.8125 0.200941
vt 0.8125 0.200941
vt 0.777491 0.223211
vt 0.777491 0.223211
vt 0.777491 0.223211
vt 0.775672 0.198308
vt 0.775672 0.198308
vt 0.775672 0.198308
vt 0.791666 0.224383
vt 0.791666 0.224383
vt 0.791666 0.199296
vt 0.791666 0.199296
vt 0.854166 0.229888
vt 0.854166 0.229888
vt 0.854166 0.202745
vt 0.854166 0.202745
vt 0.833333 0.226129
vt 0.833333 0.226129
vt 0.833333 0.199902
vt 0.833333 0.199902
vt 0.8125 0.223208
vt 0.8125 0.223208
vt 0.8125 0.197688
vt 0.8125 0.197688
vt 0.791666 0.221124
vt 0.791666 0.221124
vt 0.778445 0.22002
vt 0.778445 0.22002
vt 0.778445 0.22002
vt 0.776502 0.195159
vt 0.776502 0.195159
vt 0.776502 0.195159
vt 0.145834 0.293565
vt 0.145834 0.293565
vt 0.145834 0.350616
vt 0.145834 0.350616
vt 0.166667 0.298849
vt 0.166667 0.298849
vt 0.166667 0.357684
vt 0.166667 0.357684
vt 0.1875 0.303149
vt 0.1875 0.303149
vt 0.1875 0.363421
vt 0.1875 0.363421
vt 0.208334 0.306328
vt 0.208334 0.306328
vt 0.208334 0.367651
vt 0.208334 0.367651
vt 0.125 0.280612
vt 0.125 0.280612
vt 0.125 0.335225
vt 0.125 0.335225
vt 0.145834 0.286449
vt 0.145834 0.286449
vt 0.145834 0.343149
vt 0.145834 0.343149
vt 0.166667 0.291502
vt 0.166667 0.291502
vt 0.166667 0.349995
vt 0.166667 0.349995
vt 0.1875 0.295615
vt 0.1875 0.295615
vt 0.1875 0.355555
vt 0.1875 0.355555
vt 0.208334 0.298655
vt 0.208334 0.298655
vt 0.208334 0.359656
vt 0.208334 0.359656
vt 0.020833 0.251064
vt 0.020833 0.251064
vt 0.020833 0.293361
vt 0.020833 0.293361
vt 0 0.243805
vt 0 0.243805
vt 0 0.283581
vt 0 0.283581
vt 0.979167 0.236875
vt 0.979167 0.236875
vt 0.979167 0.274265
vt 0.979167 0.274265
vt 0.958333 0.230369
vt 0.958333 0.230369
vt 0.958333 0.265542
vt 0.958333 0.265542
vt 0.9375 0.22436
vt 0.9375 0.22436
vt 0.9375 0.257512
vt 0.9375 0.257512
vt 0.916667 0.250247
vt 0.916667 0.250247
vt 0.916667 0.218904
vt 0.916667 0.218904
vt 0.895833 0.243795
vt 0.895833 0.243795
vt 0.895833 0.214042
vt 0.895833 0.214042
vt 0.125 0.287462
vt 0.125 0.287462
vt 0.125 0.342429
vt 0.125 0.342429
vt 0.104167 0.280721
vt 0.104167 0.280721
vt 0.104167 0.333364
vt 0.104167 0.333364
vt 0.083333 0.27353
vt 0.083333 0.27353
vt 0.083333 0.323675
vt 0.083333 0.323675
vt 0.0625 0.266076
vt 0.0625 0.266076
vt 0.0625 0.313618
vt 0.0625 0.313618
vt 0.041667 0.258534
vt 0.041667 0.258534
vt 0.041667 0.303438
vt 0.041667 0.303438
vt 0.104166 0.274166
vt 0.104166 0.274166
vt 0.104166 0.326456
vt 0.104166 0.326456
vt 0.083333 0.267289
vt 0.083333 0.267289
vt 0.083333 0.317088
vt 0.083333 0.317088
vt 0.0625 0.260158
vt 0.0625 0.260158
vt 0.0625 0.307369
vt 0.0625 0.307369
vt 0.041666 0.252941
vt 0.041666 0.252941
vt 0.041666 0.297534
vt 0.041666 0.297534
vt 0.020833 0.24579
vt 0.020833 0.24579
vt 0.020833 0.2878
vt 0.020833 0.2878
vt 0 0.238838
vt 0 0.238838
vt 0 0.278356
vt 0 0.278356
vt 0.979167 0.232198
vt 0.979167 0.232198
vt 0.979167 0.269357
vt 0.979167 0.269357
vt 0.958333 0.225959
vt 0.958333 0.225959
vt 0.958333 0.26093
vt 0.958333 0.26093
vt 0.9375 0.220194
vt 0.9375 0.220194
vt 0.9375 0.253171
vt 0.9375 0.253171
vt 0.916667 0.246149
vt 0.916667 0.246149
vt 0.916667 0.214957
vt 0.916667 0.214957
vt 0.895833 0.23991
vt 0.895833 0.23991
vt 0.895833 0.210287
vt 0.895833 0.210287
vt 0.875 0.234484
vt 0.875 0.234484
vt 0.875 0.20621
vt 0.875 0.20621
vt 0.215985 0.368368
vt 0.215985 0.368368
vt 0.215985 0.368368
vt 0.218215 0.306933
vt 0.218215 0.306933
vt 0.218215 0.306933
vt 0.1875 0.554747
vt 0.1875 0.554747
vt 0.166667 0.546826
vt 0.166667 0.546826
vt 0.145834 0.536794
vt 0.145834 0.536794
vt 0.126359 0.525593
vt 0.126359 0.525593
vt 0.125 0.521625
vt 0.125 0.521625
vt 0.145834 0.533621
vt 0.145834 0.533621
vt 0.166667 0.543656
vt 0.166667 0.543656
vt 0.1875 0.551584
vt 0.1875 0.551584
vt 0.208334 0.557306
vt 0.208334 0.557306
vt 0.208334 0.557306
vt 0.083333 0.495751
vt 0.083333 0.495751
vt 0.104167 0.511024
vt 0.104167 0.511024
vt 0.104166 0.507873
vt 0.104166 0.507873
vt 0.083333 0.492633
vt 0.083333 0.492633
vt 0.208334 0.453129
vt 0.208334 0.453129
vt 0.212076 0.446825
vt 0.212076 0.446825
vt 0.212076 0.446825
vt 0.779586 0.258976
vt 0.779586 0.258976
vt 0.779586 0.258976
vt 0.782255 0.312811
vt 0.782255 0.312811
vt 0.782255 0.312811
vt 0.1875 0.447796
vt 0.1875 0.447796
vt 0.166667 0.440506
vt 0.166667 0.440506
vt 0.145834 0.431439
vt 0.145834 0.431439
vt 0.145834 0.424911
vt 0.145834 0.424911
vt 0.166667 0.433851
vt 0.166667 0.433851
vt 0.1875 0.441046
vt 0.1875 0.441046
vt 0.208334 0.446313
vt 0.208334 0.446313
vt 0.0625 0.382612
vt 0.0625 0.382612
vt 0.063121 0.479786
vt 0.063121 0.479786
vt 0.083333 0.396087
vt 0.083333 0.396087
vt 0.104167 0.408935
vt 0.104167 0.408935
vt 0.104166 0.402762
vt 0.104166 0.402762
vt 0.083333 0.390138
vt 0.083333 0.390138
vt 0.0625 0.376915
vt 0.0625 0.376915
vt 0.0625 0.476233
vt 0.0625 0.476233
vt 0.9375 0.378092
vt 0.9375 0.378092
vt 0.9375 0.305819
vt 0.9375 0.305819
vt 0.958333 0.316892
vt 0.958333 0.316892
vt 0.958333 0.393339
vt 0.958333 0.393339
vt 0.979167 0.328913
vt 0.979167 0.328913
vt 0.979167 0.409685
vt 0.979167 0.409685
vt 0 0.341724
vt 0 0.341724
vt 0 0.426832
vt 0 0.426832
vt 0.020833 0.35512
vt 0.020833 0.35512
vt 0.020833 0.444422
vt 0.020833 0.444422
vt 0.041667 0.368848
vt 0.041667 0.368848
vt 0.041667 0.462052
vt 0.041667 0.462052
vt 0.041666 0.363423
vt 0.041666 0.363423
vt 0.041666 0.459056
vt 0.041666 0.459056
vt 0.020833 0.349979
vt 0.020833 0.349979
vt 0.020833 0.441515
vt 0.020833 0.441515
vt 0 0.336871
vt 0 0.336871
vt 0 0.42403
vt 0 0.42403
vt 0.979167 0.324343
vt 0.979167 0.324343
vt 0.979167 0.407
vt 0.979167 0.407
vt 0.958333 0.312594
vt 0.958333 0.312594
vt 0.9375 0.375656
vt 0.9375 0.375656
vt 0.9375 0.301773
vt 0.9375 0.301773
vt 0.791666 0.260329
vt 0.791666 0.260329
vt 0.791666 0.314248
vt 0.791666 0.314248
vt 0.8125 0.318396
vt 0.8125 0.318396
vt 0.8125 0.263264
vt 0.8125 0.263264
vt 0.833333 0.324219
vt 0.833333 0.324219
vt 0.833333 0.267384
vt 0.833333 0.267384
vt 0.854167 0.331724
vt 0.854167 0.331724
vt 0.854167 0.2727
vt 0.854167 0.2727
vt 0.854166 0.329711
vt 0.854166 0.329711
vt 0.854166 0.269418
vt 0.854166 0.269418
vt 0.833333 0.322279
vt 0.833333 0.322279
vt 0.833333 0.264225
vt 0.833333 0.264225
vt 0.8125 0.316513
vt 0.8125 0.316513
vt 0.791666 0.257331
vt 0.791666 0.257331
vt 0.791666 0.312406
vt 0.791666 0.312406
vt 0.875 0.340907
vt 0.875 0.340907
vt 0.875 0.279214
vt 0.875 0.279214
vt 0.895833 0.351743
vt 0.895833 0.351743
vt 0.895833 0.286922
vt 0.895833 0.286922
vt 0.916667 0.364172
vt 0.916667 0.364172
vt 0.916667 0.295804
vt 0.916667 0.295804
vt 0.916667 0.361857
vt 0.916667 0.361857
vt 0.916667 0.29199
vt 0.916667 0.29199
vt 0.895833 0.34954
vt 0.895833 0.34954
vt 0.895833 0.283312
vt 0.895833 0.283312
vt 0.875 0.338806
vt 0.875 0.338806
vt 0.875 0.275782
vt 0.875 0.275782
vt 0.78069 0.256084
vt 0.78069 0.256084
vt 0.78069 0.256084
vt 0.210456 0.560861
vt 0.210456 0.560861
vt 0.210456 0.560861
vt 0.213424 0.453851
vt 0.213424 0.453851
vt 0.213424 0.453851
vt 0.125 0.420823
vt 0.125 0.420823
vt 0.125 0.414456
vt 0.125 0.414456
vt 0.783316 0.311113
vt 0.783316 0.311113
vt 0.783316 0.311113
vt 0.75 0.257987
vt 0.75 0.310938
vt 0.75 0.255043
vt 0.75 0.309128
vt 0.75 0.194839
vt 0.75 0.21946
vt 0.75 0.197981
vt 0.75 0.222663
vt 0.25 0.457471
vt 0.22801 0.456179
vt 0.25 0.565064
vt 0.229167 0.563911
vt 0.230562 0.449571
vt 0.25 0.450604
vt 0.229167 0.560761
vt 0.25 0.561916
vt 0.25 0.308936
vt 0.25 0.371116
vt 0.228417 0.308164
vt 0.228228 0.370082
vt 0.230065 0.300495
vt 0.230296 0.362162
vt 0.25 0.301151
vt 0.25 0.363016
vt 0.770833 0.223093
vt 0.770833 0.258572
vt 0.770833 0.311764
vt 0.770833 0.19831
vt 0.770833 0.219876
vt 0.770833 0.255614
vt 0.770833 0.309947
vt 0.770833 0.195156
vt 0.788302 0.516351
vt 0.788302 0.516351
vt 0.788302 0.516351
vt 0.8125 0.524037
vt 0.8125 0.524037
vt 0.833333 0.53365
vt 0.833333 0.53365
vt 0.854166 0.545636
vt 0.854166 0.545636
vt 0.875 0.559692
vt 0.875 0.559692
vt 0.854166 0.553271
vt 0.854166 0.553271
vt 0.833333 0.541298
vt 0.833333 0.541298
vt 0.8125 0.53168
vt 0.8125 0.53168
vt 0.790158 0.524357
vt 0.790158 0.524357
vt 0.790158 0.524357
vt 0.895833 0.575435
vt 0.895833 0.575435
vt 0.916667 0.592414
vt 0.916667 0.592414
vt 0.9375 0.610141
vt 0.9375 0.610141
vt 0.958333 0.628113
vt 0.958333 0.628113
vt 0.958333 0.501508
vt 0.958333 0.501508
vt 0.979167 0.645859
vt 0.979167 0.645859
vt 0.979167 0.521082
vt 0.979167 0.521082
vt 0 0.662966
vt 0 0.662966
vt 0 0.540834
vt 0 0.540834
vt 0.020833 0.679098
vt 0.020833 0.679098
vt 0.041667 0.578952
vt 0.041667 0.578952
vt 0.041667 0.694011
vt 0.041667 0.694011
vt 0.0625 0.596474
vt 0.0625 0.596474
vt 0.0625 0.707541
vt 0.0625 0.707541
vt 0.041666 0.58067
vt 0.041666 0.58067
vt 0.041666 0.69984
vt 0.041666 0.69984
vt 0.020833 0.562016
vt 0.020833 0.562016
vt 0.020833 0.685222
vt 0.020833 0.685222
vt 0 0.669387
vt 0 0.669387
vt 0 0.542586
vt 0 0.542586
vt 0.979167 0.652566
vt 0.979167 0.652566
vt 0.979167 0.522831
vt 0.979167 0.522831
vt 0.958333 0.635082
vt 0.958333 0.635082
vt 0.958333 0.50324
vt 0.958333 0.50324
vt 0.9375 0.617335
vt 0.9375 0.617335
vt 0.938756 0.485437
vt 0.938756 0.485437
vt 0.916667 0.599789
vt 0.916667 0.599789
vt 0.895833 0.58294
vt 0.895833 0.58294
vt 0.875 0.567282
vt 0.875 0.567282
vt 0.784885 0.395858
vt 0.784885 0.395858
vt 0.784885 0.395858
vt 0.104167 0.626908
vt 0.104167 0.626908
vt 0.104167 0.730136
vt 0.104167 0.730136
vt 0.126067 0.640059
vt 0.126067 0.640059
vt 0.125719 0.739478
vt 0.125719 0.739478
vt 0.104167 0.628517
vt 0.104167 0.628517
vt 0.104167 0.735182
vt 0.104167 0.735182
vt 0.083333 0.614182
vt 0.083333 0.614182
vt 0.083333 0.724877
vt 0.083333 0.724877
vt 0.202643 0.760185
vt 0.202643 0.760185
vt 0.202643 0.760185
vt 0.20693 0.670067
vt 0.20693 0.670067
vt 0.20693 0.670067
vt 0.1875 0.665516
vt 0.1875 0.665516
vt 0.1875 0.757496
vt 0.1875 0.757496
vt 0.166667 0.658778
vt 0.166667 0.658778
vt 0.166667 0.752806
vt 0.166667 0.752806
vt 0.145834 0.650089
vt 0.145834 0.650089
vt 0.145834 0.74671
vt 0.145834 0.74671
vt 0.145834 0.651619
vt 0.145834 0.651619
vt 0.145834 0.751373
vt 0.145834 0.751373
vt 0.166667 0.660275
vt 0.166667 0.660275
vt 0.166667 0.757326
vt 0.166667 0.757326
vt 0.1875 0.666987
vt 0.1875 0.666987
vt 0.1875 0.761905
vt 0.1875 0.761905
vt 0.200312 0.764228
vt 0.200312 0.764228
vt 0.200312 0.764228
vt 0.0625 0.598161
vt 0.0625 0.598161
vt 0.0625 0.713086
vt 0.0625 0.713086
vt 0.937976 0.483025
vt 0.937976 0.483025
vt 0.791666 0.397181
vt 0.791666 0.397181
vt 0.8125 0.402993
vt 0.8125 0.402993
vt 0.854167 0.421455
vt 0.854167 0.421455
vt 0.854166 0.42299
vt 0.854166 0.42299
vt 0.833333 0.412597
vt 0.833333 0.412597
vt 0.8125 0.404457
vt 0.8125 0.404457
vt 0.791666 0.39862
vt 0.791666 0.39862
vt 0.875 0.433965
vt 0.875 0.433965
vt 0.895833 0.448485
vt 0.895833 0.448485
vt 0.916667 0.464795
vt 0.916667 0.464795
vt 0.916667 0.466462
vt 0.916667 0.466462
vt 0.895833 0.450109
vt 0.895833 0.450109
vt 0.875 0.435544
vt 0.875 0.435544
vt 0.083333 0.612533
vt 0.083333 0.612533
vt 0.083333 0.719595
vt 0.083333 0.719595
vt 0.125 0.641022
vt 0.125 0.641022
vt 0.125 0.744004
vt 0.125 0.744004
vt 0.786424 0.397579
vt 0.786424 0.397579
vt 0.786424 0.397579
vt 0.770833 0.393687
vt 0.75 0.392522
vt 0.75 0.511324
vt 0.770833 0.512756
vt 0.770833 0.395111
vt 0.75 0.393941
vt 0.770833 0.520376
vt 0.75 0.51894
vt 0.25 0.674139
vt 0.25 0.763452
vt 0.229167 0.673183
vt 0.229167 0.762795
vt 0.229167 0.674622
vt 0.229167 0.767078
vt 0.25 0.675573
vt 0.25 0.76772
vt 0.208334 0.760815
vt 0.208334 0.765146
vt 0.166667 0.869587
vt 0.166667 0.869587
vt 0.145834 0.867151
vt 0.145834 0.867151
vt 0.125 0.870005
vt 0.125 0.870005
vt 0.145834 0.872817
vt 0.145834 0.872817
vt 0.166667 0.875099
vt 0.166667 0.875099
vt 0.041667 0.84625
vt 0.041667 0.84625
vt 0.0625 0.851617
vt 0.0625 0.851617
vt 0.083333 0.856389
vt 0.083333 0.856389
vt 0.104167 0.860564
vt 0.104167 0.860564
vt 0.125 0.864148
vt 0.125 0.864148
vt 0.104167 0.866651
vt 0.104167 0.866651
vt 0.083333 0.862748
vt 0.083333 0.862748
vt 0.0625 0.85829
vt 0.0625 0.85829
vt 0.8125 0.65984
vt 0.8125 0.65984
vt 0.8125 0.770182
vt 0.8125 0.770182
vt 0.833333 0.667965
vt 0.833333 0.667965
vt 0.833333 0.775329
vt 0.833333 0.775329
vt 0.79489 0.667703
vt 0.79489 0.667703
vt 0.79489 0.667703
vt 0.854166 0.677838
vt 0.854166 0.677838
vt 0.854166 0.78153
vt 0.854166 0.78153
vt 0.854166 0.689655
vt 0.854166 0.689655
vt 0.854166 0.793156
vt 0.854166 0.793156
vt 0.833333 0.68014
vt 0.833333 0.68014
vt 0.833333 0.787407
vt 0.833333 0.787407
vt 0.8125 0.672297
vt 0.8125 0.672297
vt 0.8125 0.782634
vt 0.8125 0.782634
vt 0.875 0.689077
vt 0.875 0.689077
vt 0.875 0.788525
vt 0.875 0.788525
vt 0.895833 0.70127
vt 0.895833 0.70127
vt 0.895833 0.796049
vt 0.895833 0.796049
vt 0.916667 0.714001
vt 0.916667 0.714001
vt 0.916667 0.803848
vt 0.916667 0.803848
vt 0.9375 0.72688
vt 0.9375 0.72688
vt 0.9375 0.811697
vt 0.9375 0.811697
vt 0.958333 0.739565
vt 0.958333 0.739565
vt 0.958333 0.819402
vt 0.958333 0.819402
vt 0.958333 0.748831
vt 0.958333 0.748831
vt 0.958333 0.828294
vt 0.958333 0.828294
vt 0.9375 0.736705
vt 0.9375 0.736705
vt 0.9375 0.821137
vt 0.9375 0.821137
vt 0.916667 0.724378
vt 0.916667 0.724378
vt 0.916667 0.813853
vt 0.916667 0.813853
vt 0.895833 0.712175
vt 0.895833 0.712175
vt 0.895833 0.806618
vt 0.895833 0.806618
vt 0.875 0.700467
vt 0.875 0.700467
vt 0.875 0.799641
vt 0.875 0.799641
vt 0.979167 0.751777
vt 0.979167 0.751777
vt 0.979167 0.82681
vt 0.979167 0.82681
vt 0 0.763299
vt 0 0.763299
vt 0 0.833804
vt 0 0.833804
vt 0.020833 0.773981
vt 0.020833 0.773981
vt 0.022016 0.840713
vt 0.022016 0.840713
vt 0.041667 0.783726
vt 0.041667 0.783726
vt 0.0625 0.792483
vt 0.0625 0.792483
vt 0.0625 0.799331
vt 0.0625 0.799331
vt 0.041666 0.790977
vt 0.041666 0.790977
vt 0.041666 0.853282
vt 0.041666 0.853282
vt 0.020833 0.781681
vt 0.020833 0.781681
vt 0.020833 0.847737
vt 0.020833 0.847737
vt 0 0.77149
vt 0 0.77149
vt 0 0.841686
vt 0 0.841686
vt 0.979167 0.760493
vt 0.979167 0.760493
vt 0.979167 0.835179
vt 0.979167 0.835179
vt 0.197442 0.825758
vt 0.197442 0.825758
vt 0.197442 0.825758
vt 0.1875 0.824439
vt 0.1875 0.824439
vt 0.166667 0.821448
vt 0.166667 0.821448
vt 0.145834 0.817561
vt 0.145834 0.817561
vt 0.145834 0.823265
vt 0.145834 0.823265
vt 0.166667 0.826978
vt 0.166667 0.826978
vt 0.1875 0.829834
vt 0.1875 0.829834
vt 0.194578 0.830794
vt 0.194578 0.830794
vt 0.194578 0.830794
vt 0.083333 0.800233
vt 0.083333 0.800233
vt 0.104167 0.806982
vt 0.104167 0.806982
vt 0.104167 0.813165
vt 0.104167 0.813165
vt 0.083333 0.806725
vt 0.083333 0.806725
vt 0.191017 0.871832
vt 0.191017 0.871832
vt 0.191017 0.871832
vt 0.797829 0.767755
vt 0.797829 0.767755
vt 0.797829 0.767755
vt 0.792474 0.654068
vt 0.792474 0.654068
vt 0.792474 0.654068
vt 0.800846 0.780972
vt 0.800846 0.780972
vt 0.800846 0.780972
vt 0.125297 0.812837
vt 0.125297 0.812837
vt 0.125 0.81867
vt 0.125 0.81867
vt 0.25 0.82819
vt 0.229167 0.827819
vt 0.208334 0.826556
vt 0.25 0.873862
vt 0.229167 0.873597
vt 0.208334 0.8728
vt 0.208334 0.831857
vt 0.229167 0.833064
vt 0.25 0.833465
vt 0.208334 0.878112
vt 0.229167 0.87886
vt 0.25 0.879108
vt 0.75 0.763108
vt 0.75 0.648794
vt 0.770833 0.763921
vt 0.770833 0.650055
vt 0.791666 0.766318
vt 0.791666 0.779051
vt 0.770833 0.776828
vt 0.770833 0.662834
vt 0.75 0.776075
vt 0.75 0.661613
vt 0.833333 0.847421
vt 0.833333 0.847421
vt 0.833333 0.894638
vt 0.833333 0.894638
vt 0.854166 0.850985
vt 0.854166 0.850985
vt 0.854166 0.896691
vt 0.854166 0.896691
vt 0.875 0.85502
vt 0.875 0.85502
vt 0.875 0.89903
vt 0.875 0.89903
vt 0.854166 0.860777
vt 0.854166 0.860777
vt 0.873168 0.864193
vt 0.873168 0.864193
vt 0.854166 0.904711
vt 0.854166 0.904711
vt 0.833333 0.857558
vt 0.833333 0.857558
vt 0.833333 0.902892
vt 0.833333 0.902892
vt 0.8125 0.854895
vt 0.8125 0.854895
vt 0.821661 0.902253
vt 0.821661 0.902253
vt 0.821661 0.902253
vt 0.808601 0.854689
vt 0.808601 0.854689
vt 0.808601 0.854689
vt 0.145834 0.927774
vt 0.145834 0.927774
vt 0.125 0.931461
vt 0.125 0.931461
vt 0.145834 0.932556
vt 0.145834 0.932556
vt 0.895833 0.85938
vt 0.895833 0.85938
vt 0.895833 0.901575
vt 0.895833 0.901575
vt 0.916667 0.863923
vt 0.916667 0.863923
vt 0.916667 0.904249
vt 0.916667 0.904249
vt 0.9375 0.868525
vt 0.9375 0.868525
vt 0.9375 0.906979
vt 0.9375 0.906979
vt 0.958333 0.873075
vt 0.958333 0.873075
vt 0.958333 0.909702
vt 0.958333 0.909702
vt 0.979167 0.877483
vt 0.979167 0.877483
vt 0.979167 0.912364
vt 0.979167 0.912364
vt 0 0.881678
vt 0 0.881678
vt 0 0.914919
vt 0 0.914919
vt 0.020833 0.885608
vt 0.020833 0.885608
vt 0.020833 0.917333
vt 0.020833 0.917333
vt 0.041666 0.919578
vt 0.041666 0.919578
vt 0.0625 0.921636
vt 0.0625 0.921636
vt 0.083333 0.923491
vt 0.083333 0.923491
vt 0.104167 0.925136
vt 0.104167 0.925136
vt 0.125 0.926565
vt 0.125 0.926565
vt 0.020833 0.892237
vt 0.020833 0.892237
vt 0 0.888646
vt 0 0.888646
vt 0 0.920967
vt 0 0.920967
vt 0.979167 0.884819
vt 0.979167 0.884819
vt 0.979167 0.918676
vt 0.979167 0.918676
vt 0.958333 0.880804
vt 0.958333 0.880804
vt 0.958333 0.916294
vt 0.958333 0.916294
vt 0.9375 0.876667
vt 0.9375 0.876667
vt 0.9375 0.913862
vt 0.9375 0.913862
vt 0.916667 0.872489
vt 0.916667 0.872489
vt 0.916667 0.911427
vt 0.916667 0.911427
vt 0.895833 0.868371
vt 0.895833 0.868371
vt 0.895833 0.909048
vt 0.895833 0.909048
vt 0.875 0.906786
vt 0.875 0.906786
vt 0.104167 0.930169
vt 0.104167 0.930169
vt 0.083333 0.928683
vt 0.083333 0.928683
vt 0.0625 0.927008
vt 0.0625 0.927008
vt 0.041666 0.925155
vt 0.041666 0.925155
vt 0.020833 0.923135
vt 0.020833 0.923135
vt 0.0625 0.892532
vt 0.0625 0.892532
vt 0.083333 0.895485
vt 0.083333 0.895485
vt 0.0625 0.898577
vt 0.0625 0.898577
vt 0.166667 0.903769
vt 0.166667 0.903769
vt 0.145834 0.902227
vt 0.145834 0.902227
vt 0.145834 0.907487
vt 0.145834 0.907487
vt 0.166667 0.908908
vt 0.166667 0.908908
vt 0.17777 0.909681
vt 0.17777 0.909681
vt 0.17777 0.909681
vt 0.104167 0.898087
vt 0.104167 0.898087
vt 0.104167 0.903678
vt 0.104167 0.903678
vt 0.083333 0.901287
vt 0.083333 0.901287
vt 0.182597 0.904894
vt 0.182597 0.904894
vt 0.182597 0.904894
vt 0.041666 0.889234
vt 0.041666 0.889234
vt 0.041666 0.895555
vt 0.041666 0.895555
vt 0.812905 0.844549
vt 0.812905 0.844549
vt 0.813741 0.893096
vt 0.813741 0.893096
vt 0.813741 0.893096
vt 0.171488 0.929048
vt 0.171488 0.929048
vt 0.171488 0.929048
vt 0.164808 0.933418
vt 0.164808 0.933418
vt 0.164808 0.933418
vt 0.125 0.900334
vt 0.125 0.900334
vt 0.125 0.905745
vt 0.125 0.905745
vt 0.804667 0.84391
vt 0.804667 0.84391
vt 0.804667 0.84391
vt 0.75 0.840481
vt 0.770136 0.840908
vt 0.791169 0.842251
vt 0.75 0.890639
vt 0.770833 0.890903
vt 0.791666 0.891683
vt 0.791801 0.85292
vt 0.771162 0.851701
vt 0.750396 0.851275
vt 0.791666 0.900279
vt 0.770833 0.899589
vt 0.75 0.899356
vt 0.25 0.906491
vt 0.229167 0.906322
vt 0.208334 0.905813
vt 0.25 0.930519
vt 0.229167 0.93041
vt 0.208334 0.930081
vt 0.1875 0.929532
vt 0.208334 0.910793
vt 0.229167 0.911262
vt 0.25 0.911419
vt 0.1875 0.93415
vt 0.208334 0.934647
vt 0.229167 0.934946
vt 0.25 0.935045
vt 0.145834 0.253528
vt 0.145834 0.253528
vt 0.145834 0.224724
vt 0.145834 0.224724
vt 0.166667 0.25752
vt 0.166667 0.25752
vt 0.166667 0.227819
vt 0.166667 0.227819
vt 0.1875 0.260767
vt 0.1875 0.260767
vt 0.1875 0.230334
vt 0.1875 0.230334
vt 0.208334 0.263166
vt 0.208334 0.263166
vt 0.208334 0.23219
vt 0.208334 0.23219
vt 0.125 0.242753
vt 0.125 0.242753
vt 0.125 0.215669
vt 0.125 0.215669
vt 0.145834 0.247132
vt 0.145834 0.247132
vt 0.145834 0.219059
vt 0.145834 0.219059
vt 0.166667 0.250921
vt 0.166667 0.250921
vt 0.166667 0.221984
vt 0.166667 0.221984
vt 0.1875 0.254002
vt 0.1875 0.254002
vt 0.1875 0.22436
vt 0.1875 0.22436
vt 0.104167 0.243815
vt 0.104167 0.243815
vt 0.104167 0.217168
vt 0.104167 0.217168
vt 0 0.215691
vt 0 0.215691
vt 0 0.198539
vt 0 0.198539
vt 0.083333 0.238365
vt 0.083333 0.238365
vt 0.083333 0.212913
vt 0.083333 0.212913
vt 0.0625 0.232704
vt 0.0625 0.232704
vt 0.0625 0.208479
vt 0.0625 0.208479
vt 0.041667 0.226961
vt 0.041667 0.226961
vt 0.041667 0.203966
vt 0.041667 0.203966
vt 0.020833 0.221255
vt 0.020833 0.221255
vt 0.016986 0.194152
vt 0.016986 0.194152
vt 0.016986 0.194152
vt 0.020833 0.216449
vt 0.020833 0.216449
vt 0.104166 0.237908
vt 0.104166 0.237908
vt 0.104166 0.211911
vt 0.104166 0.211911
vt 0.083333 0.232729
vt 0.083333 0.232729
vt 0.083333 0.207882
vt 0.083333 0.207882
vt 0.0625 0.227346
vt 0.0625 0.227346
vt 0.0625 0.203681
vt 0.0625 0.203681
vt 0.041666 0.199401
vt 0.041666 0.199401
vt 0.041666 0.221882
vt 0.041666 0.221882
vt 0.979167 0.210358
vt 0.979167 0.210358
vt 0.979167 0.198539
vt 0.979167 0.198539
vt 0.958333 0.205332
vt 0.958333 0.205332
vt 0.943872 0.200857
vt 0.943872 0.200857
vt 0.944542 0.199244
vt 0.944542 0.199244
vt 0 0.211147
vt 0 0.211147
vt 0 0.194345
vt 0 0.194345
vt 0.979167 0.206062
vt 0.979167 0.206062
vt 0.979167 0.194345
vt 0.979167 0.194345
vt 0.947762 0.198661
vt 0.947762 0.198661
vt 0.944672 0.198032
vt 0.944672 0.198032
vt 0.949244 0.194029
vt 0.949244 0.194029
vt 0.958333 0.201265
vt 0.958333 0.201265
vt 0.946128 0.194034
vt 0.946128 0.194034
vt 0.219277 0.256671
vt 0.219277 0.256671
vt 0.219277 0.256671
vt 0.221112 0.226452
vt 0.221112 0.226452
vt 0.221112 0.226452
vt 0.125 0.248915
vt 0.125 0.248915
vt 0.125 0.22114
vt 0.125 0.22114
vt 0.208334 0.256279
vt 0.208334 0.256279
vt 0.208334 0.226114
vt 0.208334 0.226114
vt 0.016519 0.198326
vt 0.016519 0.198326
vt 0.016519 0.198326
vt 0.949392 0.202989
vt 0.949392 0.202989
vt 0.945906 0.202112
vt 0.945906 0.202112
vt 0.947479 0.198216
vt 0.947479 0.198216
vt 0.950695 0.198238
vt 0.950695 0.198238
vt 0.942226 0.196603
vt 0.942226 0.196603
vt 0.943006 0.195032
vt 0.943006 0.195032
vt 0.220173 0.263668
vt 0.220173 0.263668
vt 0.220173 0.263668
vt 0.221907 0.232623
vt 0.221907 0.232623
vt 0.221907 0.232623
vt 0.25 0.233713
vt 0.25 0.265135
vt 0.229167 0.233329
vt 0.229167 0.264639
vt 0.229167 0.227189
vt 0.229167 0.257676
vt 0.25 0.227551
vt 0.25 0.258147
vt 0.875 0.198539
vt 0.854167 0.198539
vt 0.833333 0.198539
vt 0.8125 0.198539
vt 0.791666 0.198539
vt 0.854166 0.194345
vt 0.833333 0.194345
vt 0.8125 0.194345
vt 0.791666 0.194345
vt 0.9375 0.198539
vt 0.916667 0.198539
vt 0.895833 0.198539
vt 0.9375 0.194344
vt 0.916667 0.194344
vt 0.895833 0.194345
vt 0.875 0.194345
vt 0.9375 0.201306
vt 0.9375 0.197099
vt 0.541543 0.198531
vt 0.541543 0.198531
vt 0.540805 0.194294
vt 0.540805 0.194294
vt 0.312578 0.876858
vt 0.312578 0.876858
vt 0.312578 0.876858
vt 0.479493 0.559981
vt 0.479493 0.559981
vt 0.295 0.671165
vt 0.295 0.671165
vt 0.295 0.671165
vt 0.665457 0.41166
vt 0.665457 0.41166
vt 0.688663 0.259965
vt 0.688663 0.259965
vt 0.542143 0.390406
vt 0.542143 0.390406
vt 0.285181 0.360212
vt 0.285181 0.360212
vt 0.285181 0.360212
vt 0.708437 0.196094
vt 0.708437 0.196094
vt 0.282803 0.29913
vt 0.282803 0.29913
vt 0.282803 0.29913
vt 0.625 0.972649
vt 0.645833 0.972649
vt 0.666667 0.972649
vt 0.6875 0.972649
vt 0.708334 0.972649
vt 0.729167 0.972649
vt 0.625 0.969185
vt 0.645833 0.969185
vt 0.666667 0.969185
vt 0.6875 0.969185
vt 0.708334 0.969185
vt 0.729167 0.969185
vt 0.625 0.965751
vt 0.645834 0.965751
vt 0.666667 0.965751
vt 0.6875 0.965751
vt 0.708334 0.965751
vt 0.729167 0.965751
vt 0.625 0.962552
vt 0.645834 0.962552
vt 0.666667 0.962552
vt 0.6875 0.962552
vt 0.708334 0.962552
vt 0.729167 0.962552
vt 0.625 0.959787
vt 0.645834 0.959787
vt 0.666667 0.959787
vt 0.6875 0.959787
vt 0.708334 0.959787
vt 0.729167 0.959787
vt 0.625 0.957638
vt 0.645834 0.957637
vt 0.666667 0.957637
vt 0.6875 0.957637
vt 0.708334 0.957637
vt 0.729167 0.957637
vt 0.625 0.956257
vt 0.645834 0.956257
vt 0.666667 0.956257
vt 0.6875 0.956257
vt 0.708334 0.956257
vt 0.729167 0.956257
vt 0.625 0.954936
vt 0.645834 0.954936
vt 0.666667 0.954936
vt 0.6875 0.954936
vt 0.708334 0.954936
vt 0.729167 0.954936
vt 0.625 0.169273
vt 0.625 0.169273
vt 0.645833 0.169273
vt 0.645833 0.169273
vt 0.666667 0.169273
vt 0.666667 0.169273
vt 0.6875 0.169273
vt 0.6875 0.169273
vt 0.708333 0.169273
vt 0.708333 0.169273
vt 0.729167 0.169273
vt 0.729167 0.169273
vt 0.625 0.168091
vt 0.645833 0.168091
vt 0.666667 0.168091
vt 0.6875 0.168091
vt 0.708333 0.168091
vt 0.729167 0.168091
vt 0.625 0.166387
vt 0.625 0.166387
vt 0.645833 0.166387
vt 0.666667 0.166387
vt 0.6875 0.166387
vt 0.708334 0.166387
vt 0.729167 0.166387
vt 0.625 0.165243
vt 0.645833 0.165243
vt 0.666667 0.165243
vt 0.6875 0.165243
vt 0.708334 0.165243
vt 0.729167 0.165243
vt 0.625 0.165821
vt 0.645833 0.165821
vt 0.666667 0.165821
vt 0.6875 0.165821
vt 0.708334 0.165821
vt 0.729167 0.165821
vt 0.625 0.959844
vt 0.645834 0.959844
vt 0.666667 0.959844
vt 0.6875 0.959844
vt 0.708334 0.959844
vt 0.729167 0.959844
vt 0.625 0.960692
vt 0.645834 0.960692
vt 0.666667 0.960692
vt 0.6875 0.960692
vt 0.708334 0.960692
vt 0.729167 0.960692
vt 0.625 0.961589
vt 0.645834 0.961589
vt 0.666667 0.961589
vt 0.6875 0.961589
vt 0.708334 0.961589
vt 0.729167 0.961589
vt 0.625 0.963013
vt 0.645834 0.963013
vt 0.666667 0.963013
vt 0.6875 0.963013
vt 0.708334 0.963013
vt 0.729167 0.963013
vt 0.625 0.964863
vt 0.645834 0.964863
vt 0.666667 0.964863
vt 0.6875 0.964863
vt 0.708334 0.964863
vt 0.729167 0.964863
vt 0.625 0.967018
vt 0.645833 0.967018
vt 0.666667 0.967018
vt 0.6875 0.967018
vt 0.708334 0.967018
vt 0.729167 0.967018
vt 0.625 0.969339
vt 0.645833 0.969339
vt 0.666667 0.969339
vt 0.6875 0.969339
vt 0.708334 0.969339
vt 0.729167 0.969339
vt 0.625 0.97168
vt 0.645833 0.97168
vt 0.666667 0.97168
vt 0.6875 0.97168
vt 0.708334 0.97168
vt 0.729167 0.97168
vt 0.729167 0.916259
vt 0.708334 0.916259
vt 0.6875 0.916259
vt 0.666667 0.916259
vt 0.645834 0.916259
vt 0.625 0.916259
vt 0.729167 0.938182
vt 0.708334 0.938182
vt 0.6875 0.938182
vt 0.666667 0.938182
vt 0.645834 0.938182
vt 0.625 0.938182
vt 0.625 0.922587
vt 0.645834 0.922587
vt 0.666667 0.922587
vt 0.6875 0.922587
vt 0.708334 0.922587
vt 0.729167 0.922587
vt 0.625 0.94373
vt 0.645834 0.94373
vt 0.666667 0.94373
vt 0.6875 0.94373
vt 0.708334 0.94373
vt 0.729167 0.94373
vt 0.375 0.972649
vt 0.354166 0.972649
vt 0.333333 0.972649
vt 0.3125 0.972649
vt 0.291666 0.972649
vt 0.270833 0.972649
vt 0.375 0.969185
vt 0.354166 0.969185
vt 0.333333 0.969185
vt 0.3125 0.969185
vt 0.291666 0.969185
vt 0.270833 0.969185
vt 0.375 0.965751
vt 0.354166 0.965751
vt 0.333333 0.965751
vt 0.3125 0.965751
vt 0.291666 0.965751
vt 0.270833 0.965751
vt 0.375 0.962552
vt 0.354166 0.962552
vt 0.333333 0.962552
vt 0.3125 0.962552
vt 0.291666 0.962552
vt 0.270833 0.962552
vt 0.375 0.959787
vt 0.354166 0.959787
vt 0.333333 0.959787
vt 0.3125 0.959787
vt 0.291666 0.959787
vt 0.270833 0.959787
vt 0.375 0.957637
vt 0.354166 0.957637
vt 0.333333 0.957637
vt 0.3125 0.957637
vt 0.291666 0.957637
vt 0.270833 0.957637
vt 0.375 0.956257
vt 0.354166 0.956257
vt 0.333333 0.956257
vt 0.3125 0.956257
vt 0.291666 0.956257
vt 0.270833 0.956257
vt 0.375 0.954936
vt 0.354166 0.954936
vt 0.333333 0.954936
vt 0.3125 0.954936
vt 0.291666 0.954936
vt 0.270833 0.954936
vt 0.375 0.169273
vt 0.375 0.169273
vt 0.354167 0.169273
vt 0.354167 0.169273
vt 0.333333 0.169273
vt 0.333333 0.169273
vt 0.3125 0.169273
vt 0.3125 0.169273
vt 0.291667 0.169273
vt 0.291667 0.169273
vt 0.270833 0.169273
vt 0.270833 0.169273
vt 0.375 0.168091
vt 0.354167 0.168091
vt 0.333333 0.168091
vt 0.3125 0.168091
vt 0.291667 0.168091
vt 0.270833 0.168091
vt 0.375 0.166387
vt 0.375 0.166387
vt 0.354167 0.166387
vt 0.333333 0.166387
vt 0.3125 0.166387
vt 0.291667 0.166387
vt 0.270833 0.166387
vt 0.375 0.165243
vt 0.354167 0.165243
vt 0.333333 0.165243
vt 0.3125 0.165243
vt 0.291667 0.165243
vt 0.270833 0.165243
vt 0.375 0.165821
vt 0.354167 0.165821
vt 0.333333 0.165821
vt 0.3125 0.165821
vt 0.291667 0.165821
vt 0.270833 0.165821
vt 0.375 0.959844
vt 0.354166 0.959844
vt 0.333333 0.959844
vt 0.3125 0.959844
vt 0.291666 0.959844
vt 0.270833 0.959844
vt 0.375 0.960692
vt 0.354166 0.960692
vt 0.333333 0.960692
vt 0.3125 0.960692
vt 0.291666 0.960692
vt 0.270833 0.960692
vt 0.375 0.961589
vt 0.354166 0.961589
vt 0.333333 0.961589
vt 0.3125 0.961589
vt 0.291666 0.961589
vt 0.270833 0.961589
vt 0.375 0.963013
vt 0.354166 0.963013
vt 0.333333 0.963013
vt 0.3125 0.963013
vt 0.291666 0.963013
vt 0.270833 0.963013
vt 0.375 0.964863
vt 0.354166 0.964863
vt 0.333333 0.964863
vt 0.3125 0.964863
vt 0.291666 0.964863
vt 0.270833 0.964863
vt 0.375 0.967018
vt 0.354166 0.967018
vt 0.333333 0.967018
vt 0.3125 0.967018
vt 0.291666 0.967018
vt 0.270833 0.967018
vt 0.375 0.969339
vt 0.354166 0.969339
vt 0.333333 0.969339
vt 0.3125 0.969339
vt 0.291666 0.969339
vt 0.270833 0.969339
vt 0.375 0.97168
vt 0.354166 0.97168
vt 0.333333 0.97168
vt 0.3125 0.97168
vt 0.291666 0.97168
vt 0.270833 0.97168
vt 0.270833 0.938182
vt 0.291666 0.938182
vt 0.3125 0.938182
vt 0.333333 0.938182
vt 0.354166 0.938182
vt 0.375 0.938182
vt 0.375 0.94373
vt 0.354166 0.94373
vt 0.333333 0.94373
vt 0.3125 0.94373
vt 0.291666 0.94373
vt 0.270833 0.94373
vt 0.5 0.972649
vt 0.5 0.969185
vt 0.5 0.965751
vt 0.5 0.962552
vt 0.5 0.959787
vt 0.5 0.957638
vt 0.5 0.956257
vt 0.5 0.954936
vt 0.5 0.169273
vt 0.5 0.169273
vt 0.520833 0.972649
vt 0.541667 0.972649
vt 0.5625 0.972649
vt 0.583333 0.972649
vt 0.604167 0.972649
vt 0.395833 0.972649
vt 0.416667 0.972649
vt 0.4375 0.972649
vt 0.458333 0.972649
vt 0.479167 0.972649
vt 0.520833 0.969185
vt 0.541667 0.969186
vt 0.5625 0.969186
vt 0.583333 0.969186
vt 0.604167 0.969185
vt 0.395833 0.969185
vt 0.416667 0.969185
vt 0.4375 0.969185
vt 0.458333 0.969185
vt 0.479167 0.969185
vt 0.520833 0.965751
vt 0.541667 0.965751
vt 0.5625 0.965751
vt 0.583333 0.965751
vt 0.604167 0.965751
vt 0.395833 0.965751
vt 0.416667 0.965751
vt 0.4375 0.965751
vt 0.458333 0.965751
vt 0.479167 0.965751
vt 0.520833 0.962552
vt 0.541667 0.962552
vt 0.5625 0.962552
vt 0.583333 0.962552
vt 0.604167 0.962552
vt 0.395833 0.962552
vt 0.416667 0.962552
vt 0.4375 0.962552
vt 0.458334 0.962552
vt 0.479167 0.962552
vt 0.520833 0.959787
vt 0.541667 0.959787
vt 0.5625 0.959787
vt 0.583333 0.959787
vt 0.604167 0.959787
vt 0.395833 0.959787
vt 0.416667 0.959787
vt 0.4375 0.959787
vt 0.458334 0.959787
vt 0.479167 0.959787
vt 0.520833 0.957638
vt 0.541667 0.957638
vt 0.5625 0.957638
vt 0.583333 0.957638
vt 0.604167 0.957638
vt 0.395833 0.957637
vt 0.416667 0.957638
vt 0.4375 0.957638
vt 0.458334 0.957638
vt 0.479167 0.957638
vt 0.520833 0.956257
vt 0.541667 0.956257
vt 0.5625 0.956257
vt 0.583333 0.956257
vt 0.604167 0.956257
vt 0.395833 0.956257
vt 0.416667 0.956257
vt 0.4375 0.956257
vt 0.458334 0.956257
vt 0.479167 0.956257
vt 0.520833 0.954936
vt 0.541667 0.954936
vt 0.5625 0.954936
vt 0.583333 0.954936
vt 0.604167 0.954936
vt 0.395833 0.954936
vt 0.416667 0.954936
vt 0.4375 0.954936
vt 0.458334 0.954936
vt 0.479167 0.954936
vt 0.520833 0.169273
vt 0.520833 0.169273
vt 0.541667 0.169273
vt 0.541667 0.169273
vt 0.5625 0.169273
vt 0.5625 0.169273
vt 0.583333 0.169273
vt 0.583333 0.169273
vt 0.604167 0.169273
vt 0.604167 0.169273
vt 0.395833 0.169273
vt 0.395833 0.169273
vt 0.416667 0.169273
vt 0.416667 0.169273
vt 0.4375 0.169273
vt 0.4375 0.169273
vt 0.458333 0.169273
vt 0.458333 0.169273
vt 0.479167 0.169273
vt 0.479167 0.169273
vt 0.5 0.168091
vt 0.5 0.166387
vt 0.5 0.165243
vt 0.5 0.165243
vt 0.5 0.165821
vt 0.5 0.959844
vt 0.5 0.960692
vt 0.5 0.961589
vt 0.5 0.963013
vt 0.5 0.964863
vt 0.5 0.967018
vt 0.5 0.969339
vt 0.5 0.97168
vt 0.520833 0.168091
vt 0.541667 0.168091
vt 0.5625 0.168091
vt 0.583333 0.168091
vt 0.604167 0.168091
vt 0.395833 0.168091
vt 0.416667 0.168091
vt 0.4375 0.168091
vt 0.458333 0.168091
vt 0.479167 0.168091
vt 0.520833 0.166387
vt 0.541667 0.166387
vt 0.5625 0.166387
vt 0.583334 0.166387
vt 0.604167 0.166387
vt 0.395833 0.166387
vt 0.416667 0.166387
vt 0.4375 0.166387
vt 0.458333 0.166387
vt 0.479167 0.166387
vt 0.520833 0.165243
vt 0.541667 0.165243
vt 0.5625 0.165243
vt 0.583334 0.165243
vt 0.604167 0.165243
vt 0.395833 0.165243
vt 0.416667 0.165243
vt 0.4375 0.165243
vt 0.458333 0.165243
vt 0.479167 0.165243
vt 0.520833 0.165821
vt 0.541667 0.165821
vt 0.5625 0.165821
vt 0.583334 0.165821
vt 0.604167 0.165821
vt 0.395833 0.165821
vt 0.416667 0.165821
vt 0.4375 0.165821
vt 0.458333 0.165821
vt 0.479167 0.165821
vt 0.520833 0.959844
vt 0.541667 0.959844
vt 0.5625 0.959844
vt 0.583333 0.959844
vt 0.604167 0.959844
vt 0.395833 0.959844
vt 0.416667 0.959844
vt 0.4375 0.959844
vt 0.458334 0.959844
vt 0.479167 0.959844
vt 0.520833 0.960692
vt 0.541667 0.960692
vt 0.5625 0.960692
vt 0.583333 0.960692
vt 0.604167 0.960692
vt 0.395833 0.960692
vt 0.416667 0.960692
vt 0.4375 0.960692
vt 0.458334 0.960692
vt 0.479167 0.960692
vt 0.520833 0.961589
vt 0.541667 0.961589
vt 0.5625 0.961589
vt 0.583333 0.961589
vt 0.604167 0.961589
vt 0.395833 0.961589
vt 0.416667 0.961589
vt 0.4375 0.961589
vt 0.458334 0.961589
vt 0.479167 0.961589
vt 0.520833 0.963013
vt 0.541667 0.963013
vt 0.5625 0.963013
vt 0.583333 0.963013
vt 0.604167 0.963013
vt 0.395833 0.963013
vt 0.416667 0.963013
vt 0.4375 0.963013
vt 0.458334 0.963013
vt 0.479167 0.963013
vt 0.520833 0.964863
vt 0.541667 0.964863
vt 0.5625 0.964863
vt 0.583333 0.964864
vt 0.604167 0.964863
vt 0.395833 0.964863
vt 0.416667 0.964863
vt 0.4375 0.964863
vt 0.458333 0.964863
vt 0.479167 0.964863
vt 0.520833 0.967018
vt 0.541667 0.967018
vt 0.5625 0.967018
vt 0.583333 0.967018
vt 0.604167 0.967018
vt 0.395833 0.967018
vt 0.416667 0.967018
vt 0.4375 0.967018
vt 0.458333 0.967018
vt 0.479167 0.967018
vt 0.520833 0.969339
vt 0.541667 0.969339
vt 0.5625 0.969339
vt 0.583333 0.969339
vt 0.604167 0.969339
vt 0.395833 0.969339
vt 0.416667 0.969339
vt 0.4375 0.969339
vt 0.458333 0.969339
vt 0.479167 0.969339
vt 0.520833 0.97168
vt 0.541667 0.97168
vt 0.5625 0.97168
vt 0.583333 0.97168
vt 0.604167 0.97168
vt 0.395833 0.97168
vt 0.416667 0.97168
vt 0.4375 0.97168
vt 0.458333 0.97168
vt 0.479167 0.97168
vt 0.604167 0.916259
vt 0.583333 0.916259
vt 0.5625 0.916259
vt 0.541667 0.916259
vt 0.520833 0.916259
vt 0.5 0.916259
vt 0.604167 0.938182
vt 0.583333 0.938182
vt 0.5625 0.938182
vt 0.541667 0.938182
vt 0.520833 0.938182
vt 0.5 0.938182
vt 0.479167 0.938182
vt 0.458334 0.938182
vt 0.4375 0.938182
vt 0.416667 0.938182
vt 0.395833 0.938182
vt 0.458334 0.853759
vt 0.5 0.922587
vt 0.520833 0.922587
vt 0.541667 0.922587
vt 0.5625 0.922587
vt 0.583333 0.922587
vt 0.604167 0.922587
vt 0.395833 0.94373
vt 0.416667 0.94373
vt 0.4375 0.94373
vt 0.458334 0.94373
vt 0.479167 0.94373
vt 0.5 0.94373
vt 0.520833 0.94373
vt 0.541667 0.94373
vt 0.5625 0.94373
vt 0.583333 0.94373
vt 0.604167 0.94373
vt 0.625 0.238185
vt 0.625 0.238185
vt 0.625 0.2098
vt 0.625 0.2098
vt 0.645833 0.233435
vt 0.645833 0.233435
vt 0.645833 0.206196
vt 0.645833 0.206196
vt 0.666667 0.229551
vt 0.666667 0.229551
vt 0.666667 0.203241
vt 0.666667 0.203241
vt 0.6875 0.226534
vt 0.6875 0.226534
vt 0.6875 0.200941
vt 0.6875 0.200941
vt 0.722509 0.223211
vt 0.722509 0.223211
vt 0.722509 0.223211
vt 0.724328 0.198308
vt 0.724328 0.198308
vt 0.724328 0.198308
vt 0.708334 0.224383
vt 0.708334 0.224383
vt 0.708334 0.199296
vt 0.708334 0.199296
vt 0.645834 0.229888
vt 0.645834 0.229888
vt 0.645834 0.202745
vt 0.645834 0.202745
vt 0.666667 0.226129
vt 0.666667 0.226129
vt 0.666667 0.199902
vt 0.666667 0.199902
vt 0.6875 0.223208
vt 0.6875 0.223208
vt 0.6875 0.197688
vt 0.6875 0.197688
vt 0.708334 0.221124
vt 0.708334 0.221124
vt 0.721555 0.22002
vt 0.721555 0.22002
vt 0.721555 0.22002
vt 0.723498 0.195159
vt 0.723498 0.195159
vt 0.723498 0.195159
vt 0.354166 0.293565
vt 0.354166 0.293565
vt 0.354166 0.350616
vt 0.354166 0.350616
vt 0.333333 0.298849
vt 0.333333 0.298849
vt 0.333333 0.357684
vt 0.333333 0.357684
vt 0.3125 0.303149
vt 0.3125 0.303149
vt 0.3125 0.363421
vt 0.3125 0.363421
vt 0.291666 0.306328
vt 0.291666 0.306328
vt 0.291666 0.367651
vt 0.291666 0.367651
vt 0.375 0.280612
vt 0.375 0.280612
vt 0.375 0.335225
vt 0.375 0.335225
vt 0.354166 0.286449
vt 0.354166 0.286449
vt 0.354166 0.343149
vt 0.354166 0.343149
vt 0.333333 0.291502
vt 0.333333 0.291502
vt 0.333333 0.349995
vt 0.333333 0.349995
vt 0.3125 0.295615
vt 0.3125 0.295615
vt 0.3125 0.355555
vt 0.3125 0.355555
vt 0.291666 0.298655
vt 0.291666 0.298655
vt 0.291666 0.359656
vt 0.291666 0.359656
vt 0.479167 0.251064
vt 0.479167 0.251064
vt 0.479167 0.293361
vt 0.479167 0.293361
vt 0.5 0.243805
vt 0.5 0.243805
vt 0.5 0.283581
vt 0.5 0.283581
vt 0.520833 0.236875
vt 0.520833 0.236875
vt 0.520833 0.274265
vt 0.520833 0.274265
vt 0.541667 0.230369
vt 0.541667 0.230369
vt 0.541667 0.265542
vt 0.541667 0.265542
vt 0.5625 0.22436
vt 0.5625 0.22436
vt 0.5625 0.257512
vt 0.5625 0.257512
vt 0.583333 0.250247
vt 0.583333 0.250247
vt 0.583333 0.218904
vt 0.583333 0.218904
vt 0.604167 0.243795
vt 0.604167 0.243795
vt 0.604167 0.214042
vt 0.604167 0.214042
vt 0.375 0.287462
vt 0.375 0.287462
vt 0.375 0.342429
vt 0.375 0.342429
vt 0.395833 0.280721
vt 0.395833 0.280721
vt 0.395833 0.333365
vt 0.395833 0.333365
vt 0.416667 0.27353
vt 0.416667 0.27353
vt 0.416667 0.323675
vt 0.416667 0.323675
vt 0.4375 0.266076
vt 0.4375 0.266076
vt 0.4375 0.313618
vt 0.4375 0.313618
vt 0.458333 0.258534
vt 0.458333 0.258534
vt 0.458333 0.303438
vt 0.458333 0.303438
vt 0.395834 0.274166
vt 0.395834 0.274166
vt 0.395834 0.326456
vt 0.395834 0.326456
vt 0.416667 0.267289
vt 0.416667 0.267289
vt 0.416667 0.317088
vt 0.416667 0.317088
vt 0.4375 0.260158
vt 0.4375 0.260158
vt 0.4375 0.307369
vt 0.4375 0.307369
vt 0.458334 0.252941
vt 0.458334 0.252941
vt 0.458334 0.297534
vt 0.458334 0.297534
vt 0.479167 0.24579
vt 0.479167 0.24579
vt 0.479167 0.2878
vt 0.479167 0.2878
vt 0.5 0.238838
vt 0.5 0.238838
vt 0.5 0.278356
vt 0.5 0.278356
vt 0.520833 0.232198
vt 0.520833 0.232198
vt 0.520833 0.269357
vt 0.520833 0.269357
vt 0.541667 0.225959
vt 0.541667 0.225959
vt 0.541667 0.26093
vt 0.541667 0.26093
vt 0.5625 0.220194
vt 0.5625 0.220194
vt 0.5625 0.253171
vt 0.5625 0.253171
vt 0.583333 0.246149
vt 0.583333 0.246149
vt 0.583333 0.214957
vt 0.583333 0.214957
vt 0.604167 0.23991
vt 0.604167 0.23991
vt 0.604167 0.210287
vt 0.604167 0.210287
vt 0.625 0.234484
vt 0.625 0.234484
vt 0.625 0.20621
vt 0.625 0.20621
vt 0.284015 0.368368
vt 0.284015 0.368368
vt 0.284015 0.368368
vt 0.281785 0.306933
vt 0.281785 0.306933
vt 0.281785 0.306933
vt 0.3125 0.554747
vt 0.3125 0.554747
vt 0.333333 0.546826
vt 0.333333 0.546826
vt 0.354166 0.536794
vt 0.354166 0.536794
vt 0.373641 0.525593
vt 0.373641 0.525593
vt 0.375 0.521625
vt 0.375 0.521625
vt 0.354166 0.533621
vt 0.354166 0.533621
vt 0.333333 0.543656
vt 0.333333 0.543656
vt 0.3125 0.551584
vt 0.3125 0.551584
vt 0.291666 0.557306
vt 0.291666 0.557306
vt 0.291666 0.557306
vt 0.416667 0.495751
vt 0.416667 0.495751
vt 0.395833 0.511024
vt 0.395833 0.511024
vt 0.395834 0.507873
vt 0.395834 0.507873
vt 0.416667 0.492633
vt 0.416667 0.492633
vt 0.291666 0.453129
vt 0.291666 0.453129
vt 0.287924 0.446825
vt 0.287924 0.446825
vt 0.287924 0.446825
vt 0.720414 0.258976
vt 0.720414 0.258976
vt 0.720414 0.258976
vt 0.717745 0.312811
vt 0.717745 0.312811
vt 0.717745 0.312811
vt 0.3125 0.447796
vt 0.3125 0.447796
vt 0.333333 0.440506
vt 0.333333 0.440506
vt 0.354166 0.431439
vt 0.354166 0.431439
vt 0.354166 0.424911
vt 0.354166 0.424911
vt 0.333333 0.433851
vt 0.333333 0.433851
vt 0.3125 0.441046
vt 0.3125 0.441046
vt 0.291666 0.446313
vt 0.291666 0.446313
vt 0.4375 0.382612
vt 0.4375 0.382612
vt 0.436879 0.479786
vt 0.436879 0.479786
vt 0.416667 0.396087
vt 0.416667 0.396087
vt 0.395833 0.408935
vt 0.395833 0.408935
vt 0.395834 0.402762
vt 0.395834 0.402762
vt 0.416667 0.390138
vt 0.416667 0.390138
vt 0.4375 0.376915
vt 0.4375 0.376915
vt 0.4375 0.476233
vt 0.4375 0.476233
vt 0.5625 0.378092
vt 0.5625 0.378092
vt 0.5625 0.305819
vt 0.5625 0.305819
vt 0.541667 0.316892
vt 0.541667 0.316892
vt 0.541667 0.393339
vt 0.541667 0.393339
vt 0.520833 0.328913
vt 0.520833 0.328913
vt 0.520833 0.409685
vt 0.520833 0.409685
vt 0.5 0.341724
vt 0.5 0.341724
vt 0.5 0.426832
vt 0.5 0.426832
vt 0.479167 0.35512
vt 0.479167 0.35512
vt 0.479167 0.444422
vt 0.479167 0.444422
vt 0.458333 0.368848
vt 0.458333 0.368848
vt 0.458333 0.462052
vt 0.458333 0.462052
vt 0.458334 0.363423
vt 0.458334 0.363423
vt 0.458334 0.459056
vt 0.458334 0.459056
vt 0.479167 0.349979
vt 0.479167 0.349979
vt 0.479167 0.441515
vt 0.479167 0.441515
vt 0.5 0.336871
vt 0.5 0.336871
vt 0.5 0.42403
vt 0.5 0.42403
vt 0.520833 0.324343
vt 0.520833 0.324343
vt 0.520833 0.407
vt 0.520833 0.407
vt 0.541667 0.312594
vt 0.541667 0.312594
vt 0.5625 0.375656
vt 0.5625 0.375656
vt 0.5625 0.301774
vt 0.5625 0.301774
vt 0.708334 0.260329
vt 0.708334 0.260329
vt 0.708334 0.314248
vt 0.708334 0.314248
vt 0.6875 0.318396
vt 0.6875 0.318396
vt 0.6875 0.263264
vt 0.6875 0.263264
vt 0.666667 0.324219
vt 0.666667 0.324219
vt 0.666667 0.267384
vt 0.666667 0.267384
vt 0.645833 0.331724
vt 0.645833 0.331724
vt 0.645833 0.2727
vt 0.645833 0.2727
vt 0.645834 0.329711
vt 0.645834 0.329711
vt 0.645834 0.269418
vt 0.645834 0.269418
vt 0.666667 0.322279
vt 0.666667 0.322279
vt 0.666667 0.264225
vt 0.666667 0.264225
vt 0.6875 0.316513
vt 0.6875 0.316513
vt 0.708334 0.257331
vt 0.708334 0.257331
vt 0.708334 0.312406
vt 0.708334 0.312406
vt 0.625 0.340907
vt 0.625 0.340907
vt 0.625 0.279214
vt 0.625 0.279214
vt 0.604167 0.351743
vt 0.604167 0.351743
vt 0.604167 0.286922
vt 0.604167 0.286922
vt 0.583333 0.364172
vt 0.583333 0.364172
vt 0.583333 0.295804
vt 0.583333 0.295804
vt 0.583333 0.361857
vt 0.583333 0.361857
vt 0.583333 0.29199
vt 0.583333 0.29199
vt 0.604167 0.34954
vt 0.604167 0.34954
vt 0.604167 0.283312
vt 0.604167 0.283312
vt 0.625 0.338806
vt 0.625 0.338806
vt 0.625 0.275782
vt 0.625 0.275782
vt 0.71931 0.256084
vt 0.71931 0.256084
vt 0.71931 0.256084
vt 0.289544 0.560861
vt 0.289544 0.560861
vt 0.289544 0.560861
vt 0.286576 0.453851
vt 0.286576 0.453851
vt 0.286576 0.453851
vt 0.375 0.420823
vt 0.375 0.420823
vt 0.375 0.414456
vt 0.375 0.414456
vt 0.716684 0.311113
vt 0.716684 0.311113
vt 0.716684 0.311113
vt 0.27199 0.456179
vt 0.270833 0.563911
vt 0.269438 0.449571
vt 0.270833 0.560761
vt 0.271583 0.308164
vt 0.271772 0.370082
vt 0.269935 0.300495
vt 0.269704 0.362162
vt 0.729167 0.223093
vt 0.729167 0.258572
vt 0.729167 0.311764
vt 0.729167 0.19831
vt 0.729167 0.219876
vt 0.729167 0.255614
vt 0.729167 0.309947
vt 0.729167 0.195156
vt 0.711698 0.516351
vt 0.711698 0.516351
vt 0.711698 0.516351
vt 0.6875 0.524037
vt 0.6875 0.524037
vt 0.666667 0.53365
vt 0.666667 0.53365
vt 0.645833 0.545636
vt 0.645833 0.545636
vt 0.625 0.559692
vt 0.625 0.559692
vt 0.645834 0.553271
vt 0.645834 0.553271
vt 0.666667 0.541298
vt 0.666667 0.541298
vt 0.6875 0.53168
vt 0.6875 0.53168
vt 0.709842 0.524357
vt 0.709842 0.524357
vt 0.709842 0.524357
vt 0.604167 0.575435
vt 0.604167 0.575435
vt 0.583333 0.592414
vt 0.583333 0.592414
vt 0.5625 0.610141
vt 0.5625 0.610141
vt 0.541667 0.628113
vt 0.541667 0.628113
vt 0.541667 0.501508
vt 0.541667 0.501508
vt 0.520833 0.645859
vt 0.520833 0.645859
vt 0.520833 0.521082
vt 0.520833 0.521082
vt 0.5 0.662966
vt 0.5 0.662966
vt 0.5 0.540834
vt 0.5 0.540834
vt 0.479167 0.679098
vt 0.479167 0.679098
vt 0.458333 0.578952
vt 0.458333 0.578952
vt 0.458333 0.694011
vt 0.458333 0.694011
vt 0.4375 0.596474
vt 0.4375 0.596474
vt 0.4375 0.707541
vt 0.4375 0.707541
vt 0.458334 0.58067
vt 0.458334 0.58067
vt 0.458334 0.69984
vt 0.458334 0.69984
vt 0.479167 0.562016
vt 0.479167 0.562016
vt 0.479167 0.685222
vt 0.479167 0.685222
vt 0.5 0.669387
vt 0.5 0.669387
vt 0.5 0.542586
vt 0.5 0.542586
vt 0.520833 0.652566
vt 0.520833 0.652566
vt 0.520833 0.522831
vt 0.520833 0.522831
vt 0.541667 0.635082
vt 0.541667 0.635082
vt 0.541667 0.50324
vt 0.541667 0.50324
vt 0.5625 0.617335
vt 0.5625 0.617335
vt 0.561244 0.485437
vt 0.561244 0.485437
vt 0.583333 0.599789
vt 0.583333 0.599789
vt 0.604167 0.58294
vt 0.604167 0.58294
vt 0.625 0.567282
vt 0.625 0.567282
vt 0.715115 0.395858
vt 0.715115 0.395858
vt 0.715115 0.395858
vt 0.395833 0.626908
vt 0.395833 0.626908
vt 0.395833 0.730136
vt 0.395833 0.730136
vt 0.373933 0.640059
vt 0.373933 0.640059
vt 0.374281 0.739478
vt 0.374281 0.739478
vt 0.395834 0.628516
vt 0.395834 0.628516
vt 0.395834 0.735182
vt 0.395834 0.735182
vt 0.416667 0.614182
vt 0.416667 0.614182
vt 0.416667 0.724877
vt 0.416667 0.724877
vt 0.297357 0.760185
vt 0.297357 0.760185
vt 0.297357 0.760185
vt 0.29307 0.670067
vt 0.29307 0.670067
vt 0.29307 0.670067
vt 0.3125 0.665516
vt 0.3125 0.665516
vt 0.3125 0.757496
vt 0.3125 0.757496
vt 0.333333 0.658778
vt 0.333333 0.658778
vt 0.333333 0.752806
vt 0.333333 0.752806
vt 0.354166 0.650089
vt 0.354166 0.650089
vt 0.354166 0.74671
vt 0.354166 0.74671
vt 0.354166 0.651619
vt 0.354166 0.651619
vt 0.354166 0.751373
vt 0.354166 0.751373
vt 0.333333 0.660275
vt 0.333333 0.660275
vt 0.333333 0.757326
vt 0.333333 0.757326
vt 0.3125 0.666987
vt 0.3125 0.666987
vt 0.3125 0.761905
vt 0.3125 0.761905
vt 0.299688 0.764227
vt 0.299688 0.764227
vt 0.299688 0.764227
vt 0.4375 0.598161
vt 0.4375 0.598161
vt 0.4375 0.713086
vt 0.4375 0.713086
vt 0.562024 0.483025
vt 0.562024 0.483025
vt 0.708334 0.397181
vt 0.708334 0.397181
vt 0.6875 0.402993
vt 0.6875 0.402993
vt 0.645833 0.421455
vt 0.645833 0.421455
vt 0.645834 0.42299
vt 0.645834 0.42299
vt 0.666667 0.412597
vt 0.666667 0.412597
vt 0.6875 0.404457
vt 0.6875 0.404457
vt 0.708334 0.39862
vt 0.708334 0.39862
vt 0.625 0.433965
vt 0.625 0.433965
vt 0.604167 0.448485
vt 0.604167 0.448485
vt 0.583333 0.464795
vt 0.583333 0.464795
vt 0.583333 0.466462
vt 0.583333 0.466462
vt 0.604167 0.450109
vt 0.604167 0.450109
vt 0.625 0.435544
vt 0.625 0.435544
vt 0.416667 0.612533
vt 0.416667 0.612533
vt 0.416667 0.719595
vt 0.416667 0.719595
vt 0.375 0.641022
vt 0.375 0.641022
vt 0.375 0.744004
vt 0.375 0.744004
vt 0.713576 0.397579
vt 0.713576 0.397579
vt 0.713576 0.397579
vt 0.729167 0.393687
vt 0.729167 0.512756
vt 0.729167 0.395111
vt 0.729167 0.520376
vt 0.270833 0.673183
vt 0.270833 0.762795
vt 0.270833 0.674622
vt 0.270833 0.767078
vt 0.291666 0.760815
vt 0.291666 0.765146
vt 0.333333 0.869587
vt 0.333333 0.869587
vt 0.354166 0.867151
vt 0.354166 0.867151
vt 0.375 0.870005
vt 0.375 0.870005
vt 0.354166 0.872817
vt 0.354166 0.872817
vt 0.333333 0.875099
vt 0.333333 0.875099
vt 0.458333 0.84625
vt 0.458333 0.84625
vt 0.4375 0.851617
vt 0.4375 0.851617
vt 0.416667 0.856389
vt 0.416667 0.856389
vt 0.395833 0.860564
vt 0.395833 0.860564
vt 0.375 0.864148
vt 0.375 0.864148
vt 0.395833 0.866651
vt 0.395833 0.866651
vt 0.416667 0.862748
vt 0.416667 0.862748
vt 0.4375 0.85829
vt 0.4375 0.85829
vt 0.6875 0.65984
vt 0.6875 0.65984
vt 0.6875 0.770182
vt 0.6875 0.770182
vt 0.666667 0.667965
vt 0.666667 0.667965
vt 0.666667 0.775329
vt 0.666667 0.775329
vt 0.70511 0.667703
vt 0.70511 0.667703
vt 0.70511 0.667703
vt 0.645833 0.677838
vt 0.645833 0.677838
vt 0.645833 0.78153
vt 0.645833 0.78153
vt 0.645834 0.689655
vt 0.645834 0.689655
vt 0.645834 0.793155
vt 0.645834 0.793155
vt 0.666667 0.68014
vt 0.666667 0.68014
vt 0.666667 0.787407
vt 0.666667 0.787407
vt 0.6875 0.672297
vt 0.6875 0.672297
vt 0.6875 0.782634
vt 0.6875 0.782634
vt 0.625 0.689077
vt 0.625 0.689077
vt 0.625 0.788525
vt 0.625 0.788525
vt 0.604167 0.70127
vt 0.604167 0.70127
vt 0.604167 0.796048
vt 0.604167 0.796048
vt 0.583333 0.714001
vt 0.583333 0.714001
vt 0.583333 0.803848
vt 0.583333 0.803848
vt 0.5625 0.72688
vt 0.5625 0.72688
vt 0.5625 0.811697
vt 0.5625 0.811697
vt 0.541667 0.739565
vt 0.541667 0.739565
vt 0.541667 0.819402
vt 0.541667 0.819402
vt 0.541667 0.748831
vt 0.541667 0.748831
vt 0.541667 0.828294
vt 0.541667 0.828294
vt 0.5625 0.736705
vt 0.5625 0.736705
vt 0.5625 0.821137
vt 0.5625 0.821137
vt 0.583333 0.724378
vt 0.583333 0.724378
vt 0.583333 0.813853
vt 0.583333 0.813853
vt 0.604167 0.712175
vt 0.604167 0.712175
vt 0.604167 0.806618
vt 0.604167 0.806618
vt 0.625 0.700467
vt 0.625 0.700467
vt 0.625 0.799641
vt 0.625 0.799641
vt 0.520833 0.751777
vt 0.520833 0.751777
vt 0.520833 0.82681
vt 0.520833 0.82681
vt 0.5 0.763299
vt 0.5 0.763299
vt 0.5 0.833804
vt 0.5 0.833804
vt 0.479167 0.773981
vt 0.479167 0.773981
vt 0.477984 0.840713
vt 0.477984 0.840713
vt 0.458333 0.783726
vt 0.458333 0.783726
vt 0.4375 0.792483
vt 0.4375 0.792483
vt 0.4375 0.799331
vt 0.4375 0.799331
vt 0.458334 0.790977
vt 0.458334 0.790977
vt 0.458334 0.853282
vt 0.458334 0.853282
vt 0.479167 0.781681
vt 0.479167 0.781681
vt 0.479167 0.847737
vt 0.479167 0.847737
vt 0.5 0.77149
vt 0.5 0.77149
vt 0.5 0.841686
vt 0.5 0.841686
vt 0.520833 0.760493
vt 0.520833 0.760493
vt 0.520833 0.835179
vt 0.520833 0.835179
vt 0.302558 0.825758
vt 0.302558 0.825758
vt 0.302558 0.825758
vt 0.3125 0.824439
vt 0.3125 0.824439
vt 0.333333 0.821448
vt 0.333333 0.821448
vt 0.354166 0.817561
vt 0.354166 0.817561
vt 0.354166 0.823265
vt 0.354166 0.823265
vt 0.333333 0.826978
vt 0.333333 0.826978
vt 0.3125 0.829834
vt 0.3125 0.829834
vt 0.305422 0.830794
vt 0.305422 0.830794
vt 0.305422 0.830794
vt 0.416667 0.800233
vt 0.416667 0.800233
vt 0.395833 0.806982
vt 0.395833 0.806982
vt 0.395833 0.813165
vt 0.395833 0.813165
vt 0.416667 0.806725
vt 0.416667 0.806725
vt 0.308983 0.871832
vt 0.308983 0.871832
vt 0.308983 0.871832
vt 0.702171 0.767755
vt 0.702171 0.767755
vt 0.702171 0.767755
vt 0.707526 0.654068
vt 0.707526 0.654068
vt 0.707526 0.654068
vt 0.699154 0.780972
vt 0.699154 0.780972
vt 0.699154 0.780972
vt 0.374704 0.812837
vt 0.374704 0.812837
vt 0.375 0.81867
vt 0.375 0.81867
vt 0.270833 0.827819
vt 0.291666 0.826556
vt 0.270833 0.873597
vt 0.291666 0.8728
vt 0.291666 0.831857
vt 0.270833 0.833064
vt 0.291666 0.878112
vt 0.270833 0.87886
vt 0.729167 0.763921
vt 0.729167 0.650055
vt 0.708334 0.766318
vt 0.708334 0.779051
vt 0.729167 0.776828
vt 0.729167 0.662834
vt 0.666667 0.847421
vt 0.666667 0.847421
vt 0.666667 0.894638
vt 0.666667 0.894638
vt 0.645834 0.850985
vt 0.645834 0.850985
vt 0.645834 0.896691
vt 0.645834 0.896691
vt 0.625 0.85502
vt 0.625 0.85502
vt 0.625 0.89903
vt 0.625 0.89903
vt 0.645834 0.860777
vt 0.645834 0.860777
vt 0.626832 0.864193
vt 0.626832 0.864193
vt 0.645834 0.904711
vt 0.645834 0.904711
vt 0.666667 0.857558
vt 0.666667 0.857558
vt 0.666667 0.902892
vt 0.666667 0.902892
vt 0.6875 0.854895
vt 0.6875 0.854895
vt 0.678339 0.902253
vt 0.678339 0.902253
vt 0.678339 0.902253
vt 0.691399 0.854689
vt 0.691399 0.854689
vt 0.691399 0.854689
vt 0.354166 0.927774
vt 0.354166 0.927774
vt 0.375 0.931461
vt 0.375 0.931461
vt 0.354166 0.932556
vt 0.354166 0.932556
vt 0.604167 0.85938
vt 0.604167 0.85938
vt 0.604167 0.901575
vt 0.604167 0.901575
vt 0.583333 0.863923
vt 0.583333 0.863923
vt 0.583333 0.904249
vt 0.583333 0.904249
vt 0.5625 0.868525
vt 0.5625 0.868525
vt 0.5625 0.906979
vt 0.5625 0.906979
vt 0.541667 0.873075
vt 0.541667 0.873075
vt 0.541667 0.909702
vt 0.541667 0.909702
vt 0.520833 0.877483
vt 0.520833 0.877483
vt 0.520833 0.912364
vt 0.520833 0.912364
vt 0.5 0.881678
vt 0.5 0.881678
vt 0.5 0.914919
vt 0.5 0.914919
vt 0.479167 0.885608
vt 0.479167 0.885608
vt 0.479167 0.917333
vt 0.479167 0.917333
vt 0.458334 0.919578
vt 0.458334 0.919578
vt 0.4375 0.921636
vt 0.4375 0.921636
vt 0.416667 0.923491
vt 0.416667 0.923491
vt 0.395833 0.925136
vt 0.395833 0.925136
vt 0.375 0.926565
vt 0.375 0.926565
vt 0.479167 0.892237
vt 0.479167 0.892237
vt 0.5 0.888646
vt 0.5 0.888646
vt 0.5 0.920967
vt 0.5 0.920967
vt 0.520833 0.884819
vt 0.520833 0.884819
vt 0.520833 0.918676
vt 0.520833 0.918676
vt 0.541667 0.880804
vt 0.541667 0.880804
vt 0.541667 0.916294
vt 0.541667 0.916294
vt 0.5625 0.876667
vt 0.5625 0.876667
vt 0.5625 0.913862
vt 0.5625 0.913862
vt 0.583333 0.872489
vt 0.583333 0.872489
vt 0.583333 0.911427
vt 0.583333 0.911427
vt 0.604167 0.868371
vt 0.604167 0.868371
vt 0.604167 0.909048
vt 0.604167 0.909048
vt 0.625 0.906786
vt 0.625 0.906786
vt 0.395833 0.930169
vt 0.395833 0.930169
vt 0.416667 0.928683
vt 0.416667 0.928683
vt 0.4375 0.927008
vt 0.4375 0.927008
vt 0.458334 0.925154
vt 0.458334 0.925154
vt 0.479167 0.923135
vt 0.479167 0.923135
vt 0.4375 0.892532
vt 0.4375 0.892532
vt 0.416667 0.895485
vt 0.416667 0.895485
vt 0.4375 0.898577
vt 0.4375 0.898577
vt 0.333333 0.903769
vt 0.333333 0.903769
vt 0.354166 0.902227
vt 0.354166 0.902227
vt 0.354166 0.907487
vt 0.354166 0.907487
vt 0.333333 0.908908
vt 0.333333 0.908908
vt 0.32223 0.909681
vt 0.32223 0.909681
vt 0.32223 0.909681
vt 0.395833 0.898087
vt 0.395833 0.898087
vt 0.395833 0.903678
vt 0.395833 0.903678
vt 0.416667 0.901287
vt 0.416667 0.901287
vt 0.317403 0.904894
vt 0.317403 0.904894
vt 0.317403 0.904894
vt 0.458334 0.889234
vt 0.458334 0.889234
vt 0.458334 0.895555
vt 0.458334 0.895555
vt 0.687095 0.844549
vt 0.687095 0.844549
vt 0.686259 0.893096
vt 0.686259 0.893096
vt 0.686259 0.893096
vt 0.328512 0.929048
vt 0.328512 0.929048
vt 0.328512 0.929048
vt 0.335192 0.933418
vt 0.335192 0.933418
vt 0.335192 0.933418
vt 0.375 0.900334
vt 0.375 0.900334
vt 0.375 0.905744
vt 0.375 0.905744
vt 0.695333 0.84391
vt 0.695333 0.84391
vt 0.695333 0.84391
vt 0.729864 0.840908
vt 0.708831 0.842251
vt 0.729167 0.890903
vt 0.708334 0.891683
vt 0.708199 0.85292
vt 0.728838 0.851701
vt 0.749604 0.851275
vt 0.708334 0.900279
vt 0.729167 0.899589
vt 0.270833 0.906322
vt 0.291666 0.905813
vt 0.270833 0.93041
vt 0.291666 0.930081
vt 0.3125 0.929532
vt 0.291666 0.910793
vt 0.270833 0.911262
vt 0.3125 0.93415
vt 0.291666 0.934647
vt 0.270833 0.934946
vt 0.354166 0.253528
vt 0.354166 0.253528
vt 0.354166 0.224724
vt 0.354166 0.224724
vt 0.333333 0.25752
vt 0.333333 0.25752
vt 0.333333 0.227819
vt 0.333333 0.227819
vt 0.3125 0.260767
vt 0.3125 0.260767
vt 0.3125 0.230334
vt 0.3125 0.230334
vt 0.291666 0.263166
vt 0.291666 0.263166
vt 0.291666 0.23219
vt 0.291666 0.23219
vt 0.375 0.242753
vt 0.375 0.242753
vt 0.375 0.215669
vt 0.375 0.215669
vt 0.354166 0.247133
vt 0.354166 0.247133
vt 0.354166 0.219059
vt 0.354166 0.219059
vt 0.333333 0.250921
vt 0.333333 0.250921
vt 0.333333 0.221984
vt 0.333333 0.221984
vt 0.3125 0.254002
vt 0.3125 0.254002
vt 0.3125 0.22436
vt 0.3125 0.22436
vt 0.395833 0.243815
vt 0.395833 0.243815
vt 0.395833 0.217168
vt 0.395833 0.217168
vt 0.5 0.215691
vt 0.5 0.215691
vt 0.5 0.198539
vt 0.5 0.198539
vt 0.416667 0.238365
vt 0.416667 0.238365
vt 0.416667 0.212913
vt 0.416667 0.212913
vt 0.4375 0.232704
vt 0.4375 0.232704
vt 0.4375 0.208479
vt 0.4375 0.208479
vt 0.458333 0.226961
vt 0.458333 0.226961
vt 0.458333 0.203966
vt 0.458333 0.203966
vt 0.479167 0.221255
vt 0.479167 0.221255
vt 0.483014 0.194152
vt 0.483014 0.194152
vt 0.483014 0.194152
vt 0.479167 0.216449
vt 0.479167 0.216449
vt 0.395834 0.237908
vt 0.395834 0.237908
vt 0.395834 0.211911
vt 0.395834 0.211911
vt 0.416667 0.232729
vt 0.416667 0.232729
vt 0.416667 0.207882
vt 0.416667 0.207882
vt 0.4375 0.227346
vt 0.4375 0.227346
vt 0.4375 0.203681
vt 0.4375 0.203681
vt 0.458334 0.199401
vt 0.458334 0.199401
vt 0.458334 0.221882
vt 0.458334 0.221882
vt 0.520833 0.210358
vt 0.520833 0.210358
vt 0.520833 0.198539
vt 0.520833 0.198539
vt 0.541667 0.205332
vt 0.541667 0.205332
vt 0.556128 0.200857
vt 0.556128 0.200857
vt 0.555458 0.199244
vt 0.555458 0.199244
vt 0.5 0.211147
vt 0.5 0.211147
vt 0.5 0.194345
vt 0.5 0.194345
vt 0.520833 0.206062
vt 0.520833 0.206062
vt 0.520833 0.194345
vt 0.520833 0.194345
vt 0.552238 0.198661
vt 0.552238 0.198661
vt 0.555328 0.198032
vt 0.555328 0.198032
vt 0.550756 0.194029
vt 0.550756 0.194029
vt 0.541667 0.201265
vt 0.541667 0.201265
vt 0.553872 0.194034
vt 0.553872 0.194034
vt 0.280723 0.256671
vt 0.280723 0.256671
vt 0.280723 0.256671
vt 0.278888 0.226452
vt 0.278888 0.226452
vt 0.278888 0.226452
vt 0.375 0.248916
vt 0.375 0.248916
vt 0.375 0.22114
vt 0.375 0.22114
vt 0.291666 0.256279
vt 0.291666 0.256279
vt 0.291666 0.226114
vt 0.291666 0.226114
vt 0.483481 0.198326
vt 0.483481 0.198326
vt 0.483481 0.198326
vt 0.550608 0.202989
vt 0.550608 0.202989
vt 0.554094 0.202112
vt 0.554094 0.202112
vt 0.552521 0.198216
vt 0.552521 0.198216
vt 0.549305 0.198238
vt 0.549305 0.198238
vt 0.557774 0.196603
vt 0.557774 0.196603
vt 0.556994 0.195032
vt 0.556994 0.195032
vt 0.279827 0.263668
vt 0.279827 0.263668
vt 0.279827 0.263668
vt 0.278093 0.232623
vt 0.278093 0.232623
vt 0.278093 0.232623
vt 0.270833 0.233329
vt 0.270833 0.264639
vt 0.270833 0.227189
vt 0.270833 0.257676
vt 0.625 0.198539
vt 0.645833 0.198539
vt 0.666667 0.198539
vt 0.6875 0.198539
vt 0.708334 0.198539
vt 0.645834 0.194345
vt 0.666667 0.194345
vt 0.6875 0.194345
vt 0.708334 0.194345
vt 0.5625 0.198539
vt 0.583333 0.198539
vt 0.604167 0.198539
vt 0.5625 0.194345
vt 0.583333 0.194345
vt 0.604167 0.194345
vt 0.625 0.194345
vt 0.5625 0.201306
vt 0.5625 0.197099
vt 0.875 0.198278
vt 0.875 0.198278
vt 0.875 0.176596
vt 0.875 0.176596
vt 0.875 0.176596
vt 0.875 0.189227
vt 0.875 0.189227
vt 0.875 0.189227
vt 0.875 0.196173
vt 0.875 0.196173
vt 0.875 0.174609
vt 0.875 0.174609
vt 0.875 0.174609
vt 0.875 0.187167
vt 0.875 0.187167
vt 0.875 0.187167
vt 0.958333 0.182993
vt 0.958333 0.182993
vt 0.979167 0.182993
vt 0.979167 0.182993
vt 1 0.182993
vt 1 0.182993
vt 0.941971 0.182783
vt 0.941971 0.182783
vt 0.884803 0.197956
vt 0.884803 0.197956
vt 0.894601 0.196989
vt 0.894601 0.196989
vt 0.904388 0.195371
vt 0.904388 0.195371
vt 0.914158 0.193098
vt 0.914158 0.193098
vt 0.923906 0.190158
vt 0.923906 0.190158
vt 0.933623 0.186541
vt 0.933623 0.186541
vt 0.876869 0.176826
vt 0.876869 0.176826
vt 0.878595 0.177499
vt 0.878595 0.177499
vt 0.880047 0.178558
vt 0.880047 0.178558
vt 0.881123 0.179921
vt 0.881123 0.179921
vt 0.881756 0.181483
vt 0.881756 0.181483
vt 0.881915 0.18313
vt 0.881915 0.18313
vt 0.881606 0.184748
vt 0.881606 0.184748
vt 0.880863 0.18623
vt 0.880863 0.18623
vt 0.879746 0.187483
vt 0.879746 0.187483
vt 0.878334 0.188434
vt 0.878334 0.188434
vt 0.876719 0.189026
vt 0.876719 0.189026
vt 0.958333 0.180967
vt 0.958333 0.180967
vt 0.979167 0.180967
vt 0.979167 0.180967
vt 1 0.180967
vt 1 0.180967
vt 0.941971 0.180758
vt 0.941971 0.180758
vt 0.884803 0.195853
vt 0.884803 0.195853
vt 0.894601 0.19489
vt 0.894601 0.19489
vt 0.904388 0.19328
vt 0.904388 0.19328
vt 0.914158 0.191018
vt 0.914158 0.191018
vt 0.923906 0.188093
vt 0.923906 0.188093
vt 0.933623 0.184495
vt 0.933623 0.184495
vt 0.876869 0.174838
vt 0.876869 0.174838
vt 0.878595 0.175506
vt 0.878595 0.175506
vt 0.880047 0.176559
vt 0.880047 0.176559
vt 0.881123 0.177914
vt 0.881123 0.177914
vt 0.881756 0.179466
vt 0.881756 0.179466
vt 0.881915 0.181103
vt 0.881915 0.181103
vt 0.881606 0.182712
vt 0.881606 0.182712
vt 0.880863 0.184186
vt 0.880863 0.184186
vt 0.879746 0.185432
vt 0.879746 0.185432
vt 0.878334 0.186378
vt 0.878334 0.186378
vt 0.876719 0.186967
vt 0.876719 0.186967
vt 0.375 0.198278
vt 0.375 0.198278
vt 0.375 0.176596
vt 0.375 0.176596
vt 0.375 0.176596
vt 0.375 0.189227
vt 0.375 0.189227
vt 0.375 0.189227
vt 0.375 0.196173
vt 0.375 0.196173
vt 0.375 0.174609
vt 0.375 0.174609
vt 0.375 0.174609
vt 0.375 0.187167
vt 0.375 0.187167
vt 0.375 0.187167
vt 0.291667 0.182993
vt 0.291667 0.182993
vt 0.270833 0.182993
vt 0.270833 0.182993
vt 0.25 0.182993
vt 0.25 0.182993
vt 0.308029 0.182783
vt 0.308029 0.182783
vt 0.365197 0.197956
vt 0.365197 0.197956
vt 0.355399 0.196989
vt 0.355399 0.196989
vt 0.345612 0.195371
vt 0.345612 0.195371
vt 0.335842 0.193098
vt 0.335842 0.193098
vt 0.326094 0.190158
vt 0.326094 0.190158
vt 0.316377 0.186541
vt 0.316377 0.186541
vt 0.373131 0.176826
vt 0.373131 0.176826
vt 0.371405 0.177499
vt 0.371405 0.177499
vt 0.369953 0.178558
vt 0.369953 0.178558
vt 0.368877 0.179921
vt 0.368877 0.179921
vt 0.368244 0.181483
vt 0.368244 0.181483
vt 0.368085 0.18313
vt 0.368085 0.18313
vt 0.368394 0.184748
vt 0.368394 0.184748
vt 0.369137 0.18623
vt 0.369137 0.18623
vt 0.370254 0.187483
vt 0.370254 0.187483
vt 0.371666 0.188434
vt 0.371666 0.188434
vt 0.373281 0.189026
vt 0.373281 0.189026
vt 0.291667 0.180967
vt 0.291667 0.180967
vt 0.270833 0.180967
vt 0.270833 0.180967
vt 0.25 0.180967
vt 0.25 0.180967
vt 0.308029 0.180758
vt 0.308029 0.180758
vt 0.365197 0.195853
vt 0.365197 0.195853
vt 0.355399 0.19489
vt 0.355399 0.19489
vt 0.345612 0.19328
vt 0.345612 0.19328
vt 0.335842 0.191018
vt 0.335842 0.191018
vt 0.326094 0.188093
vt 0.326094 0.188093
vt 0.316377 0.184495
vt 0.316377 0.184495
vt 0.373131 0.174838
vt 0.373131 0.174838
vt 0.371405 0.175506
vt 0.371405 0.175506
vt 0.369953 0.176559
vt 0.369953 0.176559
vt 0.368877 0.177914
vt 0.368877 0.177914
vt 0.368244 0.179466
vt 0.368244 0.179466
vt 0.368085 0.181103
vt 0.368085 0.181103
vt 0.368394 0.182712
vt 0.368394 0.182712
vt 0.369137 0.184186
vt 0.369137 0.184186
vt 0.370254 0.185432
vt 0.370254 0.185432
vt 0.371666 0.186378
vt 0.371666 0.186378
vt 0.373281 0.186967
vt 0.373281 0.186967
vt 0.041667 0.182993
vt 0.041667 0.182993
vt 0.020833 0.182993
vt 0.020833 0.182993
vt 0.058029 0.182783
vt 0.058029 0.182783
vt 0.125 0.198278
vt 0.125 0.198278
vt 0.115197 0.197956
vt 0.115197 0.197956
vt 0.105399 0.196988
vt 0.105399 0.196988
vt 0.095612 0.195371
vt 0.095612 0.195371
vt 0.085842 0.193098
vt 0.085842 0.193098
vt 0.076094 0.190158
vt 0.076094 0.190158
vt 0.066377 0.186541
vt 0.066377 0.186541
vt 0.125 0.176596
vt 0.125 0.176596
vt 0.123131 0.176826
vt 0.123131 0.176826
vt 0.121405 0.177499
vt 0.121405 0.177499
vt 0.119953 0.178558
vt 0.119953 0.178558
vt 0.118877 0.179921
vt 0.118877 0.179921
vt 0.118244 0.181483
vt 0.118244 0.181483
vt 0.118085 0.18313
vt 0.118085 0.18313
vt 0.118394 0.184748
vt 0.118394 0.184748
vt 0.119137 0.18623
vt 0.119137 0.18623
vt 0.120254 0.187483
vt 0.120254 0.187483
vt 0.121666 0.188434
vt 0.121666 0.188434
vt 0.123281 0.189026
vt 0.123281 0.189026
vt 0.125 0.189227
vt 0.125 0.189227
vt 0.041667 0.180967
vt 0.041667 0.180967
vt 0.020833 0.180967
vt 0.020833 0.180967
vt 0.058029 0.180758
vt 0.058029 0.180758
vt 0.125 0.196173
vt 0.125 0.196173
vt 0.115197 0.195853
vt 0.115197 0.195853
vt 0.105399 0.19489
vt 0.105399 0.19489
vt 0.095612 0.19328
vt 0.095612 0.19328
vt 0.085842 0.191017
vt 0.085842 0.191017
vt 0.076094 0.188093
vt 0.076094 0.188093
vt 0.066377 0.184495
vt 0.066377 0.184495
vt 0.125 0.174609
vt 0.125 0.174609
vt 0.123131 0.174838
vt 0.123131 0.174838
vt 0.121405 0.175506
vt 0.121405 0.175506
vt 0.119953 0.176559
vt 0.119953 0.176559
vt 0.118877 0.177914
vt 0.118877 0.177914
vt 0.118244 0.179466
vt 0.118244 0.179466
vt 0.118085 0.181103
vt 0.118085 0.181103
vt 0.118394 0.182712
vt 0.118394 0.182712
vt 0.119137 0.184186
vt 0.119137 0.184186
vt 0.120254 0.185432
vt 0.120254 0.185432
vt 0.121666 0.186378
vt 0.121666 0.186378
vt 0.123281 0.186967
vt 0.123281 0.186967
vt 0.125 0.187167
vt 0.125 0.187167
vt 0.208333 0.182993
vt 0.208333 0.182993
vt 0.229167 0.182993
vt 0.229167 0.182993
vt 0.191971 0.182783
vt 0.191971 0.182783
vt 0.134803 0.197956
vt 0.134803 0.197956
vt 0.144601 0.196988
vt 0.144601 0.196988
vt 0.154388 0.195371
vt 0.154388 0.195371
vt 0.164158 0.193098
vt 0.164158 0.193098
vt 0.173906 0.190158
vt 0.173906 0.190158
vt 0.183623 0.186541
vt 0.183623 0.186541
vt 0.126869 0.176826
vt 0.126869 0.176826
vt 0.128595 0.177499
vt 0.128595 0.177499
vt 0.130047 0.178558
vt 0.130047 0.178558
vt 0.131123 0.179921
vt 0.131123 0.179921
vt 0.131756 0.181483
vt 0.131756 0.181483
vt 0.131915 0.18313
vt 0.131915 0.18313
vt 0.131606 0.184748
vt 0.131606 0.184748
vt 0.130863 0.18623
vt 0.130863 0.18623
vt 0.129746 0.187483
vt 0.129746 0.187483
vt 0.128334 0.188434
vt 0.128334 0.188434
vt 0.126719 0.189026
vt 0.126719 0.189026
vt 0.208333 0.180967
vt 0.208333 0.180967
vt 0.229167 0.180967
vt 0.229167 0.180967
vt 0.191971 0.180758
vt 0.191971 0.180758
vt 0.134803 0.195853
vt 0.134803 0.195853
vt 0.144601 0.19489
vt 0.144601 0.19489
vt 0.154388 0.19328
vt 0.154388 0.19328
vt 0.164158 0.191017
vt 0.164158 0.191017
vt 0.173906 0.188093
vt 0.173906 0.188093
vt 0.183623 0.184495
vt 0.183623 0.184495
vt 0.126869 0.174838
vt 0.126869 0.174838
vt 0.128595 0.175506
vt 0.128595 0.175506
vt 0.130047 0.176559
vt 0.130047 0.176559
vt 0.131123 0.177914
vt 0.131123 0.177914
vt 0.131756 0.179466
vt 0.131756 0.179466
vt 0.131915 0.181103
vt 0.131915 0.181103
vt 0.131606 0.182712
vt 0.131606 0.182712
vt 0.130863 0.184186
vt 0.130863 0.184186
vt 0.129746 0.185432
vt 0.129746 0.185432
vt 0.128334 0.186378
vt 0.128334 0.186378
vt 0.126719 0.186967
vt 0.126719 0.186967
vt 0.791667 0.182993
vt 0.791667 0.182993
vt 0.770833 0.182993
vt 0.770833 0.182993
vt 0.75 0.182993
vt 0.75 0.182993
vt 0.808029 0.182783
vt 0.808029 0.182783
vt 0.865197 0.197956
vt 0.865197 0.197956
vt 0.855399 0.196989
vt 0.855399 0.196989
vt 0.845612 0.195371
vt 0.845612 0.195371
vt 0.835842 0.193098
vt 0.835842 0.193098
vt 0.826094 0.190158
vt 0.826094 0.190158
vt 0.816377 0.186541
vt 0.816377 0.186541
vt 0.873131 0.176826
vt 0.873131 0.176826
vt 0.871405 0.177499
vt 0.871405 0.177499
vt 0.869953 0.178558
vt 0.869953 0.178558
vt 0.868877 0.179921
vt 0.868877 0.179921
vt 0.868244 0.181483
vt 0.868244 0.181483
vt 0.868085 0.18313
vt 0.868085 0.18313
vt 0.868394 0.184748
vt 0.868394 0.184748
vt 0.869137 0.18623
vt 0.869137 0.18623
vt 0.870254 0.187483
vt 0.870254 0.187483
vt 0.871666 0.188434
vt 0.871666 0.188434
vt 0.873281 0.189026
vt 0.873281 0.189026
vt 0.791667 0.180967
vt 0.791667 0.180967
vt 0.770833 0.180967
vt 0.770833 0.180967
vt 0.75 0.180967
vt 0.75 0.180967
vt 0.808029 0.180758
vt 0.808029 0.180758
vt 0.865197 0.195853
vt 0.865197 0.195853
vt 0.855399 0.19489
vt 0.855399 0.19489
vt 0.845612 0.19328
vt 0.845612 0.19328
vt 0.835842 0.191018
vt 0.835842 0.191018
vt 0.826094 0.188093
vt 0.826094 0.188093
vt 0.816377 0.184495
vt 0.816377 0.184495
vt 0.873131 0.174838
vt 0.873131 0.174838
vt 0.871405 0.175506
vt 0.871405 0.175506
vt 0.869953 0.176559
vt 0.869953 0.176559
vt 0.868877 0.177914
vt 0.868877 0.177914
vt 0.868244 0.179466
vt 0.868244 0.179466
vt 0.868085 0.181103
vt 0.868085 0.181103
vt 0.868394 0.182712
vt 0.868394 0.182712
vt 0.869137 0.184186
vt 0.869137 0.184186
vt 0.870254 0.185432
vt 0.870254 0.185432
vt 0.871666 0.186378
vt 0.871666 0.186378
vt 0.873281 0.186967
vt 0.873281 0.186967
vt 0.458333 0.182993
vt 0.458333 0.182993
vt 0.479167 0.182993
vt 0.479167 0.182993
vt 0.5 0.182993
vt 0.5 0.182993
vt 0.441971 0.182783
vt 0.441971 0.182783
vt 0.384803 0.197956
vt 0.384803 0.197956
vt 0.394601 0.196989
vt 0.394601 0.196989
vt 0.404388 0.195371
vt 0.404388 0.195371
vt 0.414158 0.193098
vt 0.414158 0.193098
vt 0.423906 0.190158
vt 0.423906 0.190158
vt 0.433623 0.186541
vt 0.433623 0.186541
vt 0.376869 0.176826
vt 0.376869 0.176826
vt 0.378595 0.177499
vt 0.378595 0.177499
vt 0.380047 0.178558
vt 0.380047 0.178558
vt 0.381123 0.179921
vt 0.381123 0.179921
vt 0.381756 0.181483
vt 0.381756 0.181483
vt 0.381915 0.18313
vt 0.381915 0.18313
vt 0.381606 0.184748
vt 0.381606 0.184748
vt 0.380863 0.18623
vt 0.380863 0.18623
vt 0.379746 0.187483
vt 0.379746 0.187483
vt 0.378334 0.188434
vt 0.378334 0.188434
vt 0.376719 0.189026
vt 0.376719 0.189026
vt 0.458333 0.180967
vt 0.458333 0.180967
vt 0.479167 0.180967
vt 0.479167 0.180967
vt 0.5 0.180967
vt 0.5 0.180967
vt 0.441971 0.180758
vt 0.441971 0.180758
vt 0.384803 0.195853
vt 0.384803 0.195853
vt 0.394601 0.19489
vt 0.394601 0.19489
vt 0.404388 0.19328
vt 0.404388 0.19328
vt 0.414158 0.191018
vt 0.414158 0.191018
vt 0.423906 0.188093
vt 0.423906 0.188093
vt 0.433623 0.184495
vt 0.433623 0.184495
vt 0.376869 0.174838
vt 0.376869 0.174838
vt 0.378595 0.175506
vt 0.378595 0.175506
vt 0.380047 0.176559
vt 0.380047 0.176559
vt 0.381123 0.177914
vt 0.381123 0.177914
vt 0.381756 0.179466
vt 0.381756 0.179466
vt 0.381915 0.181103
vt 0.381915 0.181103
vt 0.381606 0.182712
vt 0.381606 0.182712
vt 0.380863 0.184186
vt 0.380863 0.184186
vt 0.379746 0.185432
vt 0.379746 0.185432
vt 0.378334 0.186378
vt 0.378334 0.186378
vt 0.376719 0.186967
vt 0.376719 0.186967
vt 0.708333 0.182993
vt 0.708333 0.182993
vt 0.729167 0.182993
vt 0.729167 0.182993
vt 0.691971 0.182783
vt 0.691971 0.182783
vt 0.625 0.198278
vt 0.625 0.198278
vt 0.634803 0.197956
vt 0.634803 0.197956
vt 0.644601 0.196988
vt 0.644601 0.196988
vt 0.654388 0.195371
vt 0.654388 0.195371
vt 0.664158 0.193098
vt 0.664158 0.193098
vt 0.673906 0.190158
vt 0.673906 0.190158
vt 0.683623 0.186541
vt 0.683623 0.186541
vt 0.625 0.176596
vt 0.625 0.176596
vt 0.626869 0.176826
vt 0.626869 0.176826
vt 0.628595 0.177499
vt 0.628595 0.177499
vt 0.630046 0.178558
vt 0.630046 0.178558
vt 0.631123 0.179921
vt 0.631123 0.179921
vt 0.631756 0.181483
vt 0.631756 0.181483
vt 0.631915 0.18313
vt 0.631915 0.18313
vt 0.631606 0.184748
vt 0.631606 0.184748
vt 0.630863 0.18623
vt 0.630863 0.18623
vt 0.629746 0.187483
vt 0.629746 0.187483
vt 0.628334 0.188434
vt 0.628334 0.188434
vt 0.626719 0.189026
vt 0.626719 0.189026
vt 0.625 0.189227
vt 0.625 0.189227
vt 0.708333 0.180967
vt 0.708333 0.180967
vt 0.729167 0.180967
vt 0.729167 0.180967
vt 0.691971 0.180758
vt 0.691971 0.180758
vt 0.625 0.196173
vt 0.625 0.196173
vt 0.634803 0.195853
vt 0.634803 0.195853
vt 0.644601 0.19489
vt 0.644601 0.19489
vt 0.654388 0.19328
vt 0.654388 0.19328
vt 0.664158 0.191017
vt 0.664158 0.191017
vt 0.673906 0.188093
vt 0.673906 0.188093
vt 0.683623 0.184495
vt 0.683623 0.184495
vt 0.625 0.174609
vt 0.625 0.174609
vt 0.626869 0.174838
vt 0.626869 0.174838
vt 0.628595 0.175506
vt 0.628595 0.175506
vt 0.630046 0.176559
vt 0.630046 0.176559
vt 0.631123 0.177914
vt 0.631123 0.177914
vt 0.631756 0.179466
vt 0.631756 0.179466
vt 0.631915 0.181103
vt 0.631915 0.181103
vt 0.631606 0.182712
vt 0.631606 0.182712
vt 0.630863 0.184186
vt 0.630863 0.184186
vt 0.629746 0.185432
vt 0.629746 0.185432
vt 0.628334 0.186378
vt 0.628334 0.186378
vt 0.626719 0.186967
vt 0.626719 0.186967
vt 0.625 0.187167
vt 0.625 0.187167
vt 0.541667 0.182993
vt 0.541667 0.182993
vt 0.520833 0.182993
vt 0.520833 0.182993
vt 0.558029 0.182783
vt 0.558029 0.182783
vt 0.615197 0.197956
vt 0.615197 0.197956
vt 0.605399 0.196988
vt 0.605399 0.196988
vt 0.595612 0.195371
vt 0.595612 0.195371
vt 0.585842 0.193098
vt 0.585842 0.193098
vt 0.576094 0.190158
vt 0.576094 0.190158
vt 0.566377 0.186541
vt 0.566377 0.186541
vt 0.623131 0.176826
vt 0.623131 0.176826
vt 0.621405 0.177499
vt 0.621405 0.177499
vt 0.619953 0.178558
vt 0.619953 0.178558
vt 0.618877 0.179921
vt 0.618877 0.179921
vt 0.618244 0.181483
vt 0.618244 0.181483
vt 0.618085 0.18313
vt 0.618085 0.18313
vt 0.618394 0.184748
vt 0.618394 0.184748
vt 0.619137 0.18623
vt 0.619137 0.18623
vt 0.620254 0.187483
vt 0.620254 0.187483
vt 0.621666 0.188434
vt 0.621666 0.188434
vt 0.623281 0.189026
vt 0.623281 0.189026
vt 0.541667 0.180967
vt 0.541667 0.180967
vt 0.520833 0.180967
vt 0.520833 0.180967
vt 0.558029 0.180758
vt 0.558029 0.180758
vt 0.615197 0.195853
vt 0.615197 0.195853
vt 0.605399 0.19489
vt 0.605399 0.19489
vt 0.595612 0.19328
vt 0.595612 0.19328
vt 0.585842 0.191017
vt 0.585842 0.191017
vt 0.576094 0.188093
vt 0.576094 0.188093
vt 0.566377 0.184495
vt 0.566377 0.184495
vt 0.623131 0.174838
vt 0.623131 0.174838
vt 0.621405 0.175506
vt 0.621405 0.175506
vt 0.619953 0.176559
vt 0.619953 0.176559
vt 0.618877 0.177914
vt 0.618877 0.177914
vt 0.618244 0.179466
vt 0.618244 0.179466
vt 0.618085 0.181103
vt 0.618085 0.181103
vt 0.618394 0.182712
vt 0.618394 0.182712
vt 0.619137 0.184186
vt 0.619137 0.184186
vt 0.620254 0.185432
vt 0.620254 0.185432
vt 0.621666 0.186378
vt 0.621666 0.186378
vt 0.623281 0.186967
vt 0.623281 0.186967
vt 0.865596 0.163459
vt 0.302402 0.251711
vt 0.329235 0.252271
vt 0.277986 0.22578
vt 0.264755 0.177795
vt 0.845834 0.653754
vt 0.843359 0.717184
vt 0.822775 0.751071
vt 0.748394 0.16712
vt 0.3546 0.227622
vt 0.370338 0.180935
vt 0.771817 0.652327
vt 0.7748 0.71572
vt 0.795472 0.75049
vt 0.248394 0.16712
vt 0.829235 0.252271
vt 0.802402 0.251711
vt 0.8546 0.227622
vt 0.870338 0.180935
vt 0.271817 0.652327
vt 0.2748 0.71572
vt 0.295472 0.75049
vt 0.365596 0.163459
vt 0.777986 0.22578
vt 0.764755 0.177795
vt 0.345834 0.653754
vt 0.343359 0.717184
vt 0.322775 0.751071
vt 0.384403 0.163458
vt 0.947598 0.251711
vt 0.920766 0.252272
vt 0.972014 0.22578
vt 0.985245 0.177795
vt 0.404165 0.653754
vt 0.406641 0.717184
vt 0.427225 0.751071
vt 0.501606 0.16712
vt 0.8954 0.227623
vt 0.879662 0.180936
vt 0.478183 0.652327
vt 0.4752 0.715721
vt 0.454528 0.75049
vt 0.001606 0.16712
vt 0.420766 0.252272
vt 0.447598 0.251711
vt 0.3954 0.227623
vt 0.379662 0.180936
vt 0.978183 0.652327
vt 0.9752 0.715721
vt 0.954528 0.75049
vt 0.884403 0.163458
vt 0.472014 0.22578
vt 0.485245 0.177795
vt 0.904165 0.653754
vt 0.906641 0.717184
vt 0.927225 0.751071
vt 0.115596 0.163459
vt 0.552402 0.251711
vt 0.579234 0.252271
vt 0.527986 0.22578
vt 0.514755 0.177796
vt 0.095835 0.653754
vt 0.093359 0.717185
vt 0.072775 0.751071
vt 0.998395 0.16712
vt 0.6046 0.227623
vt 0.620338 0.180935
vt 0.021817 0.652327
vt 0.0248 0.715721
vt 0.045473 0.75049
vt 0.498395 0.16712
vt 0.079234 0.252271
vt 0.052402 0.251711
vt 0.1046 0.227623
vt 0.120338 0.180935
vt 0.521817 0.652327
vt 0.5248 0.715721
vt 0.545473 0.75049
vt 0.615596 0.163459
vt 0.027986 0.22578
vt 0.014755 0.177796
vt 0.595835 0.653754
vt 0.593359 0.717185
vt 0.572775 0.751071
vt 0.634404 0.163459
vt 0.197598 0.25171
vt 0.170766 0.252272
vt 0.222014 0.22578
vt 0.235245 0.177795
vt 0.654165 0.653754
vt 0.656641 0.717184
vt 0.677225 0.751071
vt 0.751605 0.16712
vt 0.1454 0.227623
vt 0.129662 0.180936
vt 0.728183 0.652327
vt 0.7252 0.715721
vt 0.704528 0.750491
vt 0.251605 0.16712
vt 0.670766 0.252272
vt 0.697598 0.25171
vt 0.6454 0.227623
vt 0.629662 0.180936
vt 0.228183 0.652327
vt 0.2252 0.715721
vt 0.204528 0.750491
vt 0.134404 0.163459
vt 0.722014 0.22578
vt 0.735245 0.177795
vt 0.154165 0.653754
vt 0.156641 0.717184
vt 0.177225 0.751071
vt 0.161136 0.905278
vt 0.161136 0.905278
vt 0.235109 0.918659
vt 0.235109 0.918659
vt 0.317387 0.943861
vt 0.317387 0.943861
vt 0.514891 0.918658
vt 0.514891 0.918658
vt 0.735109 0.918659
vt 0.735109 0.918659
vt 0.932613 0.943861
vt 0.932613 0.943861
vt 0.014891 0.918658
vt 0.014891 0.918658
vt 0.088864 0.905277
vt 0.088864 0.905277
vt 0.161136 0.094722
vt 0.235109 0.081341
vt 0.317387 0.056139
vt 0.932613 0.056139
vt 0.014891 0.081342
vt 0.088864 0.094722
vt 0.588864 0.905278
vt 0.588864 0.905278
vt 0.514891 0.918659
vt 0.514891 0.918659
vt 0.432612 0.943861
vt 0.432612 0.943861
vt 0.235109 0.918658
vt 0.235109 0.918658
vt 0.014891 0.918659
vt 0.014891 0.918659
vt 0.817387 0.943861
vt 0.817387 0.943861
vt 0.735109 0.918658
vt 0.735109 0.918658
vt 0.661136 0.905277
vt 0.661136 0.905277
vt 0.588864 0.094722
vt 0.514891 0.081341
vt 0.432612 0.056139
vt 0.817387 0.056139
vt 0.735109 0.081342
vt 0.661136 0.094722
vt 0.838864 0.905278
vt 0.838864 0.905278
vt 0.76489 0.918659
vt 0.76489 0.918659
vt 0.682613 0.943861
vt 0.682613 0.943861
vt 0.48511 0.918658
vt 0.48511 0.918658
vt 0.264891 0.918659
vt 0.264891 0.918659
vt 0.067386 0.943861
vt 0.067386 0.943861
vt 0.985108 0.918658
vt 0.985108 0.918658
vt 0.911135 0.905277
vt 0.911135 0.905277
vt 0.838864 0.094722
vt 0.76489 0.081341
vt 0.682613 0.056139
vt 0.067386 0.056139
vt 0.985108 0.081342
vt 0.911135 0.094723
vt 0.411136 0.905278
vt 0.411136 0.905278
vt 0.485109 0.918659
vt 0.485109 0.918659
vt 0.567388 0.943861
vt 0.567388 0.943861
vt 0.764891 0.918658
vt 0.764891 0.918658
vt 0.985109 0.918659
vt 0.985109 0.918659
vt 0.182614 0.943861
vt 0.182614 0.943861
vt 0.264892 0.918658
vt 0.264892 0.918658
vt 0.338865 0.905277
vt 0.338865 0.905277
vt 0.411136 0.094722
vt 0.485109 0.081341
vt 0.567388 0.056139
vt 0.182614 0.056139
vt 0.264892 0.081342
vt 0.338865 0.094723

g Cone 
usemtl Shader
# Number of Polygons: 3029
f 1190/1747/1747 1178/1720/1720 1177/1718/1718 1189/1745/1745 
f 1172/1708/1708 1194/1755/1755 1193/1753/1753 1171/1706/1706 
f 1192/1751/1751 1179/1722/1722 1181/1726/1726 1191/1749/1749 
f 2/4/4 1179/1722/1722 1192/1751/1751 1/2/2 
f 9/19/19 703/835/835 644/717/717 654/737/737 
f 13/28/28 27/43/43 12/27/27 
f 23/39/39 22/38/38 12/27/27 
f 24/40/40 23/39/39 12/27/27 
f 25/41/41 24/40/40 12/27/27 
f 26/42/42 25/41/41 12/27/27 
f 27/43/43 26/42/42 12/27/27 
f 14/29/29 33/49/49 27/43/43 13/28/28 
f 23/39/39 29/45/45 28/44/44 22/38/38 
f 30/46/46 29/45/45 23/39/39 24/40/40 
f 31/47/47 30/46/46 24/40/40 25/41/41 
f 32/48/48 31/47/47 25/41/41 26/42/42 
f 33/49/49 32/48/48 26/42/42 27/43/43 
f 15/30/30 39/55/55 33/49/49 14/29/29 
f 29/45/45 35/51/51 34/50/50 28/44/44 
f 36/52/52 35/51/51 29/45/45 30/46/46 
f 37/53/53 36/52/52 30/46/46 31/47/47 
f 38/54/54 37/53/53 31/47/47 32/48/48 
f 39/55/55 38/54/54 32/48/48 33/49/49 
f 16/31/31 45/61/61 39/55/55 15/30/30 
f 35/51/51 41/57/57 40/56/56 34/50/50 
f 42/58/58 41/57/57 35/51/51 36/52/52 
f 43/59/59 42/58/58 36/52/52 37/53/53 
f 44/60/60 43/59/59 37/53/53 38/54/54 
f 45/61/61 44/60/60 38/54/54 39/55/55 
f 17/32/32 51/67/67 45/61/61 16/31/31 
f 41/57/57 47/63/63 46/62/62 40/56/56 
f 48/64/64 47/63/63 41/57/57 42/58/58 
f 49/65/65 48/64/64 42/58/58 43/59/59 
f 50/66/66 49/65/65 43/59/59 44/60/60 
f 51/67/67 50/66/66 44/60/60 45/61/61 
f 18/33/33 57/73/73 51/67/67 17/32/32 
f 47/63/63 53/69/69 52/68/68 46/62/62 
f 54/70/70 53/69/69 47/63/63 48/64/64 
f 55/71/71 54/70/70 48/64/64 49/65/65 
f 56/72/72 55/71/71 49/65/65 50/66/66 
f 57/73/73 56/72/72 50/66/66 51/67/67 
f 19/34/34 63/79/79 57/73/73 18/33/33 
f 59/75/75 58/74/74 52/68/68 53/69/69 
f 60/76/76 59/75/75 53/69/69 54/70/70 
f 61/77/77 60/76/76 54/70/70 55/71/71 
f 62/78/78 61/77/77 55/71/71 56/72/72 
f 63/79/79 62/78/78 56/72/72 57/73/73 
f 20/35/35 69/85/85 63/79/79 19/34/34 
f 65/81/81 64/80/80 58/74/74 59/75/75 
f 66/82/82 65/81/81 59/75/75 60/76/76 
f 67/83/83 66/82/82 60/76/76 61/77/77 
f 68/84/84 67/83/83 61/77/77 62/78/78 
f 69/85/85 68/84/84 62/78/78 63/79/79 
f 90/112/112 96/118/118 95/117/117 89/111/111 
f 91/113/113 97/119/119 96/118/118 90/112/112 
f 92/114/114 98/120/120 97/119/119 91/113/113 
f 103/125/125 102/124/124 96/118/118 97/119/119 
f 104/126/126 103/125/125 97/119/119 98/120/120 
f 105/127/127 104/126/126 98/120/120 99/121/121 
f 79/101/101 112/134/134 106/128/128 78/100/100 
f 109/131/131 108/130/130 102/124/124 103/125/125 
f 110/132/132 109/131/131 103/125/125 104/126/126 
f 111/133/133 110/132/132 104/126/126 105/127/127 
f 112/134/134 111/133/133 105/127/127 106/128/128 
f 80/102/102 118/140/140 187/209/209 188/210/210 
f 114/136/136 113/135/135 182/204/204 183/205/205 
f 115/137/137 114/136/136 183/205/205 184/206/206 
f 116/138/138 115/137/137 184/206/206 185/207/207 
f 117/139/139 116/138/138 185/207/207 186/208/208 
f 118/140/140 117/139/139 186/208/208 187/209/209 
f 81/103/103 124/146/146 118/140/140 80/102/102 
f 120/142/142 119/141/141 113/135/135 114/136/136 
f 121/143/143 120/142/142 114/136/136 115/137/137 
f 122/144/144 121/143/143 115/137/137 116/138/138 
f 123/145/145 122/144/144 116/138/138 117/139/139 
f 124/146/146 123/145/145 117/139/139 118/140/140 
f 82/104/104 130/152/152 124/146/146 81/103/103 
f 126/148/148 125/147/147 119/141/141 120/142/142 
f 127/149/149 126/148/148 120/142/142 121/143/143 
f 128/150/150 127/149/149 121/143/143 122/144/144 
f 129/151/151 128/150/150 122/144/144 123/145/145 
f 130/152/152 129/151/151 123/145/145 124/146/146 
f 83/105/105 136/158/158 130/152/152 82/104/104 
f 132/154/154 131/153/153 125/147/147 126/148/148 
f 133/155/155 132/154/154 126/148/148 127/149/149 
f 134/156/156 133/155/155 127/149/149 128/150/150 
f 135/157/157 134/156/156 128/150/150 129/151/151 
f 136/158/158 135/157/157 129/151/151 130/152/152 
f 84/106/106 142/164/164 136/158/158 83/105/105 
f 138/160/160 137/159/159 131/153/153 132/154/154 
f 139/161/161 138/160/160 132/154/154 133/155/155 
f 140/162/162 139/161/161 133/155/155 134/156/156 
f 141/163/163 140/162/162 134/156/156 135/157/157 
f 142/164/164 141/163/163 135/157/157 136/158/158 
f 85/107/107 148/170/170 142/164/164 84/106/106 
f 144/166/166 143/165/165 137/159/159 138/160/160 
f 145/167/167 144/166/166 138/160/160 139/161/161 
f 146/168/168 145/167/167 139/161/161 140/162/162 
f 147/169/169 146/168/168 140/162/162 141/163/163 
f 148/170/170 147/169/169 141/163/163 142/164/164 
f 86/108/108 154/176/176 148/170/170 85/107/107 
f 150/172/172 149/171/171 143/165/165 144/166/166 
f 151/173/173 150/172/172 144/166/166 145/167/167 
f 152/174/174 151/173/173 145/167/167 146/168/168 
f 153/175/175 152/174/174 146/168/168 147/169/169 
f 154/176/176 153/175/175 147/169/169 148/170/170 
f 87/109/109 160/182/182 154/176/176 86/108/108 
f 156/178/178 155/177/177 149/171/171 150/172/172 
f 157/179/179 156/178/178 150/172/172 151/173/173 
f 158/180/180 157/179/179 151/173/173 152/174/174 
f 159/181/181 158/180/180 152/174/174 153/175/175 
f 160/182/182 159/181/181 153/175/175 154/176/176 
f 88/110/110 160/182/182 87/109/109 
f 88/110/110 155/177/177 156/178/178 
f 88/110/110 156/178/178 157/179/179 
f 88/110/110 157/179/179 158/180/180 
f 88/110/110 158/180/180 159/181/181 
f 88/110/110 159/181/181 160/182/182 
f 69/85/85 20/35/35 168/190/190 169/191/191 
f 68/84/84 69/85/85 169/191/191 170/192/192 
f 67/83/83 68/84/84 170/192/192 171/193/193 
f 66/82/82 67/83/83 171/193/193 172/194/194 
f 65/81/81 66/82/82 172/194/194 173/195/195 
f 64/80/80 65/81/81 173/195/195 174/196/196 
f 161/183/183 162/184/184 169/191/191 168/190/190 
f 162/184/184 163/185/185 170/192/192 169/191/191 
f 163/185/185 164/186/186 171/193/193 170/192/192 
f 164/186/186 165/187/187 172/194/194 171/193/193 
f 165/187/187 166/188/188 173/195/195 172/194/194 
f 166/188/188 167/189/189 174/196/196 173/195/195 
f 175/197/197 176/198/198 183/205/205 182/204/204 
f 176/198/198 177/199/199 184/206/206 183/205/205 
f 177/199/199 178/200/200 185/207/207 184/206/206 
f 178/200/200 179/201/201 186/208/208 185/207/207 
f 179/201/201 180/202/202 187/209/209 186/208/208 
f 180/202/202 181/203/203 188/210/210 187/209/209 
f 12/27/27 203/226/226 189/211/211 
f 12/27/27 198/221/221 199/222/222 
f 12/27/27 199/222/222 200/223/223 
f 12/27/27 200/223/223 201/224/224 
f 12/27/27 201/224/224 202/225/225 
f 12/27/27 202/225/225 203/226/226 
f 209/232/232 190/212/212 189/211/211 203/226/226 
f 204/227/227 205/228/228 199/222/222 198/221/221 
f 205/228/228 206/229/229 200/223/223 199/222/222 
f 206/229/229 207/230/230 201/224/224 200/223/223 
f 207/230/230 208/231/231 202/225/225 201/224/224 
f 208/231/231 209/232/232 203/226/226 202/225/225 
f 215/238/238 191/213/213 190/212/212 209/232/232 
f 210/233/233 211/234/234 205/228/228 204/227/227 
f 211/234/234 212/235/235 206/229/229 205/228/228 
f 212/235/235 213/236/236 207/230/230 206/229/229 
f 213/236/236 214/237/237 208/231/231 207/230/230 
f 214/237/237 215/238/238 209/232/232 208/231/231 
f 221/244/244 192/214/214 191/213/213 215/238/238 
f 216/239/239 217/240/240 211/234/234 210/233/233 
f 217/240/240 218/241/241 212/235/235 211/234/234 
f 218/241/241 219/242/242 213/236/236 212/235/235 
f 219/242/242 220/243/243 214/237/237 213/236/236 
f 220/243/243 221/244/244 215/238/238 214/237/237 
f 227/250/250 193/215/215 192/214/214 221/244/244 
f 222/245/245 223/246/246 217/240/240 216/239/239 
f 223/246/246 224/247/247 218/241/241 217/240/240 
f 224/247/247 225/248/248 219/242/242 218/241/241 
f 225/248/248 226/249/249 220/243/243 219/242/242 
f 226/249/249 227/250/250 221/244/244 220/243/243 
f 233/256/256 194/216/216 193/215/215 227/250/250 
f 228/251/251 229/252/252 223/246/246 222/245/245 
f 229/252/252 230/253/253 224/247/247 223/246/246 
f 230/253/253 231/254/254 225/248/248 224/247/247 
f 231/254/254 232/255/255 226/249/249 225/248/248 
f 232/255/255 233/256/256 227/250/250 226/249/249 
f 239/262/262 195/217/217 194/216/216 233/256/256 
f 234/257/257 235/258/258 229/252/252 228/251/251 
f 235/258/258 236/259/259 230/253/253 229/252/252 
f 236/259/259 237/260/260 231/254/254 230/253/253 
f 237/260/260 238/261/261 232/255/255 231/254/254 
f 238/261/261 239/262/262 233/256/256 232/255/255 
f 245/268/268 196/218/218 195/217/217 239/262/262 
f 240/263/263 241/264/264 235/258/258 234/257/257 
f 241/264/264 242/265/265 236/259/259 235/258/258 
f 242/265/265 243/266/266 237/260/260 236/259/259 
f 243/266/266 244/267/267 238/261/261 237/260/260 
f 244/267/267 245/268/268 239/262/262 238/261/261 
f 275/305/305 253/282/282 252/281/281 269/298/298 
f 271/301/301 272/302/302 266/295/295 265/294/294 
f 272/302/302 273/303/303 267/296/296 266/295/295 
f 274/304/304 275/305/305 269/298/298 268/297/297 
f 281/311/311 254/283/283 253/282/282 275/305/305 
f 276/306/306 277/307/307 271/301/301 270/300/300 
f 277/307/307 278/308/308 272/302/302 271/301/301 
f 278/308/308 279/309/309 273/303/303 272/302/302 
f 279/309/309 280/310/310 274/304/304 273/303/303 
f 280/310/310 281/311/311 275/305/305 274/304/304 
f 287/317/317 255/284/284 254/283/283 281/311/311 
f 283/313/313 284/314/314 278/308/308 277/307/307 
f 284/314/314 285/315/315 279/309/309 278/308/308 
f 285/315/315 286/316/316 280/310/310 279/309/309 
f 286/316/316 287/317/317 281/311/311 280/310/310 
f 293/323/323 256/285/285 349/379/379 348/378/378 
f 288/318/318 289/319/319 344/374/374 343/373/373 
f 289/319/319 290/320/320 345/375/375 344/374/374 
f 290/320/320 291/321/321 346/376/376 345/375/375 
f 291/321/321 292/322/322 347/377/377 346/376/376 
f 292/322/322 293/323/323 348/378/378 347/377/377 
f 299/329/329 257/286/286 256/285/285 293/323/323 
f 294/324/324 295/325/325 289/319/319 288/318/318 
f 295/325/325 296/326/326 290/320/320 289/319/319 
f 296/326/326 297/327/327 291/321/321 290/320/320 
f 297/327/327 298/328/328 292/322/322 291/321/321 
f 298/328/328 299/329/329 293/323/323 292/322/322 
f 305/335/335 258/287/287 257/286/286 299/329/329 
f 300/330/330 301/331/331 295/325/325 294/324/324 
f 301/331/331 302/332/332 296/326/326 295/325/325 
f 302/332/332 303/333/333 297/327/327 296/326/326 
f 303/333/333 304/334/334 298/328/328 297/327/327 
f 304/334/334 305/335/335 299/329/329 298/328/328 
f 311/341/341 259/288/288 258/287/287 305/335/335 
f 306/336/336 307/337/337 301/331/331 300/330/330 
f 307/337/337 308/338/338 302/332/332 301/331/331 
f 308/338/338 309/339/339 303/333/333 302/332/332 
f 309/339/339 310/340/340 304/334/334 303/333/333 
f 310/340/340 311/341/341 305/335/335 304/334/334 
f 317/347/347 260/289/289 259/288/288 311/341/341 
f 306/336/336 312/342/342 313/343/343 307/337/337 
f 313/343/343 314/344/344 308/338/338 307/337/337 
f 314/344/344 315/345/345 309/339/339 308/338/338 
f 315/345/345 316/346/346 310/340/340 309/339/339 
f 316/346/346 317/347/347 311/341/341 310/340/340 
f 323/353/353 261/290/290 260/289/289 317/347/347 
f 312/342/342 318/348/348 319/349/349 313/343/343 
f 319/349/349 320/350/350 314/344/344 313/343/343 
f 320/350/350 321/351/351 315/345/345 314/344/344 
f 321/351/351 322/352/352 316/346/346 315/345/345 
f 322/352/352 323/353/353 317/347/347 316/346/346 
f 329/359/359 262/291/291 261/290/290 323/353/353 
f 318/348/348 324/354/354 325/355/355 319/349/349 
f 325/355/355 326/356/356 320/350/350 319/349/349 
f 326/356/356 327/357/357 321/351/351 320/350/350 
f 327/357/357 328/358/358 322/352/352 321/351/351 
f 328/358/358 329/359/359 323/353/353 322/352/352 
f 335/365/365 263/292/292 262/291/291 329/359/359 
f 324/354/354 330/360/360 331/361/361 325/355/355 
f 331/361/361 332/362/362 326/356/356 325/355/355 
f 332/362/362 333/363/363 327/357/357 326/356/356 
f 333/363/363 334/364/364 328/358/358 327/357/357 
f 334/364/364 335/365/365 329/359/359 328/358/358 
f 263/292/292 335/365/365 88/110/110 
f 331/361/361 330/360/360 88/110/110 
f 332/362/362 331/361/361 88/110/110 
f 333/363/363 332/362/362 88/110/110 
f 334/364/364 333/363/363 88/110/110 
f 335/365/365 334/364/364 88/110/110 
f 196/218/218 245/268/268 337/367/367 336/366/366 
f 245/268/268 244/267/267 338/368/368 337/367/367 
f 244/267/267 243/266/266 339/369/369 338/368/368 
f 243/266/266 242/265/265 340/370/370 339/369/369 
f 242/265/265 241/264/264 341/371/371 340/370/370 
f 241/264/264 240/263/263 342/372/372 341/371/371 
f 350/380/380 368/399/399 12/27/27 
f 359/390/390 350/380/380 12/27/27 
f 360/391/391 359/390/390 12/27/27 
f 361/392/392 360/391/391 12/27/27 
f 362/393/393 361/392/392 12/27/27 
f 363/394/394 362/393/393 12/27/27 
f 22/38/38 363/394/394 12/27/27 
f 364/395/395 198/221/221 12/27/27 
f 365/396/396 364/395/395 12/27/27 
f 366/397/397 365/396/396 12/27/27 
f 367/398/398 366/397/397 12/27/27 
f 368/399/399 367/398/398 12/27/27 
f 351/381/381 378/409/409 368/399/399 350/380/380 
f 369/400/400 351/381/381 350/380/380 359/390/390 
f 370/401/401 369/400/400 359/390/390 360/391/391 
f 371/402/402 370/401/401 360/391/391 361/392/392 
f 372/403/403 371/402/402 361/392/392 362/393/393 
f 373/404/404 372/403/403 362/393/393 363/394/394 
f 22/38/38 28/44/44 373/404/404 363/394/394 
f 374/405/405 204/227/227 198/221/221 364/395/395 
f 375/406/406 374/405/405 364/395/395 365/396/396 
f 376/407/407 375/406/406 365/396/396 366/397/397 
f 377/408/408 376/407/407 366/397/397 367/398/398 
f 378/409/409 377/408/408 367/398/398 368/399/399 
f 352/382/382 388/419/419 378/409/409 351/381/381 
f 379/410/410 352/382/382 351/381/381 369/400/400 
f 380/411/411 379/410/410 369/400/400 370/401/401 
f 381/412/412 380/411/411 370/401/401 371/402/402 
f 382/413/413 381/412/412 371/402/402 372/403/403 
f 383/414/414 382/413/413 372/403/403 373/404/404 
f 28/44/44 34/50/50 383/414/414 373/404/404 
f 384/415/415 210/233/233 204/227/227 374/405/405 
f 385/416/416 384/415/415 374/405/405 375/406/406 
f 386/417/417 385/416/416 375/406/406 376/407/407 
f 387/418/418 386/417/417 376/407/407 377/408/408 
f 388/419/419 387/418/418 377/408/408 378/409/409 
f 353/383/383 398/429/429 388/419/419 352/382/382 
f 389/420/420 353/383/383 352/382/382 379/410/410 
f 390/421/421 389/420/420 379/410/410 380/411/411 
f 391/422/422 390/421/421 380/411/411 381/412/412 
f 392/423/423 391/422/422 381/412/412 382/413/413 
f 393/424/424 392/423/423 382/413/413 383/414/414 
f 34/50/50 40/56/56 393/424/424 383/414/414 
f 394/425/425 216/239/239 210/233/233 384/415/415 
f 395/426/426 394/425/425 384/415/415 385/416/416 
f 396/427/427 395/426/426 385/416/416 386/417/417 
f 397/428/428 396/427/427 386/417/417 387/418/418 
f 398/429/429 397/428/428 387/418/418 388/419/419 
f 354/384/384 408/439/439 398/429/429 353/383/383 
f 399/430/430 354/384/384 353/383/383 389/420/420 
f 400/431/431 399/430/430 389/420/420 390/421/421 
f 401/432/432 400/431/431 390/421/421 391/422/422 
f 402/433/433 401/432/432 391/422/422 392/423/423 
f 403/434/434 402/433/433 392/423/423 393/424/424 
f 40/56/56 46/62/62 403/434/434 393/424/424 
f 404/435/435 222/245/245 216/239/239 394/425/425 
f 405/436/436 404/435/435 394/425/425 395/426/426 
f 406/437/437 405/436/436 395/426/426 396/427/427 
f 407/438/438 406/437/437 396/427/427 397/428/428 
f 408/439/439 407/438/438 397/428/428 398/429/429 
f 355/385/385 418/449/449 408/439/439 354/384/384 
f 409/440/440 355/385/385 354/384/384 399/430/430 
f 410/441/441 409/440/440 399/430/430 400/431/431 
f 411/442/442 410/441/441 400/431/431 401/432/432 
f 412/443/443 411/442/442 401/432/432 402/433/433 
f 413/444/444 412/443/443 402/433/433 403/434/434 
f 46/62/62 52/68/68 413/444/444 403/434/434 
f 414/445/445 228/251/251 222/245/245 404/435/435 
f 415/446/446 414/445/445 404/435/435 405/436/436 
f 416/447/447 415/446/446 405/436/436 406/437/437 
f 417/448/448 416/447/447 406/437/437 407/438/438 
f 418/449/449 417/448/448 407/438/438 408/439/439 
f 356/386/386 428/459/459 418/449/449 355/385/385 
f 419/450/450 356/386/386 355/385/385 409/440/440 
f 420/451/451 419/450/450 409/440/440 410/441/441 
f 421/452/452 420/451/451 410/441/441 411/442/442 
f 422/453/453 421/452/452 411/442/442 412/443/443 
f 423/454/454 422/453/453 412/443/443 413/444/444 
f 58/74/74 423/454/454 413/444/444 52/68/68 
f 424/455/455 234/257/257 228/251/251 414/445/445 
f 425/456/456 424/455/455 414/445/445 415/446/446 
f 426/457/457 425/456/456 415/446/446 416/447/447 
f 427/458/458 426/457/457 416/447/447 417/448/448 
f 428/459/459 427/458/458 417/448/448 418/449/449 
f 357/387/387 438/469/469 428/459/459 356/386/386 
f 429/460/460 357/387/387 356/386/386 419/450/450 
f 430/461/461 429/460/460 419/450/450 420/451/451 
f 431/462/462 430/461/461 420/451/451 421/452/452 
f 432/463/463 431/462/462 421/452/452 422/453/453 
f 433/464/464 432/463/463 422/453/453 423/454/454 
f 64/80/80 433/464/464 423/454/454 58/74/74 
f 434/465/465 240/263/263 234/257/257 424/455/455 
f 435/466/466 434/465/465 424/455/455 425/456/456 
f 436/467/467 435/466/466 425/456/456 426/457/457 
f 437/468/468 436/467/467 426/457/457 427/458/458 
f 438/469/469 437/468/468 427/458/458 428/459/459 
f 449/490/490 450/491/491 480/521/521 470/511/511 
f 471/512/512 450/491/491 449/490/490 461/502/502 
f 474/515/515 473/514/514 463/504/504 464/505/505 
f 475/516/516 474/515/515 464/505/505 465/506/506 
f 466/507/507 476/517/517 270/299/299 264/293/293 
f 467/508/508 477/518/518 476/517/517 466/507/507 
f 469/510/510 479/520/520 478/519/519 468/509/509 
f 470/511/511 480/521/521 479/520/520 469/510/510 
f 451/492/492 490/531/531 480/521/521 450/491/491 
f 481/522/522 451/492/492 450/491/491 471/512/512 
f 482/523/523 481/522/522 471/512/512 472/513/513 
f 484/525/525 483/524/524 473/514/514 474/515/515 
f 485/526/526 484/525/525 474/515/515 475/516/516 
f 101/123/123 485/526/526 475/516/516 95/117/117 
f 487/528/528 486/527/527 476/517/517 477/518/518 
f 488/529/529 487/528/528 477/518/518 478/519/519 
f 489/530/530 488/529/529 478/519/519 479/520/520 
f 490/531/531 489/530/530 479/520/520 480/521/521 
f 452/493/493 500/541/541 490/531/531 451/492/492 
f 491/532/532 452/493/493 451/492/492 481/522/522 
f 492/533/533 491/532/532 481/522/522 482/523/523 
f 493/534/534 492/533/533 482/523/523 483/524/524 
f 494/535/535 493/534/534 483/524/524 484/525/525 
f 495/536/536 494/535/535 484/525/525 485/526/526 
f 107/129/129 495/536/536 485/526/526 101/123/123 
f 496/537/537 282/312/312 276/306/306 486/527/527 
f 497/538/538 496/537/537 486/527/527 487/528/528 
f 498/539/539 497/538/538 487/528/528 488/529/529 
f 499/540/540 498/539/539 488/529/529 489/530/530 
f 500/541/541 499/540/540 489/530/530 490/531/531 
f 453/494/494 510/551/551 609/650/650 610/651/651 
f 501/542/542 453/494/494 610/651/651 611/652/652 
f 502/543/543 501/542/542 611/652/652 612/653/653 
f 503/544/544 502/543/543 612/653/653 613/654/654 
f 504/545/545 503/544/544 613/654/654 614/655/655 
f 505/546/546 504/545/545 614/655/655 615/656/656 
f 113/135/135 505/546/546 615/656/656 182/204/204 
f 506/547/547 288/318/318 343/373/373 605/646/646 
f 507/548/548 506/547/547 605/646/646 606/647/647 
f 508/549/549 507/548/548 606/647/647 607/648/648 
f 509/550/550 508/549/549 607/648/648 608/649/649 
f 510/551/551 509/550/550 608/649/649 609/650/650 
f 454/495/495 520/561/561 510/551/551 453/494/494 
f 511/552/552 454/495/495 453/494/494 501/542/542 
f 512/553/553 511/552/552 501/542/542 502/543/543 
f 513/554/554 512/553/553 502/543/543 503/544/544 
f 514/555/555 513/554/554 503/544/544 504/545/545 
f 515/556/556 514/555/555 504/545/545 505/546/546 
f 119/141/141 515/556/556 505/546/546 113/135/135 
f 516/557/557 294/324/324 288/318/318 506/547/547 
f 517/558/558 516/557/557 506/547/547 507/548/548 
f 518/559/559 517/558/558 507/548/548 508/549/549 
f 519/560/560 518/559/559 508/549/549 509/550/550 
f 520/561/561 519/560/560 509/550/550 510/551/551 
f 455/496/496 530/571/571 520/561/561 454/495/495 
f 521/562/562 455/496/496 454/495/495 511/552/552 
f 522/563/563 521/562/562 511/552/552 512/553/553 
f 523/564/564 522/563/563 512/553/553 513/554/554 
f 524/565/565 523/564/564 513/554/554 514/555/555 
f 525/566/566 524/565/565 514/555/555 515/556/556 
f 125/147/147 525/566/566 515/556/556 119/141/141 
f 526/567/567 300/330/330 294/324/324 516/557/557 
f 527/568/568 526/567/567 516/557/557 517/558/558 
f 528/569/569 527/568/568 517/558/558 518/559/559 
f 529/570/570 528/569/569 518/559/559 519/560/560 
f 530/571/571 529/570/570 519/560/560 520/561/561 
f 456/497/497 540/581/581 530/571/571 455/496/496 
f 531/572/572 456/497/497 455/496/496 521/562/562 
f 532/573/573 531/572/572 521/562/562 522/563/563 
f 533/574/574 532/573/573 522/563/563 523/564/564 
f 534/575/575 533/574/574 523/564/564 524/565/565 
f 535/576/576 534/575/575 524/565/565 525/566/566 
f 131/153/153 535/576/576 525/566/566 125/147/147 
f 536/577/577 306/336/336 300/330/330 526/567/567 
f 537/578/578 536/577/577 526/567/567 527/568/568 
f 538/579/579 537/578/578 527/568/568 528/569/569 
f 539/580/580 538/579/579 528/569/569 529/570/570 
f 540/581/581 539/580/580 529/570/570 530/571/571 
f 457/498/498 550/591/591 540/581/581 456/497/497 
f 541/582/582 457/498/498 456/497/497 531/572/572 
f 542/583/583 541/582/582 531/572/572 532/573/573 
f 543/584/584 542/583/583 532/573/573 533/574/574 
f 544/585/585 543/584/584 533/574/574 534/575/575 
f 545/586/586 544/585/585 534/575/575 535/576/576 
f 137/159/159 545/586/586 535/576/576 131/153/153 
f 536/577/577 546/587/587 312/342/342 306/336/336 
f 547/588/588 546/587/587 536/577/577 537/578/578 
f 548/589/589 547/588/588 537/578/578 538/579/579 
f 549/590/590 548/589/589 538/579/579 539/580/580 
f 550/591/591 549/590/590 539/580/580 540/581/581 
f 458/499/499 560/601/601 550/591/591 457/498/498 
f 551/592/592 458/499/499 457/498/498 541/582/582 
f 552/593/593 551/592/592 541/582/582 542/583/583 
f 553/594/594 552/593/593 542/583/583 543/584/584 
f 554/595/595 553/594/594 543/584/584 544/585/585 
f 555/596/596 554/595/595 544/585/585 545/586/586 
f 143/165/165 555/596/596 545/586/586 137/159/159 
f 546/587/587 556/597/597 318/348/348 312/342/342 
f 557/598/598 556/597/597 546/587/587 547/588/588 
f 558/599/599 557/598/598 547/588/588 548/589/589 
f 559/600/600 558/599/599 548/589/589 549/590/590 
f 560/601/601 559/600/600 549/590/590 550/591/591 
f 459/500/500 570/611/611 560/601/601 458/499/499 
f 561/602/602 459/500/500 458/499/499 551/592/592 
f 562/603/603 561/602/602 551/592/592 552/593/593 
f 563/604/604 562/603/603 552/593/593 553/594/594 
f 564/605/605 563/604/604 553/594/594 554/595/595 
f 565/606/606 564/605/605 554/595/595 555/596/596 
f 149/171/171 565/606/606 555/596/596 143/165/165 
f 556/597/597 566/607/607 324/354/354 318/348/348 
f 567/608/608 566/607/607 556/597/597 557/598/598 
f 568/609/609 567/608/608 557/598/598 558/599/599 
f 569/610/610 568/609/609 558/599/599 559/600/600 
f 570/611/611 569/610/610 559/600/600 560/601/601 
f 460/501/501 580/621/621 570/611/611 459/500/500 
f 571/612/612 460/501/501 459/500/500 561/602/602 
f 572/613/613 571/612/612 561/602/602 562/603/603 
f 573/614/614 572/613/613 562/603/603 563/604/604 
f 574/615/615 573/614/614 563/604/604 564/605/605 
f 575/616/616 574/615/615 564/605/605 565/606/606 
f 155/177/177 575/616/616 565/606/606 149/171/171 
f 566/607/607 576/617/617 330/360/360 324/354/354 
f 577/618/618 576/617/617 566/607/607 567/608/608 
f 578/619/619 577/618/618 567/608/608 568/609/609 
f 579/620/620 578/619/619 568/609/609 569/610/610 
f 580/621/621 579/620/620 569/610/610 570/611/611 
f 88/110/110 580/621/621 460/501/501 
f 88/110/110 460/501/501 571/612/612 
f 88/110/110 571/612/612 572/613/613 
f 88/110/110 572/613/613 573/614/614 
f 88/110/110 573/614/614 574/615/615 
f 88/110/110 574/615/615 575/616/616 
f 88/110/110 575/616/616 155/177/177 
f 88/110/110 330/360/360 576/617/617 
f 88/110/110 576/617/617 577/618/618 
f 88/110/110 577/618/618 578/619/619 
f 88/110/110 578/619/619 579/620/620 
f 88/110/110 579/620/620 580/621/621 
f 433/464/464 64/80/80 174/196/196 587/628/628 
f 432/463/463 433/464/464 587/628/628 588/629/629 
f 431/462/462 432/463/463 588/629/629 589/630/630 
f 430/461/461 431/462/462 589/630/630 590/631/631 
f 429/460/460 430/461/461 590/631/631 591/632/632 
f 357/387/387 429/460/460 591/632/632 592/633/633 
f 438/469/469 357/387/387 592/633/633 593/634/634 
f 437/468/468 438/469/469 593/634/634 594/635/635 
f 436/467/467 437/468/468 594/635/635 595/636/636 
f 435/466/466 436/467/467 595/636/636 596/637/637 
f 434/465/465 435/466/466 596/637/637 597/638/638 
f 240/263/263 434/465/465 597/638/638 342/372/372 
f 167/189/189 581/622/622 587/628/628 174/196/196 
f 581/622/622 582/623/623 588/629/629 587/628/628 
f 582/623/623 583/624/624 589/630/630 588/629/629 
f 583/624/624 584/625/625 590/631/631 589/630/630 
f 584/625/625 585/626/626 591/632/632 590/631/631 
f 585/626/626 586/627/627 592/633/633 591/632/632 
f 599/640/640 600/641/641 611/652/652 610/651/651 
f 600/641/641 601/642/642 612/653/653 611/652/652 
f 601/642/642 602/643/643 613/654/654 612/653/653 
f 602/643/643 603/644/644 614/655/655 613/654/654 
f 603/644/644 604/645/645 615/656/656 614/655/655 
f 604/645/645 175/197/197 182/204/204 615/656/656 
f 11/24/24 653/735/735 643/715/715 704/838/838 
f 653/735/735 651/731/731 641/711/711 643/715/715 
f 651/731/731 649/727/727 639/707/707 641/711/711 
f 649/727/727 647/723/723 637/703/703 639/707/707 
f 647/723/723 645/719/719 669/767/767 637/703/703 
f 671/771/771 669/767/767 645/719/719 679/787/787 
f 704/839/839 703/836/836 9/20/20 11/25/25 
f 636/700/700 635/697/697 624/673/673 625/676/676 
f 679/787/787 681/791/791 673/775/775 671/771/771 
f 683/795/795 675/779/779 673/775/775 681/791/791 
f 685/799/799 677/783/783 675/779/779 683/795/795 
f 687/803/803 655/739/739 677/783/783 685/799/799 
f 689/807/807 657/743/743 655/739/739 687/803/803 
f 636/701/701 625/677/677 627/681/681 10/22/22 
f 691/811/811 659/747/747 657/743/743 689/807/807 
f 623/671/671 633/693/693 10/22/22 627/681/681 
f 633/693/693 623/671/671 621/667/667 631/689/689 
f 631/689/689 621/667/667 619/663/663 629/685/685 
f 629/685/685 619/663/663 617/659/659 702/833/833 
f 702/833/833 617/659/659 668/765/765 700/829/829 
f 700/829/829 668/765/765 666/761/761 698/825/825 
f 698/825/825 666/761/761 663/755/755 695/819/819 
f 695/819/819 663/755/755 661/751/751 693/815/815 
f 693/815/815 661/751/751 659/747/747 691/811/811 
f 654/737/737 644/717/717 642/713/713 652/733/733 
f 652/733/733 642/713/713 640/709/709 650/729/729 
f 650/729/729 640/709/709 638/705/705 648/725/725 
f 648/725/725 638/705/705 670/769/769 646/721/721 
f 672/773/773 680/789/789 646/721/721 670/769/769 
f 680/789/789 672/773/773 674/777/777 682/793/793 
f 684/797/797 682/793/793 674/777/777 676/781/781 
f 686/801/801 684/797/797 676/781/781 678/785/785 
f 688/805/805 686/801/801 678/785/785 656/741/741 
f 690/809/809 688/805/805 656/741/741 658/745/745 
f 692/813/813 690/809/809 658/745/745 660/749/749 
f 694/817/817 692/813/813 660/749/749 662/753/753 
f 696/821/821 694/817/817 662/753/753 664/757/757 
f 635/698/698 634/695/695 626/679/679 624/674/674 
f 697/823/823 696/821/821 664/757/757 665/759/759 
f 699/827/827 697/823/823 665/759/759 667/763/763 
f 701/831/831 699/827/827 667/763/763 616/657/657 
f 628/683/683 701/831/831 616/657/657 618/661/661 
f 630/687/687 628/683/683 618/661/661 620/665/665 
f 634/695/695 632/691/691 622/669/669 626/679/679 
f 632/691/691 630/687/687 620/665/665 622/669/669 
f 792/1022/1022 774/983/983 761/957/957 721/876/876 
f 709/849/849 708/847/847 715/862/862 716/864/864 
f 716/864/864 715/862/862 714/860/860 717/866/866 
f 9/21/21 654/738/738 728/891/891 719/872/872 
f 703/837/837 789/1017/1017 718/868/868 644/718/718 
f 642/714/714 722/879/879 723/881/881 640/710/710 
f 652/734/734 650/730/730 726/887/887 727/889/889 
f 644/718/718 718/868/868 722/879/879 642/714/714 
f 654/738/738 652/734/734 727/889/889 728/891/891 
f 640/710/710 723/881/881 724/883/883 638/706/706 
f 650/730/730 648/726/726 725/885/885 726/887/887 
f 790/1018/1018 670/770/770 638/706/706 724/883/883 
f 648/726/726 646/722/722 791/1020/1020 725/885/885 
f 732/899/899 672/774/774 670/770/770 790/1018/1018 
f 733/901/901 791/1020/1020 646/722/722 680/790/790 
f 731/897/897 674/778/778 672/774/774 732/899/899 
f 729/893/893 676/782/782 674/778/778 731/897/897 
f 735/905/905 734/903/903 682/794/794 684/798/798 
f 734/903/903 733/901/901 680/790/790 682/794/794 
f 719/870/870 728/892/892 718/869/869 789/1015/1015 
f 728/892/892 727/890/890 722/880/880 718/869/869 
f 727/890/890 726/888/888 723/882/882 722/880/880 
f 726/888/888 725/886/886 724/884/884 723/882/882 
f 725/886/886 791/1021/1021 790/1019/1019 724/884/884 
f 791/1021/1021 733/902/902 732/900/900 790/1019/1019 
f 733/902/902 734/904/904 731/898/898 732/900/900 
f 712/855/855 705/841/841 706/843/843 711/853/853 
f 711/853/853 706/843/843 707/845/845 710/851/851 
f 735/906/906 729/894/894 731/898/898 734/904/904 
f 710/851/851 707/845/845 708/847/847 709/849/849 
f 717/866/866 714/860/860 730/895/895 736/907/907 
f 747/929/929 678/786/786 676/782/782 729/893/893 
f 749/933/933 735/905/905 684/798/798 686/802/802 
f 678/786/786 747/929/929 745/925/925 656/742/742 
f 751/937/937 749/933/933 686/802/802 688/806/806 
f 743/921/921 658/746/746 656/742/742 745/925/925 
f 753/941/941 751/937/937 688/806/806 690/810/810 
f 741/917/917 660/750/750 658/746/746 743/921/921 
f 755/945/945 753/941/941 690/810/810 692/814/814 
f 739/913/913 662/754/754 660/750/750 741/917/917 
f 738/911/911 664/758/758 662/754/754 739/913/913 
f 759/953/953 757/949/949 694/818/818 696/822/822 
f 757/949/949 755/945/945 692/814/814 694/818/818 
f 749/934/934 747/930/930 729/894/894 735/906/906 
f 736/907/907 730/895/895 748/931/931 750/935/935 
f 751/938/938 745/926/926 747/930/930 749/934/934 
f 753/942/942 743/922/922 745/926/926 751/938/938 
f 755/946/946 741/918/918 743/922/922 753/942/942 
f 757/950/950 739/914/914 741/918/918 755/946/946 
f 758/951/951 8/17/17 740/915/915 737/909/909 
f 742/919/919 740/915/915 8/17/17 756/947/947 
f 756/947/947 754/943/943 744/923/923 742/919/919 
f 754/943/943 752/939/939 746/927/927 744/923/923 
f 759/954/954 738/912/912 739/914/914 757/950/950 
f 752/939/939 750/935/935 748/931/931 746/927/927 
f 787/1009/1009 720/873/873 760/956/956 773/982/982 
f 626/680/680 760/955/955 720/875/875 624/675/675 
f 780/995/995 665/760/760 664/758/758 738/911/911 
f 782/999/999 759/953/953 696/822/822 697/824/824 
f 778/991/991 667/764/764 665/760/760 780/995/995 
f 784/1003/1003 782/999/999 697/824/824 699/828/828 
f 667/764/764 778/991/991 776/987/987 616/658/658 
f 786/1007/1007 784/1003/1003 699/828/828 701/832/832 
f 767/969/969 618/662/662 616/658/658 776/987/987 
f 701/832/832 628/684/684 769/973/973 786/1007/1007 
f 765/965/965 620/666/666 618/662/662 767/969/969 
f 771/977/977 769/973/973 628/684/684 630/688/688 
f 7/15/15 771/977/977 630/688/688 632/692/692 
f 763/961/961 622/670/670 620/666/666 765/965/965 
f 760/955/955 626/680/680 622/670/670 763/961/961 
f 773/981/981 7/15/15 632/692/692 634/696/696 
f 782/1000/1000 780/996/996 738/912/912 759/954/954 
f 781/997/997 758/951/951 737/909/909 779/993/993 
f 783/1001/1001 781/997/997 779/993/993 777/989/989 
f 785/1005/1005 783/1001/1001 777/989/989 775/985/985 
f 768/971/971 785/1005/1005 775/985/985 766/967/967 
f 770/975/975 768/971/971 766/967/967 764/963/963 
f 772/979/979 770/975/975 764/963/963 762/959/959 
f 784/1004/1004 778/992/992 780/996/996 782/1000/1000 
f 786/1008/1008 776/988/988 778/992/992 784/1004/1004 
f 769/974/974 767/970/970 776/988/988 786/1008/1008 
f 771/978/978 765/966/966 767/970/970 769/974/974 
f 7/16/16 763/962/962 765/966/966 771/978/978 
f 774/983/983 772/979/979 762/959/959 761/957/957 
f 763/962/962 7/16/16 773/982/982 760/956/956 
f 787/1010/1010 792/1023/1023 721/877/877 720/874/874 
f 787/1011/1011 773/981/981 634/696/696 635/699/699 
f 789/1016/1016 788/1012/1012 713/857/857 719/871/871 
f 811/1043/1043 812/1044/1044 703/837/837 704/840/840 
f 813/1045/1045 11/26/26 9/21/21 814/1046/1046 
f 789/1017/1017 703/837/837 812/1044/1044 802/1034/1034 
f 719/872/872 805/1037/1037 814/1046/1046 9/21/21 
f 802/1034/1034 804/1036/1036 788/1014/1014 789/1017/1017 
f 805/1037/1037 719/872/872 713/859/859 807/1039/1039 
f 805/1037/1037 806/1038/1038 816/1048/1048 814/1046/1046 
f 810/1042/1042 801/1033/1033 802/1034/1034 812/1044/1044 
f 815/1047/1047 813/1045/1045 814/1046/1046 816/1048/1048 
f 812/1044/1044 811/1043/1043 809/1041/1041 810/1042/1042 
f 806/1038/1038 805/1037/1037 807/1039/1039 808/1040/1040 
f 804/1036/1036 802/1034/1034 801/1033/1033 803/1035/1035 
f 75/96/96 625/678/678 820/1052/1052 
f 799/1031/1031 21/36/36 75/96/96 820/1052/1052 
f 625/678/678 624/675/675 817/1049/1049 820/1052/1052 
f 818/1050/1050 817/1049/1049 624/675/675 720/875/875 
f 819/1051/1051 818/1050/1050 720/875/875 721/878/878 
f 793/1025/1025 800/1032/1032 817/1049/1049 818/1050/1050 
f 820/1052/1052 817/1049/1049 800/1032/1032 799/1031/1031 
f 794/1026/1026 793/1025/1025 818/1050/1050 819/1051/1051 
f 824/1056/1056 636/702/702 112/134/134 
f 797/1029/1029 824/1056/1056 112/134/134 79/101/101 
f 636/702/702 824/1056/1056 821/1053/1053 635/699/699 
f 823/1055/1055 792/1024/1024 787/1011/1011 822/1054/1054 
f 822/1054/1054 787/1011/1011 635/699/699 821/1053/1053 
f 822/1054/1054 795/1027/1027 796/1028/1028 823/1055/1055 
f 795/1027/1027 822/1054/1054 821/1053/1053 798/1030/1030 
f 798/1030/1030 821/1053/1053 824/1056/1056 797/1029/1029 
f 857/1123/1123 838/1085/1085 840/1089/1089 855/1119/1119 
f 907/1227/1227 833/1074/1074 825/1057/1057 863/1135/1135 
f 907/1228/1228 863/1136/1136 890/1194/1194 896/1206/1206 
f 761/958/958 890/1193/1193 863/1137/1137 721/878/878 
f 907/1229/1229 896/1205/1205 774/984/984 792/1024/1024 
f 762/960/960 891/1195/1195 890/1193/1193 761/958/958 
f 896/1205/1205 895/1203/1203 772/980/980 774/984/984 
f 764/964/964 6/13/13 891/1195/1195 762/960/960 
f 766/968/968 892/1197/1197 6/13/13 764/964/964 
f 775/986/986 897/1207/1207 892/1197/1197 766/968/968 
f 777/990/990 898/1209/1209 897/1207/1207 775/986/986 
f 779/994/994 899/1211/1211 898/1209/1209 777/990/990 
f 899/1211/1211 779/994/994 737/910/910 889/1191/1191 
f 900/1213/1213 859/1128/1128 758/952/952 781/998/998 
f 901/1215/1215 900/1213/1213 781/998/998 783/1002/1002 
f 902/1217/1217 901/1215/1215 783/1002/1002 785/1006/1006 
f 785/1006/1006 768/972/972 893/1199/1199 902/1217/1217 
f 894/1201/1201 893/1199/1199 768/972/972 770/976/976 
f 895/1203/1203 894/1201/1201 770/976/976 772/980/980 
f 859/1127/1127 889/1192/1192 838/1085/1085 857/1123/1123 
f 896/1206/1206 890/1194/1194 891/1196/1196 895/1204/1204 
f 895/1204/1204 891/1196/1196 6/14/14 894/1202/1202 
f 894/1202/1202 6/14/14 892/1198/1198 893/1200/1200 
f 893/1200/1200 892/1198/1198 897/1208/1208 902/1218/1218 
f 902/1218/1218 897/1208/1208 898/1210/1210 901/1216/1216 
f 901/1216/1216 898/1210/1210 899/1212/1212 900/1214/1214 
f 900/1214/1214 899/1212/1212 889/1192/1192 859/1127/1127 
f 832/1072/1072 831/1070/1070 827/1062/1062 826/1060/1060 
f 831/1070/1070 830/1068/1068 828/1064/1064 827/1062/1062 
f 830/1068/1068 862/1133/1133 829/1066/1066 828/1064/1064 
f 862/1133/1133 861/1131/1131 834/1077/1077 829/1066/1066 
f 861/1131/1131 860/1129/1129 835/1079/1079 834/1077/1077 
f 860/1129/1129 858/1125/1125 836/1081/1081 835/1079/1079 
f 858/1125/1125 856/1121/1121 837/1083/1083 836/1081/1081 
f 856/1121/1121 854/1117/1117 839/1087/1087 837/1083/1083 
f 846/1102/1102 730/896/896 714/861/861 903/1219/1219 
f 887/1188/1188 870/1150/1150 717/867/867 736/908/908 
f 848/1106/1106 887/1188/1188 736/908/908 750/936/936 
f 844/1098/1098 748/932/932 730/896/896 846/1102/1102 
f 850/1110/1110 848/1106/1106 750/936/936 752/940/940 
f 748/932/932 844/1098/1098 4/9/9 746/928/928 
f 746/928/928 4/9/9 842/1093/1093 744/924/924 
f 853/1116/1116 850/1110/1110 752/940/940 754/944/944 
f 855/1120/1120 853/1116/1116 754/944/944 756/948/948 
f 744/924/924 842/1093/1093 840/1090/1090 742/920/920 
f 756/948/948 8/18/18 857/1124/1124 855/1120/1120 
f 742/920/920 840/1090/1090 838/1086/1086 740/916/916 
f 842/1094/1094 853/1115/1115 855/1119/1119 840/1089/1089 
f 853/1115/1115 842/1094/1094 4/8/8 850/1109/1109 
f 848/1105/1105 844/1097/1097 846/1101/1101 887/1187/1187 
f 740/916/916 838/1086/1086 889/1191/1191 737/910/910 
f 859/1128/1128 857/1124/1124 8/18/18 758/952/952 
f 887/1187/1187 846/1101/1101 903/1220/1220 870/1151/1151 
f 850/1109/1109 4/8/8 844/1097/1097 848/1105/1105 
f 854/1117/1117 852/1113/1113 841/1091/1091 839/1087/1087 
f 852/1113/1113 851/1111/1111 843/1095/1095 841/1091/1091 
f 851/1111/1111 849/1107/1107 845/1099/1099 843/1095/1095 
f 849/1107/1107 888/1189/1189 847/1103/1103 845/1099/1099 
f 888/1189/1189 871/1152/1152 904/1221/1221 847/1103/1103 
f 886/1184/1184 5/10/10 873/1157/1157 872/1154/1154 
f 875/1162/1162 885/1182/1182 886/1185/1185 872/1155/1155 
f 874/1161/1161 873/1158/1158 5/11/11 884/1181/1181 
f 903/1219/1219 714/861/861 715/863/863 864/1138/1138 
f 864/1138/1138 715/863/863 708/848/848 866/1142/1142 
f 709/850/850 716/865/865 868/1146/1146 905/1223/1223 
f 716/865/865 717/867/867 870/1150/1150 868/1146/1146 
f 710/852/852 709/850/850 905/1223/1223 880/1172/1172 
f 866/1142/1142 708/848/848 707/846/846 878/1168/1168 
f 878/1168/1168 707/846/846 706/844/844 876/1164/1164 
f 711/854/854 710/852/852 880/1172/1172 882/1176/1176 
f 876/1164/1164 706/844/844 705/842/842 874/1160/1160 
f 712/856/856 711/854/854 882/1176/1176 884/1180/1180 
f 713/859/859 712/856/856 884/1180/1180 5/12/12 
f 903/1220/1220 864/1139/1139 868/1147/1147 870/1151/1151 
f 904/1221/1221 871/1152/1152 869/1148/1148 865/1140/1140 
f 906/1225/1225 867/1144/1144 865/1140/1140 869/1148/1148 
f 881/1174/1174 879/1170/1170 867/1144/1144 906/1225/1225 
f 883/1178/1178 877/1166/1166 879/1170/1170 881/1174/1174 
f 884/1181/1181 882/1177/1177 876/1165/1165 874/1161/1161 
f 882/1177/1177 880/1173/1173 878/1169/1169 876/1165/1165 
f 880/1173/1173 905/1224/1224 866/1143/1143 878/1169/1169 
f 885/1182/1182 875/1162/1162 877/1166/1166 883/1178/1178 
f 905/1224/1224 868/1147/1147 864/1139/1139 866/1143/1143 
f 910/1232/1232 909/1231/1231 908/1230/1230 911/1233/1233 
f 912/1234/1234 913/1235/1235 915/1237/1237 914/1236/1236 
f 908/1230/1230 819/1051/1051 721/878/878 863/1137/1137 
f 819/1051/1051 908/1230/1230 909/1231/1231 794/1026/1026 
f 863/1137/1137 825/1059/1059 911/1233/1233 908/1230/1230 
f 912/1234/1234 907/1229/1229 792/1024/1024 823/1055/1055 
f 823/1055/1055 796/1028/1028 913/1235/1235 912/1234/1234 
f 907/1229/1229 912/1234/1234 914/1236/1236 833/1076/1076 
f 921/1243/1243 923/1245/1245 922/1244/1244 920/1242/1242 
f 919/1241/1241 918/1240/1240 916/1238/1238 917/1239/1239 
f 918/1240/1240 804/1036/1036 803/1035/1035 916/1238/1238 
f 808/1040/1040 807/1039/1039 920/1242/1242 922/1244/1244 
f 5/12/12 886/1186/1186 925/1247/1247 
f 938/1272/1272 937/1270/1270 933/1262/1262 932/1260/1260 
f 989/1375/1375 1001/1401/1401 3/5/5 996/1390/1390 
f 982/1361/1361 938/1272/1272 932/1260/1260 931/1258/1258 
f 977/1351/1351 984/1365/1365 982/1361/1361 931/1258/1258 
f 930/1256/1256 926/1248/1248 927/1250/1250 929/1254/1254 
f 986/1369/1369 984/1365/1365 977/1351/1351 975/1347/1347 
f 936/1268/1268 934/1264/1264 933/1262/1262 937/1270/1270 
f 928/1252/1252 935/1266/1266 934/1264/1264 936/1268/1268 
f 988/1373/1373 986/1369/1369 975/1347/1347 973/1343/1343 
f 935/1266/1266 928/1252/1252 929/1254/1254 927/1250/1250 
f 924/1246/1246 872/1156/1156 873/1159/1159 
f 705/841/841 712/855/855 713/858/858 788/1013/1013 
f 804/1036/1036 918/1240/1240 873/1159/1159 788/1014/1014 
f 924/1246/1246 873/1159/1159 918/1240/1240 919/1241/1241 
f 788/1014/1014 873/1159/1159 874/1160/1160 705/842/842 
f 833/1075/1075 832/1072/1072 826/1060/1060 825/1058/1058 
f 982/1362/1362 598/639/639 938/1273/1273 
f 926/1248/1248 930/1256/1256 3/6/6 1001/1402/1402 
f 990/1379/1379 989/1376/1376 996/1391/1391 995/1389/1389 
f 843/1096/1096 976/1349/1349 974/1345/1345 841/1092/1092 
f 985/1367/1367 983/1363/1363 851/1112/1112 852/1114/1114 
f 983/1363/1363 981/1359/1359 849/1108/1108 851/1112/1112 
f 845/1100/1100 978/1353/1353 976/1349/1349 843/1096/1096 
f 888/1190/1190 849/1108/1108 981/1359/1359 980/1357/1357 
f 847/1104/1104 979/1355/1355 978/1353/1353 845/1100/1100 
f 980/1357/1357 1000/1399/1399 871/1153/1153 888/1190/1190 
f 904/1222/1222 997/1393/1393 979/1355/1355 847/1104/1104 
f 1000/1399/1399 999/1397/1397 869/1149/1149 871/1153/1153 
f 997/1393/1393 904/1222/1222 865/1141/1141 998/1395/1395 
f 906/1226/1226 869/1149/1149 999/1397/1397 1006/1415/1415 
f 1006/1415/1415 993/1384/1384 881/1175/1175 906/1226/1226 
f 883/1179/1179 881/1175/1175 993/1384/1384 994/1386/1386 
f 885/1183/1183 883/1179/1179 994/1386/1386 995/1388/1388 
f 886/1186/1186 885/1183/1183 995/1388/1388 996/1392/1392 
f 990/1378/1378 875/1163/1163 872/1156/1156 989/1377/1377 
f 991/1380/1380 877/1167/1167 875/1163/1163 990/1378/1378 
f 992/1382/1382 879/1171/1171 877/1167/1167 991/1380/1380 
f 879/1171/1171 992/1382/1382 1005/1413/1413 867/1145/1145 
f 867/1145/1145 1005/1413/1413 998/1395/1395 865/1141/1141 
f 995/1389/1389 994/1387/1387 991/1381/1381 990/1379/1379 
f 994/1387/1387 993/1385/1385 992/1383/1383 991/1381/1381 
f 993/1385/1385 1006/1416/1416 1005/1414/1414 992/1383/1383 
f 1006/1416/1416 999/1398/1398 998/1396/1396 1005/1414/1414 
f 999/1398/1398 1000/1400/1400 997/1394/1394 998/1396/1396 
f 980/1358/1358 979/1356/1356 997/1394/1394 1000/1400/1400 
f 981/1360/1360 978/1354/1354 979/1356/1356 980/1358/1358 
f 983/1364/1364 976/1350/1350 978/1354/1354 981/1360/1360 
f 985/1368/1368 974/1346/1346 976/1350/1350 983/1364/1364 
f 1004/1410/1410 951/1299/1299 940/1276/1276 1002/1404/1404 
f 943/1282/1282 1003/1407/1407 939/1275/1275 950/1298/1298 
f 939/1274/1274 826/1061/1061 827/1063/1063 941/1278/1278 
f 832/1073/1073 833/1076/1076 943/1284/1284 950/1297/1297 
f 962/1321/1321 987/1371/1371 854/1118/1118 856/1122/1122 
f 839/1088/1088 972/1341/1341 960/1317/1317 837/1084/1084 
f 964/1325/1325 962/1321/1321 856/1122/1122 858/1126/1126 
f 837/1084/1084 960/1317/1317 958/1313/1313 836/1082/1082 
f 966/1329/1329 964/1325/1325 858/1126/1126 860/1130/1130 
f 836/1082/1082 958/1313/1313 956/1309/1309 835/1080/1080 
f 835/1080/1080 956/1309/1309 954/1305/1305 834/1078/1078 
f 950/1297/1297 948/1293/1293 831/1071/1071 832/1073/1073 
f 828/1065/1065 944/1285/1285 941/1278/1278 827/1063/1063 
f 948/1293/1293 946/1289/1289 830/1069/1069 831/1071/1071 
f 862/1134/1134 830/1069/1069 946/1289/1289 970/1337/1337 
f 829/1067/1067 952/1301/1301 944/1285/1285 828/1065/1065 
f 834/1078/1078 954/1305/1305 952/1301/1301 829/1067/1067 
f 970/1337/1337 968/1333/1333 861/1132/1132 862/1134/1134 
f 968/1333/1333 966/1329/1329 860/1130/1130 861/1132/1132 
f 987/1371/1371 985/1367/1367 852/1114/1114 854/1118/1118 
f 841/1092/1092 974/1345/1345 972/1341/1341 839/1088/1088 
f 826/1061/1061 939/1274/1274 1003/1409/1409 825/1059/1059 
f 987/1372/1372 972/1342/1342 974/1346/1346 985/1368/1368 
f 963/1323/1323 988/1373/1373 973/1343/1343 961/1319/1319 
f 962/1322/1322 960/1318/1318 972/1342/1342 987/1372/1372 
f 964/1326/1326 958/1314/1314 960/1318/1318 962/1322/1322 
f 966/1330/1330 956/1310/1310 958/1314/1314 964/1326/1326 
f 968/1334/1334 954/1306/1306 956/1310/1310 966/1330/1330 
f 970/1338/1338 952/1302/1302 954/1306/1306 968/1334/1334 
f 946/1290/1290 944/1286/1286 952/1302/1302 970/1338/1338 
f 948/1294/1294 941/1279/1279 944/1286/1286 946/1290/1290 
f 951/1299/1299 949/1295/1295 942/1280/1280 940/1276/1276 
f 949/1295/1295 947/1291/1291 945/1287/1287 942/1280/1280 
f 965/1327/1327 963/1323/1323 961/1319/1319 959/1315/1315 
f 967/1331/1331 965/1327/1327 959/1315/1315 957/1311/1311 
f 969/1335/1335 967/1331/1331 957/1311/1311 955/1307/1307 
f 971/1339/1339 969/1335/1335 955/1307/1307 953/1303/1303 
f 943/1283/1283 1004/1411/1411 1002/1405/1405 1003/1408/1408 
f 950/1298/1298 939/1275/1275 941/1279/1279 948/1294/1294 
f 947/1291/1291 971/1339/1339 953/1303/1303 945/1287/1287 
f 1007/1417/1417 1010/1420/1420 1011/1421/1421 1008/1418/1418 
f 1014/1424/1424 1013/1423/1423 1016/1426/1426 1017/1427/1427 
f 1015/1425/1425 1014/1424/1424 1017/1427/1427 1018/1428/1428 
f 1012/1422/1422 1009/1419/1419 1008/1418/1418 1011/1421/1421 
f 1022/1432/1432 1021/1431/1431 1019/1429/1429 1020/1430/1430 
f 1027/1437/1437 1025/1435/1435 1026/1436/1436 1028/1438/1438 
f 1008/1418/1418 919/1241/1241 917/1239/1239 1007/1417/1417 
f 1009/1419/1419 924/1246/1246 919/1241/1241 1008/1418/1418 
f 924/1246/1246 1009/1419/1419 989/1377/1377 872/1156/1156 
f 1001/1403/1403 989/1377/1377 1009/1419/1419 1012/1422/1422 
f 923/1245/1245 921/1243/1243 1014/1424/1424 1015/1425/1425 
f 1013/1423/1423 1014/1424/1424 921/1243/1243 925/1247/1247 
f 925/1247/1247 886/1186/1186 996/1392/1392 1013/1423/1423 
f 1013/1423/1423 996/1392/1392 3/7/7 1016/1426/1426 
f 1023/1433/1433 1003/1409/1409 1002/1406/1406 
f 1020/1430/1430 910/1232/1232 911/1233/1233 1022/1432/1432 
f 1022/1432/1432 911/1233/1233 825/1059/1059 1003/1409/1409 
f 1003/1409/1409 1023/1433/1433 1021/1431/1431 1022/1432/1432 
f 807/1039/1039 713/859/859 5/12/12 920/1242/1242 
f 925/1247/1247 921/1243/1243 920/1242/1242 5/12/12 
f 1024/1434/1434 1004/1412/1412 943/1284/1284 
f 914/1236/1236 915/1237/1237 1028/1438/1438 1026/1436/1436 
f 1026/1436/1436 943/1284/1284 833/1076/1076 914/1236/1236 
f 1025/1435/1435 1024/1434/1434 943/1284/1284 1026/1436/1436 
f 1060/1503/1503 594/635/635 593/634/634 1059/1501/1501 
f 1082/1547/1547 1083/1549/1549 609/650/650 608/649/649 
f 610/651/651 609/650/650 1083/1549/1549 599/640/640 
f 1039/1459/1459 1041/1465/1465 178/200/200 177/199/199 
f 584/625/625 1053/1489/1489 1055/1493/1493 585/626/626 
f 585/626/626 1055/1493/1493 1057/1497/1497 586/627/627 
f 1067/1517/1517 1069/1521/1521 600/641/641 599/640/640 
f 1042/1466/1466 1104/1596/1596 1098/1582/1582 1040/1462/1462 
f 1083/1550/1550 1082/1548/1548 1060/1504/1504 1059/1502/1502 
f 1095/1574/1574 1100/1586/1586 1101/1589/1589 1091/1565/1565 
f 1087/1558/1558 1095/1575/1575 1091/1566/1566 1090/1564/1564 
f 1100/1588/1588 340/370/370 341/371/371 1043/1469/1469 
f 1043/1469/1469 341/371/371 342/372/372 1064/1511/1511 
f 343/373/373 344/374/374 1045/1473/1473 1044/1471/1471 
f 344/374/374 345/375/375 1101/1591/1591 1045/1473/1473 
f 594/635/635 1060/1503/1503 1061/1505/1505 595/636/636 
f 595/636/636 1061/1505/1505 1062/1507/1507 596/637/637 
f 596/637/637 1062/1507/1507 1063/1509/1509 597/638/638 
f 597/638/638 1063/1509/1509 1064/1511/1511 342/372/372 
f 1044/1471/1471 1079/1541/1541 605/646/646 343/373/373 
f 1079/1541/1541 1080/1543/1543 606/647/647 605/646/646 
f 1080/1543/1543 1081/1545/1545 607/648/648 606/647/647 
f 1081/1545/1545 1082/1547/1547 608/649/649 607/648/648 
f 1096/1577/1577 931/1259/1259 932/1261/1261 1084/1551/1551 
f 1084/1551/1551 932/1261/1261 933/1263/1263 1085/1553/1553 
f 937/1271/1271 938/1273/1273 1086/1555/1555 1094/1572/1572 
f 1094/1572/1572 1093/1570/1570 936/1269/1269 937/1271/1271 
f 934/1265/1265 1092/1568/1568 1085/1553/1553 933/1263/1263 
f 1093/1570/1570 1103/1594/1594 928/1253/1253 936/1269/1269 
f 935/1267/1267 1102/1592/1592 1092/1568/1568 934/1265/1265 
f 929/1255/1255 928/1253/1253 1103/1594/1594 1089/1561/1561 
f 1102/1592/1592 935/1267/1267 927/1251/1251 1088/1559/1559 
f 930/1257/1257 929/1255/1255 1089/1561/1561 1090/1563/1563 
f 1088/1559/1559 927/1251/1251 926/1249/1249 1087/1557/1557 
f 1090/1563/1563 1091/1567/1567 3/7/7 930/1257/1257 
f 1001/1403/1403 1095/1576/1576 1087/1557/1557 926/1249/1249 
f 938/1273/1273 598/639/639 1097/1579/1579 1086/1555/1555 
f 1090/1564/1564 1089/1562/1562 1088/1560/1560 1087/1558/1558 
f 1089/1562/1562 1103/1595/1595 1102/1593/1593 1088/1560/1560 
f 1065/1513/1513 1058/1499/1499 1096/1578/1578 1097/1580/1580 
f 1097/1580/1580 1096/1578/1578 1084/1552/1552 1086/1556/1556 
f 1086/1556/1556 1084/1552/1552 1085/1554/1554 1094/1573/1573 
f 1093/1571/1571 1094/1573/1573 1085/1554/1554 1092/1569/1569 
f 1101/1590/1590 1100/1587/1587 1043/1470/1470 1045/1474/1474 
f 1064/1512/1512 1044/1472/1472 1045/1474/1474 1043/1470/1470 
f 1044/1472/1472 1064/1512/1512 1063/1510/1510 1079/1542/1542 
f 1079/1542/1542 1063/1510/1510 1062/1508/1508 1080/1544/1544 
f 1081/1546/1546 1080/1544/1544 1062/1508/1508 1061/1506/1506 
f 1103/1595/1595 1093/1571/1571 1092/1569/1569 1102/1593/1593 
f 1082/1548/1548 1081/1546/1546 1061/1506/1506 1060/1504/1504 
f 1033/1447/1447 1036/1453/1453 1035/1451/1451 1031/1443/1443 
f 1031/1443/1443 1035/1451/1451 1038/1457/1457 1029/1439/1439 
f 1042/1468/1468 1040/1461/1461 951/1300/1300 1004/1412/1412 
f 1068/1520/1520 1066/1516/1516 986/1370/1370 988/1374/1374 
f 975/1348/1348 1056/1496/1496 1054/1492/1492 973/1344/1344 
f 977/1352/1352 1058/1500/1500 1056/1496/1496 975/1348/1348 
f 1066/1516/1516 1065/1514/1514 984/1366/1366 986/1370/1370 
f 1104/1598/1598 1002/1406/1406 940/1277/1277 1098/1581/1581 
f 942/1281/1281 1029/1440/1440 1098/1581/1581 940/1277/1277 
f 1040/1461/1461 1038/1458/1458 949/1296/1296 951/1300/1300 
f 945/1288/1288 1031/1444/1444 1029/1440/1440 942/1281/1281 
f 1038/1458/1458 1035/1452/1452 947/1292/1292 949/1296/1296 
f 953/1304/1304 1033/1448/1448 1031/1444/1444 945/1288/1288 
f 971/1340/1340 947/1292/1292 1035/1452/1452 1036/1454/1454 
f 955/1308/1308 1046/1475/1475 1033/1448/1448 953/1304/1304 
f 1036/1454/1454 1076/1536/1536 969/1336/1336 971/1340/1340 
f 957/1312/1312 1048/1480/1480 1046/1475/1475 955/1308/1308 
f 1076/1536/1536 1074/1532/1532 967/1332/1332 969/1336/1336 
f 959/1316/1316 1050/1484/1484 1048/1480/1480 957/1312/1312 
f 1074/1532/1532 1072/1528/1528 965/1328/1328 967/1332/1332 
f 961/1320/1320 1052/1488/1488 1050/1484/1484 959/1316/1316 
f 1072/1528/1528 1070/1524/1524 963/1324/1324 965/1328/1328 
f 988/1374/1374 963/1324/1324 1070/1524/1524 1068/1520/1520 
f 973/1344/1344 1054/1492/1492 1052/1488/1488 961/1320/1320 
f 1046/1476/1476 1076/1535/1535 1036/1453/1453 1033/1447/1447 
f 1066/1515/1515 1056/1495/1495 1058/1499/1499 1065/1513/1513 
f 1068/1519/1519 1054/1491/1491 1056/1495/1495 1066/1515/1515 
f 1070/1523/1523 1052/1487/1487 1054/1491/1491 1068/1519/1519 
f 1072/1527/1527 1050/1483/1483 1052/1487/1487 1070/1523/1523 
f 1076/1535/1535 1046/1476/1476 1048/1479/1479 1074/1531/1531 
f 1058/1500/1500 977/1352/1352 931/1259/1259 1096/1577/1577 
f 1029/1439/1439 1038/1457/1457 1040/1462/1462 1098/1582/1582 
f 1074/1531/1531 1048/1479/1479 1050/1483/1483 1072/1527/1527 
f 1057/1498/1498 1055/1494/1494 1069/1522/1522 1067/1518/1518 
f 592/633/633 586/627/627 1059/1501/1501 593/634/634 
f 586/627/627 1057/1497/1497 1059/1501/1501 
f 1083/1549/1549 1067/1517/1517 599/640/640 
f 1041/1463/1463 1039/1460/1460 1030/1442/1442 1099/1583/1583 
f 1042/1467/1467 1041/1464/1464 1099/1584/1584 1104/1597/1597 
f 164/186/186 1099/1585/1585 1030/1441/1441 165/187/187 
f 165/187/187 1030/1441/1441 1032/1445/1445 166/188/188 
f 166/188/188 1032/1445/1445 1034/1449/1449 167/189/189 
f 1078/1539/1539 1037/1455/1455 176/198/198 175/197/197 
f 1037/1455/1455 1039/1459/1459 177/199/199 176/198/198 
f 167/189/189 1034/1449/1449 1047/1477/1477 581/622/622 
f 581/622/622 1047/1477/1477 1049/1481/1481 582/623/623 
f 582/623/623 1049/1481/1481 1051/1485/1485 583/624/624 
f 583/624/624 1051/1485/1485 1053/1489/1489 584/625/625 
f 1069/1521/1521 1071/1525/1525 601/642/642 600/641/641 
f 1071/1525/1525 1073/1529/1529 602/643/643 601/642/642 
f 1073/1529/1529 1075/1533/1533 603/644/644 602/643/643 
f 1075/1533/1533 1077/1537/1537 604/645/645 603/644/644 
f 1077/1537/1537 1078/1539/1539 175/197/197 604/645/645 
f 1055/1494/1494 1053/1490/1490 1071/1526/1526 1069/1522/1522 
f 1073/1530/1530 1071/1526/1526 1053/1490/1490 1051/1486/1486 
f 1075/1534/1534 1073/1530/1530 1051/1486/1486 1049/1482/1482 
f 1077/1538/1538 1075/1534/1534 1049/1482/1482 1047/1478/1478 
f 1078/1540/1540 1077/1538/1538 1047/1478/1478 1034/1450/1450 
f 1037/1456/1456 1078/1540/1540 1034/1450/1450 1032/1446/1446 
f 1067/1518/1518 1083/1550/1550 1059/1502/1502 1057/1498/1498 
f 1039/1460/1460 1037/1456/1456 1032/1446/1446 1030/1442/1442 
f 161/183/183 1108/1602/1602 1109/1603/1603 162/184/184 
f 162/184/184 1109/1603/1603 1110/1604/1604 163/185/185 
f 1114/1608/1608 1115/1609/1609 180/202/202 179/201/201 
f 1115/1609/1609 1116/1610/1610 181/203/203 180/202/202 
f 1106/1600/1600 1109/1603/1603 1108/1602/1602 1105/1599/1599 
f 1107/1601/1601 1110/1604/1604 1109/1603/1603 1106/1600/1600 
f 1115/1609/1609 1114/1608/1608 1111/1605/1605 1112/1606/1606 
f 1116/1610/1610 1115/1609/1609 1112/1606/1606 1113/1607/1607 2251/3311/3311 
f 1023/1433/1433 1107/1601/1601 1106/1600/1600 1021/1431/1431 
f 1021/1431/1431 1106/1600/1600 1105/1599/1599 1019/1429/1429 
f 1112/1606/1606 1111/1605/1605 1024/1434/1434 1025/1435/1435 
f 1113/1607/1607 1112/1606/1606 1025/1435/1435 1027/1437/1437 2251/3311/3311 
f 1107/1601/1601 1023/1433/1433 1002/1406/1406 1104/1598/1598 
f 1111/1605/1605 1042/1468/1468 1004/1412/1412 1024/1434/1434 
f 1104/1598/1598 1099/1585/1585 1110/1604/1604 1107/1601/1601 
f 1042/1468/1468 1111/1605/1605 1114/1608/1608 1041/1465/1465 
f 163/185/185 1110/1604/1604 1099/1585/1585 164/186/186 
f 1041/1465/1465 1114/1608/1608 179/201/201 178/200/200 
f 1120/1614/1614 336/366/366 337/367/367 1121/1615/1615 
f 1121/1615/1615 337/367/367 338/368/368 1122/1616/1616 
f 1122/1616/1616 338/368/368 339/369/369 1123/1617/1617 
f 346/376/376 347/377/377 1128/1622/1622 1127/1621/1621 
f 347/377/377 348/378/378 1129/1623/1623 1128/1622/1622 
f 348/378/378 349/379/379 1130/1624/1624 1129/1623/1623 
f 1126/1620/1620 1125/1619/1619 1129/1623/1623 1130/1624/1624 
f 1125/1619/1619 1124/1618/1618 1128/1622/1622 1129/1623/1623 
f 1122/1616/1616 1119/1613/1613 1118/1612/1612 1121/1615/1615 
f 1121/1615/1615 1118/1612/1612 1117/1611/1611 1120/1614/1614 
f 1123/1617/1617 1100/1588/1588 1095/1576/1576 
f 1017/1427/1427 1016/1426/1426 1124/1618/1618 1125/1619/1619 
f 1018/1428/1428 1017/1427/1427 1125/1619/1619 1126/1620/1620 
f 1119/1613/1613 1012/1422/1422 1011/1421/1421 1118/1612/1612 
f 1118/1612/1612 1011/1421/1421 1010/1420/1420 1117/1611/1611 
f 1012/1422/1422 1119/1613/1613 1095/1576/1576 1001/1403/1403 
f 1123/1617/1617 1095/1576/1576 1119/1613/1613 1122/1616/1616 
f 345/375/375 346/376/376 1127/1621/1621 1101/1591/1591 
f 1123/1617/1617 339/369/369 340/370/370 1100/1588/1588 
f 1091/1567/1567 1101/1591/1591 1127/1621/1621 
f 1016/1426/1426 3/7/7 1091/1567/1567 1124/1618/1618 
f 1124/1618/1618 1091/1567/1567 1127/1621/1621 1128/1622/1622 
f 1170/1705/1705 1189/1745/1745 1177/1718/1718 1180/1724/1724 
f 1174/1713/1713 1150/1664/1664 1188/1742/1742 1158/1679/1679 
f 1188/1744/1744 1150/1663/1663 358/388/388 448/488/488 
f 1150/1663/1663 1169/1702/1702 439/470/470 358/388/388 
f 1169/1702/1702 1/1/1 440/472/472 439/470/470 
f 1152/1667/1667 1154/1671/1671 446/484/484 445/482/482 
f 1154/1671/1671 1156/1675/1675 447/486/486 446/484/484 
f 1156/1675/1675 1188/1744/1744 448/488/488 447/486/486 
f 500/541/541 452/493/493 1174/1712/1712 1158/1681/1681 
f 452/493/493 491/532/532 1176/1716/1716 1174/1712/1712 
f 491/532/532 492/533/533 2/3/3 1176/1716/1716 
f 497/538/538 498/539/539 1165/1694/1694 1163/1690/1690 
f 498/539/539 499/540/540 1166/1696/1696 1165/1694/1694 
f 499/540/540 500/541/541 1158/1681/1681 1166/1696/1696 
f 1169/1703/1703 1176/1717/1717 2/4/4 1/2/2 
f 1156/1676/1676 1166/1697/1697 1158/1680/1680 1188/1743/1743 
f 1154/1672/1672 1165/1695/1695 1166/1697/1697 1156/1676/1676 
f 1150/1664/1664 1174/1713/1713 1176/1717/1717 1169/1703/1703 
f 1152/1668/1668 1163/1691/1691 1165/1695/1695 1154/1672/1672 
f 1148/1659/1659 1152/1667/1667 445/482/482 444/480/480 
f 496/537/537 497/538/538 1163/1690/1690 1161/1686/1686 
f 675/780/780 677/784/784 1155/1673/1673 1153/1669/1669 
f 1164/1692/1692 1167/1698/1698 685/800/800 683/796/796 
f 1157/1677/1677 1155/1673/1673 677/784/784 655/740/740 
f 1167/1698/1698 1159/1682/1682 687/804/804 685/800/800 
f 1159/1682/1682 1173/1710/1710 689/808/808 687/804/804 
f 655/740/740 657/744/744 1149/1661/1661 1157/1677/1677 
f 1175/1714/1714 1180/1725/1725 693/816/816 691/812/812 
f 659/748/748 661/752/752 1170/1704/1704 1168/1700/1700 
f 1173/1710/1710 1175/1714/1714 691/812/812 689/808/808 
f 657/744/744 659/748/748 1168/1700/1700 1149/1661/1661 
f 1170/1705/1705 1180/1724/1724 1175/1715/1715 1168/1701/1701 
f 1168/1701/1701 1175/1715/1715 1173/1711/1711 1149/1662/1662 
f 1149/1662/1662 1173/1711/1711 1159/1683/1683 1157/1678/1678 
f 1157/1678/1678 1159/1683/1683 1167/1699/1699 1155/1674/1674 
f 1171/1706/1706 1193/1753/1753 1178/1720/1720 1190/1747/1747 
f 1191/1749/1749 1181/1726/1726 1194/1755/1755 1172/1708/1708 
f 1148/1660/1660 1161/1687/1687 1163/1691/1691 1152/1668/1668 
f 1155/1674/1674 1167/1699/1699 1164/1693/1693 1153/1670/1670 
f 1196/1760/1760 1183/1731/1731 1187/1741/1741 1138/1640/1640 
f 246/269/269 247/271/271 1132/1627/1627 1185/1736/1736 
f 247/271/271 248/273/273 1134/1631/1631 1132/1627/1627 
f 248/273/273 249/275/275 1136/1635/1635 1134/1631/1631 
f 249/275/275 250/277/277 1138/1639/1639 1136/1635/1635 
f 1140/1643/1643 1142/1647/1647 283/313/313 282/312/312 
f 1142/1647/1647 1144/1651/1651 284/314/314 283/313/313 
f 1144/1651/1651 1146/1655/1655 285/315/315 284/314/314 
f 1146/1655/1655 1187/1740/1740 286/316/316 285/315/315 
f 1185/1736/1736 1148/1659/1659 444/480/480 246/269/269 
f 282/312/312 496/537/537 1161/1686/1686 1140/1643/1643 
f 1185/1737/1737 1140/1644/1644 1161/1687/1687 1148/1660/1660 
f 1138/1640/1640 1187/1741/1741 1146/1656/1656 1136/1636/1636 
f 1136/1636/1636 1146/1656/1656 1144/1652/1652 1134/1632/1632 
f 1134/1632/1632 1144/1652/1652 1142/1648/1648 1132/1628/1628 
f 1132/1628/1628 1142/1648/1648 1140/1644/1644 1185/1737/1737 
f 250/277/277 251/279/279 1196/1762/1762 1138/1639/1639 
f 1187/1740/1740 1183/1733/1733 287/317/317 286/316/316 
f 1183/1732/1732 1196/1761/1761 1195/1757/1757 1182/1728/1728 
f 1182/1729/1729 1195/1758/1758 1137/1638/1638 1186/1739/1739 
f 653/736/736 11/26/26 1182/1730/1730 1186/1738/1738 
f 1137/1637/1637 1195/1759/1759 704/840/840 643/716/716 
f 1135/1633/1633 1137/1637/1637 643/716/716 641/712/712 
f 651/732/732 653/736/736 1186/1738/1738 1145/1653/1653 
f 649/728/728 651/732/732 1145/1653/1653 1143/1649/1649 
f 1133/1629/1629 1135/1633/1633 641/712/712 639/708/708 
f 647/724/724 649/728/728 1143/1649/1649 1141/1645/1645 
f 1131/1625/1625 1133/1629/1629 639/708/708 637/704/704 
f 645/720/720 647/724/724 1141/1645/1645 1139/1641/1641 
f 637/704/704 669/768/768 1184/1734/1734 1131/1625/1625 
f 1139/1641/1641 1160/1684/1684 679/788/788 645/720/720 
f 669/768/768 671/772/772 1147/1657/1657 1184/1734/1734 
f 1162/1688/1688 1164/1692/1692 683/796/796 681/792/792 
f 673/776/776 675/780/780 1153/1669/1669 1151/1665/1665 
f 671/772/772 673/776/776 1151/1665/1665 1147/1657/1657 
f 1160/1684/1684 1162/1688/1688 681/792/792 679/788/788 
f 1153/1670/1670 1164/1693/1693 1162/1689/1689 1151/1666/1666 
f 1135/1634/1634 1145/1654/1654 1186/1739/1739 1137/1638/1638 
f 1133/1630/1630 1143/1650/1650 1145/1654/1654 1135/1634/1634 
f 1131/1626/1626 1141/1646/1646 1143/1650/1650 1133/1630/1630 
f 1184/1735/1735 1139/1642/1642 1141/1646/1646 1131/1626/1626 
f 1139/1642/1642 1184/1735/1735 1147/1658/1658 1160/1685/1685 
f 1151/1666/1666 1162/1689/1689 1160/1685/1685 1147/1658/1658 
f 813/1045/1045 815/1047/1047 1204/1770/1770 1202/1768/1768 
f 809/1041/1041 811/1043/1043 1200/1766/1766 1198/1764/1764 
f 1195/1759/1759 1200/1766/1766 811/1043/1043 704/840/840 
f 11/26/26 813/1045/1045 1202/1768/1768 1182/1730/1730 
f 1202/1768/1768 1201/1767/1767 1183/1733/1733 1182/1730/1730 
f 1195/1759/1759 1196/1762/1762 1199/1765/1765 1200/1766/1766 
f 251/279/279 197/219/219 1197/1763/1763 1199/1765/1765 
f 1201/1767/1767 1203/1769/1769 255/284/284 287/317/317 
f 1202/1768/1768 1204/1770/1770 1203/1769/1769 1201/1767/1767 
f 1198/1764/1764 1200/1766/1766 1199/1765/1765 1197/1763/1763 
f 1199/1765/1765 1196/1762/1762 251/279/279 
f 287/317/317 1183/1733/1733 1201/1767/1767 
f 73/92/92 1208/1774/1774 1209/1775/1775 74/94/94 
f 72/90/90 1207/1773/1773 1208/1774/1774 73/92/92 
f 71/88/88 1206/1772/1772 1207/1773/1773 72/90/90 
f 70/86/86 1205/1771/1771 1206/1772/1772 71/88/88 
f 443/478/478 1216/1782/1782 1205/1771/1771 70/86/86 
f 442/476/476 1215/1781/1781 1216/1782/1782 443/478/478 
f 441/474/474 1214/1780/1780 1215/1781/1781 442/476/476 
f 627/682/682 1209/1775/1775 1208/1774/1774 623/672/672 
f 623/672/672 1208/1774/1774 1207/1773/1773 621/668/668 
f 621/668/668 1207/1773/1773 1206/1772/1772 619/664/664 
f 619/664/664 1206/1772/1772 1205/1771/1771 617/660/660 
f 617/660/660 1205/1771/1771 1216/1782/1782 668/766/766 
f 668/766/766 1216/1782/1782 1215/1781/1781 666/762/762 
f 1215/1781/1781 1214/1780/1780 1221/1787/1787 
f 1209/1775/1775 627/682/682 625/678/678 
f 1209/1775/1775 625/678/678 75/96/96 74/94/94 
f 440/472/472 1/1/1 1192/1752/1752 
f 1214/1780/1780 441/474/474 1191/1750/1750 
f 1192/1752/1752 1191/1750/1750 441/474/474 440/472/472 
f 1213/1779/1779 636/702/702 10/23/23 
f 1179/1723/1723 2/3/3 492/533/533 
f 107/129/129 108/130/130 1210/1776/1776 1220/1786/1786 
f 108/130/130 109/131/131 1211/1777/1777 1210/1776/1776 
f 109/131/131 110/132/132 1212/1778/1778 1211/1777/1777 
f 110/132/132 111/133/133 1213/1779/1779 1212/1778/1778 
f 492/533/533 493/534/534 1181/1727/1727 1179/1723/1723 
f 493/534/534 494/535/535 1218/1784/1784 1217/1783/1783 
f 494/535/535 495/536/536 1219/1785/1785 1218/1784/1784 
f 495/536/536 107/129/129 1220/1786/1786 1219/1785/1785 
f 10/23/23 633/694/694 1212/1778/1778 1213/1779/1779 
f 1211/1777/1777 1212/1778/1778 633/694/694 631/690/690 
f 1210/1776/1776 1211/1777/1777 631/690/690 629/686/686 
f 629/686/686 702/834/834 1220/1786/1786 1210/1776/1776 
f 1219/1785/1785 1220/1786/1786 702/834/834 700/830/830 
f 1218/1784/1784 1219/1785/1785 700/830/830 698/826/826 
f 1218/1784/1784 698/826/826 695/820/820 1222/1788/1788 
f 111/133/133 112/134/134 636/702/702 1213/1779/1779 
f 493/534/534 1217/1783/1783 1181/1727/1727 
f 1170/1704/1704 661/752/752 1189/1746/1746 
f 1180/1725/1725 1177/1719/1719 693/816/816 
f 1177/1719/1719 1178/1721/1721 695/820/820 693/816/816 
f 661/752/752 663/756/756 1190/1748/1748 1189/1746/1746 
f 1221/1787/1787 663/756/756 666/762/762 1215/1781/1781 
f 1222/1788/1788 1217/1783/1783 1218/1784/1784 
f 1222/1788/1788 1178/1721/1721 1193/1754/1754 
f 1217/1783/1783 1194/1756/1756 1181/1727/1727 
f 1214/1780/1780 1191/1750/1750 1172/1709/1709 
f 1171/1707/1707 1190/1748/1748 1221/1787/1787 
f 1178/1721/1721 1222/1788/1788 695/820/820 
f 1221/1787/1787 1190/1748/1748 663/756/756 
f 1221/1787/1787 1214/1780/1780 1172/1709/1709 1171/1707/1707 
f 1217/1783/1783 1222/1788/1788 1193/1754/1754 1194/1756/1756 
f 2322/3444/3444 2310/3417/3417 2311/3419/3419 2323/3446/3446 
f 2304/3405/3405 2326/3452/3452 2327/3454/3454 2305/3407/3407 
f 2324/3448/3448 2314/3425/3425 2312/3421/3421 2325/3450/3450 
f 1223/1790/1790 2325/3450/3450 2312/3421/3421 1224/1792/1792 
f 1826/2475/2475 1816/2455/2455 1875/2573/2573 1231/1807/1807 
f 12/27/27 1239/1820/1820 13/28/28 
f 12/27/27 1234/1815/1815 1235/1816/1816 
f 12/27/27 1235/1816/1816 1236/1817/1817 
f 12/27/27 1236/1817/1817 1237/1818/1818 
f 12/27/27 1237/1818/1818 1238/1819/1819 
f 12/27/27 1238/1819/1819 1239/1820/1820 
f 13/28/28 1239/1820/1820 1245/1826/1826 14/29/29 
f 1234/1815/1815 1240/1821/1821 1241/1822/1822 1235/1816/1816 
f 1236/1817/1817 1235/1816/1816 1241/1822/1822 1242/1823/1823 
f 1237/1818/1818 1236/1817/1817 1242/1823/1823 1243/1824/1824 
f 1238/1819/1819 1237/1818/1818 1243/1824/1824 1244/1825/1825 
f 1239/1820/1820 1238/1819/1819 1244/1825/1825 1245/1826/1826 
f 14/29/29 1245/1826/1826 1251/1832/1832 15/30/30 
f 1240/1821/1821 1246/1827/1827 1247/1828/1828 1241/1822/1822 
f 1242/1823/1823 1241/1822/1822 1247/1828/1828 1248/1829/1829 
f 1243/1824/1824 1242/1823/1823 1248/1829/1829 1249/1830/1830 
f 1244/1825/1825 1243/1824/1824 1249/1830/1830 1250/1831/1831 
f 1245/1826/1826 1244/1825/1825 1250/1831/1831 1251/1832/1832 
f 15/30/30 1251/1832/1832 1257/1838/1838 16/31/31 
f 1246/1827/1827 1252/1833/1833 1253/1834/1834 1247/1828/1828 
f 1248/1829/1829 1247/1828/1828 1253/1834/1834 1254/1835/1835 
f 1249/1830/1830 1248/1829/1829 1254/1835/1835 1255/1836/1836 
f 1250/1831/1831 1249/1830/1830 1255/1836/1836 1256/1837/1837 
f 1251/1832/1832 1250/1831/1831 1256/1837/1837 1257/1838/1838 
f 16/31/31 1257/1838/1838 1263/1844/1844 17/32/32 
f 1252/1833/1833 1258/1839/1839 1259/1840/1840 1253/1834/1834 
f 1254/1835/1835 1253/1834/1834 1259/1840/1840 1260/1841/1841 
f 1255/1836/1836 1254/1835/1835 1260/1841/1841 1261/1842/1842 
f 1256/1837/1837 1255/1836/1836 1261/1842/1842 1262/1843/1843 
f 1257/1838/1838 1256/1837/1837 1262/1843/1843 1263/1844/1844 
f 17/32/32 1263/1844/1844 1269/1850/1850 18/33/33 
f 1258/1839/1839 1264/1845/1845 1265/1846/1846 1259/1840/1840 
f 1260/1841/1841 1259/1840/1840 1265/1846/1846 1266/1847/1847 
f 1261/1842/1842 1260/1841/1841 1266/1847/1847 1267/1848/1848 
f 1262/1843/1843 1261/1842/1842 1267/1848/1848 1268/1849/1849 
f 1263/1844/1844 1262/1843/1843 1268/1849/1849 1269/1850/1850 
f 18/33/33 1269/1850/1850 1275/1856/1856 19/34/34 
f 1265/1846/1846 1264/1845/1845 1270/1851/1851 1271/1852/1852 
f 1266/1847/1847 1265/1846/1846 1271/1852/1852 1272/1853/1853 
f 1267/1848/1848 1266/1847/1847 1272/1853/1853 1273/1854/1854 
f 1268/1849/1849 1267/1848/1848 1273/1854/1854 1274/1855/1855 
f 1269/1850/1850 1268/1849/1849 1274/1855/1855 1275/1856/1856 
f 19/34/34 1275/1856/1856 1281/1862/1862 20/35/35 
f 1271/1852/1852 1270/1851/1851 1276/1857/1857 1277/1858/1858 
f 1272/1853/1853 1271/1852/1852 1277/1858/1858 1278/1859/1859 
f 1273/1854/1854 1272/1853/1853 1278/1859/1859 1279/1860/1860 
f 1274/1855/1855 1273/1854/1854 1279/1860/1860 1280/1861/1861 
f 1275/1856/1856 1274/1855/1855 1280/1861/1861 1281/1862/1862 
f 1293/1880/1880 1299/1887/1887 77/99/99 76/98/98 
f 1288/1875/1875 1294/1881/1881 1295/1883/1883 1289/1876/1876 
f 1289/1876/1876 1295/1883/1883 1296/1884/1884 1290/1877/1877 
f 1291/1878/1878 1297/1885/1885 1298/1886/1886 1292/1879/1879 
f 1292/1879/1879 1298/1886/1886 1299/1887/1887 1293/1880/1880 
f 77/99/99 1299/1887/1887 1305/1893/1893 78/100/100 
f 1296/1884/1884 1295/1883/1883 1301/1889/1889 1302/1890/1890 
f 1297/1885/1885 1296/1884/1884 1302/1890/1890 1303/1891/1891 
f 1298/1886/1886 1297/1885/1885 1303/1891/1891 1304/1892/1892 
f 1299/1887/1887 1298/1886/1886 1304/1892/1892 1305/1893/1893 
f 78/100/100 1305/1893/1893 1311/1899/1899 79/101/101 
f 1301/1889/1889 1300/1888/1888 1306/1894/1894 1307/1895/1895 
f 1302/1890/1890 1301/1889/1889 1307/1895/1895 1308/1896/1896 
f 1303/1891/1891 1302/1890/1890 1308/1896/1896 1309/1897/1897 
f 1304/1892/1892 1303/1891/1891 1309/1897/1897 1310/1898/1898 
f 1305/1893/1893 1304/1892/1892 1310/1898/1898 1311/1899/1899 
f 188/210/210 1383/1971/1971 1317/1905/1905 80/102/102 
f 1379/1967/1967 1378/1966/1966 1312/1900/1900 1313/1901/1901 
f 1380/1968/1968 1379/1967/1967 1313/1901/1901 1314/1902/1902 
f 1381/1969/1969 1380/1968/1968 1314/1902/1902 1315/1903/1903 
f 1382/1970/1970 1381/1969/1969 1315/1903/1903 1316/1904/1904 
f 1383/1971/1971 1382/1970/1970 1316/1904/1904 1317/1905/1905 
f 80/102/102 1317/1905/1905 1323/1911/1911 81/103/103 
f 1313/1901/1901 1312/1900/1900 1318/1906/1906 1319/1907/1907 
f 1314/1902/1902 1313/1901/1901 1319/1907/1907 1320/1908/1908 
f 1315/1903/1903 1314/1902/1902 1320/1908/1908 1321/1909/1909 
f 1316/1904/1904 1315/1903/1903 1321/1909/1909 1322/1910/1910 
f 1317/1905/1905 1316/1904/1904 1322/1910/1910 1323/1911/1911 
f 81/103/103 1323/1911/1911 1329/1917/1917 82/104/104 
f 1319/1907/1907 1318/1906/1906 1324/1912/1912 1325/1913/1913 
f 1320/1908/1908 1319/1907/1907 1325/1913/1913 1326/1914/1914 
f 1321/1909/1909 1320/1908/1908 1326/1914/1914 1327/1915/1915 
f 1322/1910/1910 1321/1909/1909 1327/1915/1915 1328/1916/1916 
f 1323/1911/1911 1322/1910/1910 1328/1916/1916 1329/1917/1917 
f 82/104/104 1329/1917/1917 1335/1923/1923 83/105/105 
f 1325/1913/1913 1324/1912/1912 1330/1918/1918 1331/1919/1919 
f 1326/1914/1914 1325/1913/1913 1331/1919/1919 1332/1920/1920 
f 1327/1915/1915 1326/1914/1914 1332/1920/1920 1333/1921/1921 
f 1328/1916/1916 1327/1915/1915 1333/1921/1921 1334/1922/1922 
f 1329/1917/1917 1328/1916/1916 1334/1922/1922 1335/1923/1923 
f 83/105/105 1335/1923/1923 1341/1929/1929 84/106/106 
f 1331/1919/1919 1330/1918/1918 1336/1924/1924 1337/1925/1925 
f 1332/1920/1920 1331/1919/1919 1337/1925/1925 1338/1926/1926 
f 1333/1921/1921 1332/1920/1920 1338/1926/1926 1339/1927/1927 
f 1334/1922/1922 1333/1921/1921 1339/1927/1927 1340/1928/1928 
f 1335/1923/1923 1334/1922/1922 1340/1928/1928 1341/1929/1929 
f 84/106/106 1341/1929/1929 1347/1935/1935 85/107/107 
f 1337/1925/1925 1336/1924/1924 1342/1930/1930 1343/1931/1931 
f 1338/1926/1926 1337/1925/1925 1343/1931/1931 1344/1932/1932 
f 1339/1927/1927 1338/1926/1926 1344/1932/1932 1345/1933/1933 
f 1340/1928/1928 1339/1927/1927 1345/1933/1933 1346/1934/1934 
f 1341/1929/1929 1340/1928/1928 1346/1934/1934 1347/1935/1935 
f 85/107/107 1347/1935/1935 1353/1941/1941 86/108/108 
f 1343/1931/1931 1342/1930/1930 1348/1936/1936 1349/1937/1937 
f 1344/1932/1932 1343/1931/1931 1349/1937/1937 1350/1938/1938 
f 1345/1933/1933 1344/1932/1932 1350/1938/1938 1351/1939/1939 
f 1346/1934/1934 1345/1933/1933 1351/1939/1939 1352/1940/1940 
f 1347/1935/1935 1346/1934/1934 1352/1940/1940 1353/1941/1941 
f 86/108/108 1353/1941/1941 1359/1947/1947 87/109/109 
f 1349/1937/1937 1348/1936/1936 1354/1942/1942 1355/1943/1943 
f 1350/1938/1938 1349/1937/1937 1355/1943/1943 1356/1944/1944 
f 1351/1939/1939 1350/1938/1938 1356/1944/1944 1357/1945/1945 
f 1352/1940/1940 1351/1939/1939 1357/1945/1945 1358/1946/1946 
f 1353/1941/1941 1352/1940/1940 1358/1946/1946 1359/1947/1947 
f 87/109/109 1359/1947/1947 88/110/110 
f 1355/1943/1943 1354/1942/1942 88/110/110 
f 1356/1944/1944 1355/1943/1943 88/110/110 
f 1357/1945/1945 1356/1944/1944 88/110/110 
f 1358/1946/1946 1357/1945/1945 88/110/110 
f 1359/1947/1947 1358/1946/1946 88/110/110 
f 1366/1954/1954 168/190/190 20/35/35 1281/1862/1862 
f 1367/1955/1955 1366/1954/1954 1281/1862/1862 1280/1861/1861 
f 1368/1956/1956 1367/1955/1955 1280/1861/1861 1279/1860/1860 
f 1369/1957/1957 1368/1956/1956 1279/1860/1860 1278/1859/1859 
f 1370/1958/1958 1369/1957/1957 1278/1859/1859 1277/1858/1858 
f 1371/1959/1959 1370/1958/1958 1277/1858/1858 1276/1857/1857 
f 168/190/190 1366/1954/1954 1360/1948/1948 161/183/183 
f 1366/1954/1954 1367/1955/1955 1361/1949/1949 1360/1948/1948 
f 1367/1955/1955 1368/1956/1956 1362/1950/1950 1361/1949/1949 
f 1368/1956/1956 1369/1957/1957 1363/1951/1951 1362/1950/1950 
f 1369/1957/1957 1370/1958/1958 1364/1952/1952 1363/1951/1951 
f 1370/1958/1958 1371/1959/1959 1365/1953/1953 1364/1952/1952 
f 1378/1966/1966 1379/1967/1967 1373/1961/1961 1372/1960/1960 
f 1379/1967/1967 1380/1968/1968 1374/1962/1962 1373/1961/1961 
f 1380/1968/1968 1381/1969/1969 1375/1963/1963 1374/1962/1962 
f 1381/1969/1969 1382/1970/1970 1376/1964/1964 1375/1963/1963 
f 1382/1970/1970 1383/1971/1971 1377/1965/1965 1376/1964/1964 
f 1383/1971/1971 188/210/210 181/203/203 1377/1965/1965 
f 189/211/211 1389/1977/1977 12/27/27 
f 1385/1973/1973 1384/1972/1972 12/27/27 
f 1386/1974/1974 1385/1973/1973 12/27/27 
f 1387/1975/1975 1386/1974/1974 12/27/27 
f 1388/1976/1976 1387/1975/1975 12/27/27 
f 1389/1977/1977 1388/1976/1976 12/27/27 
f 1389/1977/1977 189/211/211 190/212/212 1395/1983/1983 
f 1384/1972/1972 1385/1973/1973 1391/1979/1979 1390/1978/1978 
f 1385/1973/1973 1386/1974/1974 1392/1980/1980 1391/1979/1979 
f 1386/1974/1974 1387/1975/1975 1393/1981/1981 1392/1980/1980 
f 1387/1975/1975 1388/1976/1976 1394/1982/1982 1393/1981/1981 
f 1388/1976/1976 1389/1977/1977 1395/1983/1983 1394/1982/1982 
f 1395/1983/1983 190/212/212 191/213/213 1401/1989/1989 
f 1390/1978/1978 1391/1979/1979 1397/1985/1985 1396/1984/1984 
f 1391/1979/1979 1392/1980/1980 1398/1986/1986 1397/1985/1985 
f 1392/1980/1980 1393/1981/1981 1399/1987/1987 1398/1986/1986 
f 1393/1981/1981 1394/1982/1982 1400/1988/1988 1399/1987/1987 
f 1394/1982/1982 1395/1983/1983 1401/1989/1989 1400/1988/1988 
f 1401/1989/1989 191/213/213 192/214/214 1407/1995/1995 
f 1396/1984/1984 1397/1985/1985 1403/1991/1991 1402/1990/1990 
f 1397/1985/1985 1398/1986/1986 1404/1992/1992 1403/1991/1991 
f 1398/1986/1986 1399/1987/1987 1405/1993/1993 1404/1992/1992 
f 1399/1987/1987 1400/1988/1988 1406/1994/1994 1405/1993/1993 
f 1400/1988/1988 1401/1989/1989 1407/1995/1995 1406/1994/1994 
f 1407/1995/1995 192/214/214 193/215/215 1413/2001/2001 
f 1402/1990/1990 1403/1991/1991 1409/1997/1997 1408/1996/1996 
f 1403/1991/1991 1404/1992/1992 1410/1998/1998 1409/1997/1997 
f 1404/1992/1992 1405/1993/1993 1411/1999/1999 1410/1998/1998 
f 1405/1993/1993 1406/1994/1994 1412/2000/2000 1411/1999/1999 
f 1406/1994/1994 1407/1995/1995 1413/2001/2001 1412/2000/2000 
f 1413/2001/2001 193/215/215 194/216/216 1419/2007/2007 
f 1408/1996/1996 1409/1997/1997 1415/2003/2003 1414/2002/2002 
f 1409/1997/1997 1410/1998/1998 1416/2004/2004 1415/2003/2003 
f 1410/1998/1998 1411/1999/1999 1417/2005/2005 1416/2004/2004 
f 1411/1999/1999 1412/2000/2000 1418/2006/2006 1417/2005/2005 
f 1412/2000/2000 1413/2001/2001 1419/2007/2007 1418/2006/2006 
f 1419/2007/2007 194/216/216 195/217/217 1425/2013/2013 
f 1414/2002/2002 1415/2003/2003 1421/2009/2009 1420/2008/2008 
f 1415/2003/2003 1416/2004/2004 1422/2010/2010 1421/2009/2009 
f 1416/2004/2004 1417/2005/2005 1423/2011/2011 1422/2010/2010 
f 1417/2005/2005 1418/2006/2006 1424/2012/2012 1423/2011/2011 
f 1418/2006/2006 1419/2007/2007 1425/2013/2013 1424/2012/2012 
f 1425/2013/2013 195/217/217 196/218/218 1431/2019/2019 
f 1420/2008/2008 1421/2009/2009 1427/2015/2015 1426/2014/2014 
f 1421/2009/2009 1422/2010/2010 1428/2016/2016 1427/2015/2015 
f 1422/2010/2010 1423/2011/2011 1429/2017/2017 1428/2016/2016 
f 1423/2011/2011 1424/2012/2012 1430/2018/2018 1429/2017/2017 
f 1424/2012/2012 1425/2013/2013 1431/2019/2019 1430/2018/2018 
f 1443/2037/2037 252/281/281 253/282/282 1449/2044/2044 
f 1439/2033/2033 1440/2034/2034 1446/2041/2041 1445/2040/2040 
f 1440/2034/2034 1441/2035/2035 1447/2042/2042 1446/2041/2041 
f 1449/2044/2044 253/282/282 254/283/283 1455/2050/2050 
f 1444/2039/2039 1445/2040/2040 1451/2046/2046 1450/2045/2045 
f 1445/2040/2040 1446/2041/2041 1452/2047/2047 1451/2046/2046 
f 1446/2041/2041 1447/2042/2042 1453/2048/2048 1452/2047/2047 
f 1448/2043/2043 1449/2044/2044 1455/2050/2050 1454/2049/2049 
f 1455/2050/2050 254/283/283 255/284/284 1461/2056/2056 
f 1451/2046/2046 1452/2047/2047 1458/2053/2053 1457/2052/2052 
f 1452/2047/2047 1453/2048/2048 1459/2054/2054 1458/2053/2053 
f 1453/2048/2048 1454/2049/2049 1460/2055/2055 1459/2054/2054 
f 1454/2049/2049 1455/2050/2050 1461/2056/2056 1460/2055/2055 
f 1521/2116/2116 349/379/379 256/285/285 1467/2062/2062 
f 1516/2111/2111 1517/2112/2112 1463/2058/2058 1462/2057/2057 
f 1517/2112/2112 1518/2113/2113 1464/2059/2059 1463/2058/2058 
f 1518/2113/2113 1519/2114/2114 1465/2060/2060 1464/2059/2059 
f 1519/2114/2114 1520/2115/2115 1466/2061/2061 1465/2060/2060 
f 1520/2115/2115 1521/2116/2116 1467/2062/2062 1466/2061/2061 
f 1467/2062/2062 256/285/285 257/286/286 1473/2068/2068 
f 1462/2057/2057 1463/2058/2058 1469/2064/2064 1468/2063/2063 
f 1463/2058/2058 1464/2059/2059 1470/2065/2065 1469/2064/2064 
f 1464/2059/2059 1465/2060/2060 1471/2066/2066 1470/2065/2065 
f 1465/2060/2060 1466/2061/2061 1472/2067/2067 1471/2066/2066 
f 1466/2061/2061 1467/2062/2062 1473/2068/2068 1472/2067/2067 
f 1473/2068/2068 257/286/286 258/287/287 1479/2074/2074 
f 1468/2063/2063 1469/2064/2064 1475/2070/2070 1474/2069/2069 
f 1469/2064/2064 1470/2065/2065 1476/2071/2071 1475/2070/2070 
f 1470/2065/2065 1471/2066/2066 1477/2072/2072 1476/2071/2071 
f 1471/2066/2066 1472/2067/2067 1478/2073/2073 1477/2072/2072 
f 1472/2067/2067 1473/2068/2068 1479/2074/2074 1478/2073/2073 
f 1479/2074/2074 258/287/287 259/288/288 1485/2080/2080 
f 1474/2069/2069 1475/2070/2070 1481/2076/2076 1480/2075/2075 
f 1475/2070/2070 1476/2071/2071 1482/2077/2077 1481/2076/2076 
f 1476/2071/2071 1477/2072/2072 1483/2078/2078 1482/2077/2077 
f 1477/2072/2072 1478/2073/2073 1484/2079/2079 1483/2078/2078 
f 1478/2073/2073 1479/2074/2074 1485/2080/2080 1484/2079/2079 
f 1485/2080/2080 259/288/288 260/289/289 1491/2086/2086 
f 1481/2076/2076 1487/2082/2082 1486/2081/2081 1480/2075/2075 
f 1481/2076/2076 1482/2077/2077 1488/2083/2083 1487/2082/2082 
f 1482/2077/2077 1483/2078/2078 1489/2084/2084 1488/2083/2083 
f 1483/2078/2078 1484/2079/2079 1490/2085/2085 1489/2084/2084 
f 1484/2079/2079 1485/2080/2080 1491/2086/2086 1490/2085/2085 
f 1491/2086/2086 260/289/289 261/290/290 1497/2092/2092 
f 1487/2082/2082 1493/2088/2088 1492/2087/2087 1486/2081/2081 
f 1487/2082/2082 1488/2083/2083 1494/2089/2089 1493/2088/2088 
f 1488/2083/2083 1489/2084/2084 1495/2090/2090 1494/2089/2089 
f 1489/2084/2084 1490/2085/2085 1496/2091/2091 1495/2090/2090 
f 1490/2085/2085 1491/2086/2086 1497/2092/2092 1496/2091/2091 
f 1497/2092/2092 261/290/290 262/291/291 1503/2098/2098 
f 1493/2088/2088 1499/2094/2094 1498/2093/2093 1492/2087/2087 
f 1493/2088/2088 1494/2089/2089 1500/2095/2095 1499/2094/2094 
f 1494/2089/2089 1495/2090/2090 1501/2096/2096 1500/2095/2095 
f 1495/2090/2090 1496/2091/2091 1502/2097/2097 1501/2096/2096 
f 1496/2091/2091 1497/2092/2092 1503/2098/2098 1502/2097/2097 
f 1503/2098/2098 262/291/291 263/292/292 1509/2104/2104 
f 1499/2094/2094 1505/2100/2100 1504/2099/2099 1498/2093/2093 
f 1499/2094/2094 1500/2095/2095 1506/2101/2101 1505/2100/2100 
f 1500/2095/2095 1501/2096/2096 1507/2102/2102 1506/2101/2101 
f 1501/2096/2096 1502/2097/2097 1508/2103/2103 1507/2102/2102 
f 1502/2097/2097 1503/2098/2098 1509/2104/2104 1508/2103/2103 
f 88/110/110 1509/2104/2104 263/292/292 
f 88/110/110 1504/2099/2099 1505/2100/2100 
f 88/110/110 1505/2100/2100 1506/2101/2101 
f 88/110/110 1506/2101/2101 1507/2102/2102 
f 88/110/110 1507/2102/2102 1508/2103/2103 
f 88/110/110 1508/2103/2103 1509/2104/2104 
f 336/366/366 1510/2105/2105 1431/2019/2019 196/218/218 
f 1510/2105/2105 1511/2106/2106 1430/2018/2018 1431/2019/2019 
f 1511/2106/2106 1512/2107/2107 1429/2017/2017 1430/2018/2018 
f 1512/2107/2107 1513/2108/2108 1428/2016/2016 1429/2017/2017 
f 1513/2108/2108 1514/2109/2109 1427/2015/2015 1428/2016/2016 
f 1514/2109/2109 1515/2110/2110 1426/2014/2014 1427/2015/2015 
f 12/27/27 1540/2136/2136 1522/2117/2117 
f 12/27/27 1522/2117/2117 1531/2127/2127 
f 12/27/27 1531/2127/2127 1532/2128/2128 
f 12/27/27 1532/2128/2128 1533/2129/2129 
f 12/27/27 1533/2129/2129 1534/2130/2130 
f 12/27/27 1534/2130/2130 1535/2131/2131 
f 12/27/27 1535/2131/2131 1234/1815/1815 
f 12/27/27 1384/1972/1972 1536/2132/2132 
f 12/27/27 1536/2132/2132 1537/2133/2133 
f 12/27/27 1537/2133/2133 1538/2134/2134 
f 12/27/27 1538/2134/2134 1539/2135/2135 
f 12/27/27 1539/2135/2135 1540/2136/2136 
f 1522/2117/2117 1540/2136/2136 1550/2146/2146 1523/2118/2118 
f 1531/2127/2127 1522/2117/2117 1523/2118/2118 1541/2137/2137 
f 1532/2128/2128 1531/2127/2127 1541/2137/2137 1542/2138/2138 
f 1533/2129/2129 1532/2128/2128 1542/2138/2138 1543/2139/2139 
f 1534/2130/2130 1533/2129/2129 1543/2139/2139 1544/2140/2140 
f 1535/2131/2131 1534/2130/2130 1544/2140/2140 1545/2141/2141 
f 1535/2131/2131 1545/2141/2141 1240/1821/1821 1234/1815/1815 
f 1536/2132/2132 1384/1972/1972 1390/1978/1978 1546/2142/2142 
f 1537/2133/2133 1536/2132/2132 1546/2142/2142 1547/2143/2143 
f 1538/2134/2134 1537/2133/2133 1547/2143/2143 1548/2144/2144 
f 1539/2135/2135 1538/2134/2134 1548/2144/2144 1549/2145/2145 
f 1540/2136/2136 1539/2135/2135 1549/2145/2145 1550/2146/2146 
f 1523/2118/2118 1550/2146/2146 1560/2156/2156 1524/2119/2119 
f 1541/2137/2137 1523/2118/2118 1524/2119/2119 1551/2147/2147 
f 1542/2138/2138 1541/2137/2137 1551/2147/2147 1552/2148/2148 
f 1543/2139/2139 1542/2138/2138 1552/2148/2148 1553/2149/2149 
f 1544/2140/2140 1543/2139/2139 1553/2149/2149 1554/2150/2150 
f 1545/2141/2141 1544/2140/2140 1554/2150/2150 1555/2151/2151 
f 1545/2141/2141 1555/2151/2151 1246/1827/1827 1240/1821/1821 
f 1546/2142/2142 1390/1978/1978 1396/1984/1984 1556/2152/2152 
f 1547/2143/2143 1546/2142/2142 1556/2152/2152 1557/2153/2153 
f 1548/2144/2144 1547/2143/2143 1557/2153/2153 1558/2154/2154 
f 1549/2145/2145 1548/2144/2144 1558/2154/2154 1559/2155/2155 
f 1550/2146/2146 1549/2145/2145 1559/2155/2155 1560/2156/2156 
f 1524/2119/2119 1560/2156/2156 1570/2166/2166 1525/2120/2120 
f 1551/2147/2147 1524/2119/2119 1525/2120/2120 1561/2157/2157 
f 1552/2148/2148 1551/2147/2147 1561/2157/2157 1562/2158/2158 
f 1553/2149/2149 1552/2148/2148 1562/2158/2158 1563/2159/2159 
f 1554/2150/2150 1553/2149/2149 1563/2159/2159 1564/2160/2160 
f 1555/2151/2151 1554/2150/2150 1564/2160/2160 1565/2161/2161 
f 1555/2151/2151 1565/2161/2161 1252/1833/1833 1246/1827/1827 
f 1556/2152/2152 1396/1984/1984 1402/1990/1990 1566/2162/2162 
f 1557/2153/2153 1556/2152/2152 1566/2162/2162 1567/2163/2163 
f 1558/2154/2154 1557/2153/2153 1567/2163/2163 1568/2164/2164 
f 1559/2155/2155 1558/2154/2154 1568/2164/2164 1569/2165/2165 
f 1560/2156/2156 1559/2155/2155 1569/2165/2165 1570/2166/2166 
f 1525/2120/2120 1570/2166/2166 1580/2176/2176 1526/2121/2121 
f 1561/2157/2157 1525/2120/2120 1526/2121/2121 1571/2167/2167 
f 1562/2158/2158 1561/2157/2157 1571/2167/2167 1572/2168/2168 
f 1563/2159/2159 1562/2158/2158 1572/2168/2168 1573/2169/2169 
f 1564/2160/2160 1563/2159/2159 1573/2169/2169 1574/2170/2170 
f 1565/2161/2161 1564/2160/2160 1574/2170/2170 1575/2171/2171 
f 1565/2161/2161 1575/2171/2171 1258/1839/1839 1252/1833/1833 
f 1566/2162/2162 1402/1990/1990 1408/1996/1996 1576/2172/2172 
f 1567/2163/2163 1566/2162/2162 1576/2172/2172 1577/2173/2173 
f 1568/2164/2164 1567/2163/2163 1577/2173/2173 1578/2174/2174 
f 1569/2165/2165 1568/2164/2164 1578/2174/2174 1579/2175/2175 
f 1570/2166/2166 1569/2165/2165 1579/2175/2175 1580/2176/2176 
f 1526/2121/2121 1580/2176/2176 1590/2186/2186 1527/2122/2122 
f 1571/2167/2167 1526/2121/2121 1527/2122/2122 1581/2177/2177 
f 1572/2168/2168 1571/2167/2167 1581/2177/2177 1582/2178/2178 
f 1573/2169/2169 1572/2168/2168 1582/2178/2178 1583/2179/2179 
f 1574/2170/2170 1573/2169/2169 1583/2179/2179 1584/2180/2180 
f 1575/2171/2171 1574/2170/2170 1584/2180/2180 1585/2181/2181 
f 1575/2171/2171 1585/2181/2181 1264/1845/1845 1258/1839/1839 
f 1576/2172/2172 1408/1996/1996 1414/2002/2002 1586/2182/2182 
f 1577/2173/2173 1576/2172/2172 1586/2182/2182 1587/2183/2183 
f 1578/2174/2174 1577/2173/2173 1587/2183/2183 1588/2184/2184 
f 1579/2175/2175 1578/2174/2174 1588/2184/2184 1589/2185/2185 
f 1580/2176/2176 1579/2175/2175 1589/2185/2185 1590/2186/2186 
f 1527/2122/2122 1590/2186/2186 1600/2196/2196 1528/2123/2123 
f 1581/2177/2177 1527/2122/2122 1528/2123/2123 1591/2187/2187 
f 1582/2178/2178 1581/2177/2177 1591/2187/2187 1592/2188/2188 
f 1583/2179/2179 1582/2178/2178 1592/2188/2188 1593/2189/2189 
f 1584/2180/2180 1583/2179/2179 1593/2189/2189 1594/2190/2190 
f 1585/2181/2181 1584/2180/2180 1594/2190/2190 1595/2191/2191 
f 1264/1845/1845 1585/2181/2181 1595/2191/2191 1270/1851/1851 
f 1586/2182/2182 1414/2002/2002 1420/2008/2008 1596/2192/2192 
f 1587/2183/2183 1586/2182/2182 1596/2192/2192 1597/2193/2193 
f 1588/2184/2184 1587/2183/2183 1597/2193/2193 1598/2194/2194 
f 1589/2185/2185 1588/2184/2184 1598/2194/2194 1599/2195/2195 
f 1590/2186/2186 1589/2185/2185 1599/2195/2195 1600/2196/2196 
f 1528/2123/2123 1600/2196/2196 1610/2206/2206 1529/2124/2124 
f 1591/2187/2187 1528/2123/2123 1529/2124/2124 1601/2197/2197 
f 1592/2188/2188 1591/2187/2187 1601/2197/2197 1602/2198/2198 
f 1593/2189/2189 1592/2188/2188 1602/2198/2198 1603/2199/2199 
f 1594/2190/2190 1593/2189/2189 1603/2199/2199 1604/2200/2200 
f 1595/2191/2191 1594/2190/2190 1604/2200/2200 1605/2201/2201 
f 1270/1851/1851 1595/2191/2191 1605/2201/2201 1276/1857/1857 
f 1596/2192/2192 1420/2008/2008 1426/2014/2014 1606/2202/2202 
f 1597/2193/2193 1596/2192/2192 1606/2202/2202 1607/2203/2203 
f 1598/2194/2194 1597/2193/2193 1607/2203/2203 1608/2204/2204 
f 1599/2195/2195 1598/2194/2194 1608/2204/2204 1609/2205/2205 
f 1600/2196/2196 1599/2195/2195 1609/2205/2205 1610/2206/2206 
f 1634/2241/2241 1633/2240/2240 1643/2250/2250 1644/2251/2251 
f 1635/2242/2242 1634/2241/2241 1644/2251/2251 1645/2252/2252 
f 1637/2244/2244 1636/2243/2243 1646/2253/2253 1647/2254/2254 
f 1438/2032/2032 1444/2038/2038 1648/2255/2255 1638/2245/2245 
f 1638/2245/2245 1648/2255/2255 1649/2256/2256 1639/2246/2246 
f 1640/2247/2247 1650/2257/2257 1651/2258/2258 1641/2248/2248 
f 1641/2248/2248 1651/2258/2258 1652/2259/2259 1642/2249/2249 
f 1622/2228/2228 1652/2259/2259 1662/2269/2269 1623/2229/2229 
f 1644/2251/2251 1643/2250/2250 1653/2260/2260 1654/2261/2261 
f 1645/2252/2252 1644/2251/2251 1654/2261/2261 1655/2262/2262 
f 1646/2253/2253 1645/2252/2252 1655/2262/2262 1656/2263/2263 
f 1647/2254/2254 1646/2253/2253 1656/2263/2263 1657/2264/2264 
f 1294/1882/1882 1647/2254/2254 1657/2264/2264 1300/1888/1888 
f 1649/2256/2256 1648/2255/2255 1658/2265/2265 1659/2266/2266 
f 1650/2257/2257 1649/2256/2256 1659/2266/2266 1660/2267/2267 
f 1651/2258/2258 1650/2257/2257 1660/2267/2267 1661/2268/2268 
f 1652/2259/2259 1651/2258/2258 1661/2268/2268 1662/2269/2269 
f 1653/2260/2260 1623/2230/2230 1624/2231/2231 1663/2270/2270 
f 1654/2261/2261 1653/2260/2260 1663/2270/2270 1664/2271/2271 
f 1655/2262/2262 1654/2261/2261 1664/2271/2271 1665/2272/2272 
f 1656/2263/2263 1655/2262/2262 1665/2272/2272 1666/2273/2273 
f 1657/2264/2264 1656/2263/2263 1666/2273/2273 1667/2274/2274 
f 1658/2265/2265 1450/2045/2045 1456/2051/2051 1668/2275/2275 
f 1659/2266/2266 1658/2265/2265 1668/2275/2275 1669/2276/2276 
f 1660/2267/2267 1659/2266/2266 1669/2276/2276 1670/2277/2277 
f 1661/2268/2268 1660/2267/2267 1670/2277/2277 1671/2278/2278 
f 1662/2269/2269 1661/2268/2268 1671/2278/2278 1672/2279/2279 
f 1782/2389/2389 1781/2388/2388 1682/2289/2289 1625/2232/2232 
f 1783/2390/2390 1782/2389/2389 1625/2232/2232 1673/2280/2280 
f 1784/2391/2391 1783/2390/2390 1673/2280/2280 1674/2281/2281 
f 1785/2392/2392 1784/2391/2391 1674/2281/2281 1675/2282/2282 
f 1786/2393/2393 1785/2392/2392 1675/2282/2282 1676/2283/2283 
f 1787/2394/2394 1786/2393/2393 1676/2283/2283 1677/2284/2284 
f 1378/1966/1966 1787/2394/2394 1677/2284/2284 1312/1900/1900 
f 1777/2384/2384 1516/2111/2111 1462/2057/2057 1678/2285/2285 
f 1778/2385/2385 1777/2384/2384 1678/2285/2285 1679/2286/2286 
f 1779/2386/2386 1778/2385/2385 1679/2286/2286 1680/2287/2287 
f 1780/2387/2387 1779/2386/2386 1680/2287/2287 1681/2288/2288 
f 1781/2388/2388 1780/2387/2387 1681/2288/2288 1682/2289/2289 
f 1625/2232/2232 1682/2289/2289 1692/2299/2299 1626/2233/2233 
f 1673/2280/2280 1625/2232/2232 1626/2233/2233 1683/2290/2290 
f 1674/2281/2281 1673/2280/2280 1683/2290/2290 1684/2291/2291 
f 1675/2282/2282 1674/2281/2281 1684/2291/2291 1685/2292/2292 
f 1676/2283/2283 1675/2282/2282 1685/2292/2292 1686/2293/2293 
f 1677/2284/2284 1676/2283/2283 1686/2293/2293 1687/2294/2294 
f 1312/1900/1900 1677/2284/2284 1687/2294/2294 1318/1906/1906 
f 1678/2285/2285 1462/2057/2057 1468/2063/2063 1688/2295/2295 
f 1679/2286/2286 1678/2285/2285 1688/2295/2295 1689/2296/2296 
f 1680/2287/2287 1679/2286/2286 1689/2296/2296 1690/2297/2297 
f 1681/2288/2288 1680/2287/2287 1690/2297/2297 1691/2298/2298 
f 1682/2289/2289 1681/2288/2288 1691/2298/2298 1692/2299/2299 
f 1626/2233/2233 1692/2299/2299 1702/2309/2309 1627/2234/2234 
f 1683/2290/2290 1626/2233/2233 1627/2234/2234 1693/2300/2300 
f 1684/2291/2291 1683/2290/2290 1693/2300/2300 1694/2301/2301 
f 1685/2292/2292 1684/2291/2291 1694/2301/2301 1695/2302/2302 
f 1686/2293/2293 1685/2292/2292 1695/2302/2302 1696/2303/2303 
f 1687/2294/2294 1686/2293/2293 1696/2303/2303 1697/2304/2304 
f 1318/1906/1906 1687/2294/2294 1697/2304/2304 1324/1912/1912 
f 1688/2295/2295 1468/2063/2063 1474/2069/2069 1698/2305/2305 
f 1689/2296/2296 1688/2295/2295 1698/2305/2305 1699/2306/2306 
f 1690/2297/2297 1689/2296/2296 1699/2306/2306 1700/2307/2307 
f 1691/2298/2298 1690/2297/2297 1700/2307/2307 1701/2308/2308 
f 1692/2299/2299 1691/2298/2298 1701/2308/2308 1702/2309/2309 
f 1627/2234/2234 1702/2309/2309 1712/2319/2319 1628/2235/2235 
f 1693/2300/2300 1627/2234/2234 1628/2235/2235 1703/2310/2310 
f 1694/2301/2301 1693/2300/2300 1703/2310/2310 1704/2311/2311 
f 1695/2302/2302 1694/2301/2301 1704/2311/2311 1705/2312/2312 
f 1696/2303/2303 1695/2302/2302 1705/2312/2312 1706/2313/2313 
f 1697/2304/2304 1696/2303/2303 1706/2313/2313 1707/2314/2314 
f 1324/1912/1912 1697/2304/2304 1707/2314/2314 1330/1918/1918 
f 1698/2305/2305 1474/2069/2069 1480/2075/2075 1708/2315/2315 
f 1699/2306/2306 1698/2305/2305 1708/2315/2315 1709/2316/2316 
f 1700/2307/2307 1699/2306/2306 1709/2316/2316 1710/2317/2317 
f 1701/2308/2308 1700/2307/2307 1710/2317/2317 1711/2318/2318 
f 1702/2309/2309 1701/2308/2308 1711/2318/2318 1712/2319/2319 
f 1628/2235/2235 1712/2319/2319 1722/2329/2329 1629/2236/2236 
f 1703/2310/2310 1628/2235/2235 1629/2236/2236 1713/2320/2320 
f 1704/2311/2311 1703/2310/2310 1713/2320/2320 1714/2321/2321 
f 1705/2312/2312 1704/2311/2311 1714/2321/2321 1715/2322/2322 
f 1706/2313/2313 1705/2312/2312 1715/2322/2322 1716/2323/2323 
f 1707/2314/2314 1706/2313/2313 1716/2323/2323 1717/2324/2324 
f 1330/1918/1918 1707/2314/2314 1717/2324/2324 1336/1924/1924 
f 1480/2075/2075 1486/2081/2081 1718/2325/2325 1708/2315/2315 
f 1709/2316/2316 1708/2315/2315 1718/2325/2325 1719/2326/2326 
f 1710/2317/2317 1709/2316/2316 1719/2326/2326 1720/2327/2327 
f 1711/2318/2318 1710/2317/2317 1720/2327/2327 1721/2328/2328 
f 1712/2319/2319 1711/2318/2318 1721/2328/2328 1722/2329/2329 
f 1629/2236/2236 1722/2329/2329 1732/2339/2339 1630/2237/2237 
f 1713/2320/2320 1629/2236/2236 1630/2237/2237 1723/2330/2330 
f 1714/2321/2321 1713/2320/2320 1723/2330/2330 1724/2331/2331 
f 1715/2322/2322 1714/2321/2321 1724/2331/2331 1725/2332/2332 
f 1716/2323/2323 1715/2322/2322 1725/2332/2332 1726/2333/2333 
f 1717/2324/2324 1716/2323/2323 1726/2333/2333 1727/2334/2334 
f 1336/1924/1924 1717/2324/2324 1727/2334/2334 1342/1930/1930 
f 1486/2081/2081 1492/2087/2087 1728/2335/2335 1718/2325/2325 
f 1719/2326/2326 1718/2325/2325 1728/2335/2335 1729/2336/2336 
f 1720/2327/2327 1719/2326/2326 1729/2336/2336 1730/2337/2337 
f 1721/2328/2328 1720/2327/2327 1730/2337/2337 1731/2338/2338 
f 1722/2329/2329 1721/2328/2328 1731/2338/2338 1732/2339/2339 
f 1630/2237/2237 1732/2339/2339 1742/2349/2349 1631/2238/2238 
f 1723/2330/2330 1630/2237/2237 1631/2238/2238 1733/2340/2340 
f 1724/2331/2331 1723/2330/2330 1733/2340/2340 1734/2341/2341 
f 1725/2332/2332 1724/2331/2331 1734/2341/2341 1735/2342/2342 
f 1726/2333/2333 1725/2332/2332 1735/2342/2342 1736/2343/2343 
f 1727/2334/2334 1726/2333/2333 1736/2343/2343 1737/2344/2344 
f 1342/1930/1930 1727/2334/2334 1737/2344/2344 1348/1936/1936 
f 1492/2087/2087 1498/2093/2093 1738/2345/2345 1728/2335/2335 
f 1729/2336/2336 1728/2335/2335 1738/2345/2345 1739/2346/2346 
f 1730/2337/2337 1729/2336/2336 1739/2346/2346 1740/2347/2347 
f 1731/2338/2338 1730/2337/2337 1740/2347/2347 1741/2348/2348 
f 1732/2339/2339 1731/2338/2338 1741/2348/2348 1742/2349/2349 
f 1631/2238/2238 1742/2349/2349 1752/2359/2359 1632/2239/2239 
f 1733/2340/2340 1631/2238/2238 1632/2239/2239 1743/2350/2350 
f 1734/2341/2341 1733/2340/2340 1743/2350/2350 1744/2351/2351 
f 1735/2342/2342 1734/2341/2341 1744/2351/2351 1745/2352/2352 
f 1736/2343/2343 1735/2342/2342 1745/2352/2352 1746/2353/2353 
f 1737/2344/2344 1736/2343/2343 1746/2353/2353 1747/2354/2354 
f 1348/1936/1936 1737/2344/2344 1747/2354/2354 1354/1942/1942 
f 1498/2093/2093 1504/2099/2099 1748/2355/2355 1738/2345/2345 
f 1739/2346/2346 1738/2345/2345 1748/2355/2355 1749/2356/2356 
f 1740/2347/2347 1739/2346/2346 1749/2356/2356 1750/2357/2357 
f 1741/2348/2348 1740/2347/2347 1750/2357/2357 1751/2358/2358 
f 1742/2349/2349 1741/2348/2348 1751/2358/2358 1752/2359/2359 
f 1632/2239/2239 1752/2359/2359 88/110/110 
f 1743/2350/2350 1632/2239/2239 88/110/110 
f 1744/2351/2351 1743/2350/2350 88/110/110 
f 1745/2352/2352 1744/2351/2351 88/110/110 
f 1746/2353/2353 1745/2352/2352 88/110/110 
f 1747/2354/2354 1746/2353/2353 88/110/110 
f 1354/1942/1942 1747/2354/2354 88/110/110 
f 1748/2355/2355 1504/2099/2099 88/110/110 
f 1749/2356/2356 1748/2355/2355 88/110/110 
f 1750/2357/2357 1749/2356/2356 88/110/110 
f 1751/2358/2358 1750/2357/2357 88/110/110 
f 1752/2359/2359 1751/2358/2358 88/110/110 
f 1759/2366/2366 1371/1959/1959 1276/1857/1857 1605/2201/2201 
f 1760/2367/2367 1759/2366/2366 1605/2201/2201 1604/2200/2200 
f 1761/2368/2368 1760/2367/2367 1604/2200/2200 1603/2199/2199 
f 1762/2369/2369 1761/2368/2368 1603/2199/2199 1602/2198/2198 
f 1763/2370/2370 1762/2369/2369 1602/2198/2198 1601/2197/2197 
f 1764/2371/2371 1763/2370/2370 1601/2197/2197 1529/2124/2124 
f 1765/2372/2372 1764/2371/2371 1529/2124/2124 1610/2206/2206 
f 1766/2373/2373 1765/2372/2372 1610/2206/2206 1609/2205/2205 
f 1767/2374/2374 1766/2373/2373 1609/2205/2205 1608/2204/2204 
f 1768/2375/2375 1767/2374/2374 1608/2204/2204 1607/2203/2203 
f 1769/2376/2376 1768/2375/2375 1607/2203/2203 1606/2202/2202 
f 1515/2110/2110 1769/2376/2376 1606/2202/2202 1426/2014/2014 
f 1371/1959/1959 1759/2366/2366 1753/2360/2360 1365/1953/1953 
f 1759/2366/2366 1760/2367/2367 1754/2361/2361 1753/2360/2360 
f 1760/2367/2367 1761/2368/2368 1755/2362/2362 1754/2361/2361 
f 1761/2368/2368 1762/2369/2369 1756/2363/2363 1755/2362/2362 
f 1762/2369/2369 1763/2370/2370 1757/2364/2364 1756/2363/2363 
f 1763/2370/2370 1764/2371/2371 1758/2365/2365 1757/2364/2364 
f 1782/2389/2389 1783/2390/2390 1772/2379/2379 1771/2378/2378 
f 1783/2390/2390 1784/2391/2391 1773/2380/2380 1772/2379/2379 
f 1784/2391/2391 1785/2392/2392 1774/2381/2381 1773/2380/2380 
f 1785/2392/2392 1786/2393/2393 1775/2382/2382 1774/2381/2381 
f 1786/2393/2393 1787/2394/2394 1776/2383/2383 1775/2382/2382 
f 1787/2394/2394 1378/1966/1966 1372/1960/1960 1776/2383/2383 
f 1876/2576/2576 1815/2453/2453 1825/2473/2473 1233/1812/1812 
f 1815/2453/2453 1813/2449/2449 1823/2469/2469 1825/2473/2473 
f 1813/2449/2449 1811/2445/2445 1821/2465/2465 1823/2469/2469 
f 1811/2445/2445 1809/2441/2441 1819/2461/2461 1821/2465/2465 
f 1809/2441/2441 1841/2505/2505 1817/2457/2457 1819/2461/2461 
f 1851/2525/2525 1817/2457/2457 1841/2505/2505 1843/2509/2509 
f 1233/1813/1813 1231/1808/1808 1875/2574/2574 1876/2577/2577 
f 1797/2414/2414 1796/2411/2411 1807/2435/2435 1808/2438/2438 
f 1843/2509/2509 1845/2513/2513 1853/2529/2529 1851/2525/2525 
f 1853/2529/2529 1845/2513/2513 1847/2517/2517 1855/2533/2533 
f 1855/2533/2533 1847/2517/2517 1849/2521/2521 1857/2537/2537 
f 1857/2537/2537 1849/2521/2521 1827/2477/2477 1859/2541/2541 
f 1859/2541/2541 1827/2477/2477 1829/2481/2481 1861/2545/2545 
f 1232/1810/1810 1799/2419/2419 1797/2415/2415 1808/2439/2439 
f 1861/2545/2545 1829/2481/2481 1831/2485/2485 1863/2549/2549 
f 1799/2419/2419 1232/1810/1810 1805/2431/2431 1795/2409/2409 
f 1803/2427/2427 1793/2405/2405 1795/2409/2409 1805/2431/2431 
f 1801/2423/2423 1791/2401/2401 1793/2405/2405 1803/2427/2427 
f 1874/2571/2571 1789/2397/2397 1791/2401/2401 1801/2423/2423 
f 1872/2567/2567 1840/2503/2503 1789/2397/2397 1874/2571/2571 
f 1870/2563/2563 1838/2499/2499 1840/2503/2503 1872/2567/2567 
f 1867/2557/2557 1835/2493/2493 1838/2499/2499 1870/2563/2563 
f 1865/2553/2553 1833/2489/2489 1835/2493/2493 1867/2557/2557 
f 1863/2549/2549 1831/2485/2485 1833/2489/2489 1865/2553/2553 
f 1824/2471/2471 1814/2451/2451 1816/2455/2455 1826/2475/2475 
f 1822/2467/2467 1812/2447/2447 1814/2451/2451 1824/2471/2471 
f 1820/2463/2463 1810/2443/2443 1812/2447/2447 1822/2467/2467 
f 1818/2459/2459 1842/2507/2507 1810/2443/2443 1820/2463/2463 
f 1842/2507/2507 1818/2459/2459 1852/2527/2527 1844/2511/2511 
f 1854/2531/2531 1846/2515/2515 1844/2511/2511 1852/2527/2527 
f 1848/2519/2519 1846/2515/2515 1854/2531/2531 1856/2535/2535 
f 1850/2523/2523 1848/2519/2519 1856/2535/2535 1858/2539/2539 
f 1828/2479/2479 1850/2523/2523 1858/2539/2539 1860/2543/2543 
f 1830/2483/2483 1828/2479/2479 1860/2543/2543 1862/2547/2547 
f 1832/2487/2487 1830/2483/2483 1862/2547/2547 1864/2551/2551 
f 1834/2491/2491 1832/2487/2487 1864/2551/2551 1866/2555/2555 
f 1836/2495/2495 1834/2491/2491 1866/2555/2555 1868/2559/2559 
f 1796/2412/2412 1798/2417/2417 1806/2433/2433 1807/2436/2436 
f 1837/2497/2497 1836/2495/2495 1868/2559/2559 1869/2561/2561 
f 1839/2501/2501 1837/2497/2497 1869/2561/2561 1871/2565/2565 
f 1788/2395/2395 1839/2501/2501 1871/2565/2565 1873/2569/2569 
f 1790/2399/2399 1788/2395/2395 1873/2569/2569 1800/2421/2421 
f 1792/2403/2403 1790/2399/2399 1800/2421/2421 1802/2425/2425 
f 1798/2417/2417 1794/2407/2407 1804/2429/2429 1806/2433/2433 
f 1794/2407/2407 1792/2403/2403 1802/2425/2425 1804/2429/2429 
f 1893/2614/2614 1933/2695/2695 1946/2721/2721 1964/2760/2760 
f 1888/2602/2602 1887/2600/2600 1880/2585/2585 1881/2587/2587 
f 1889/2604/2604 1886/2598/2598 1887/2600/2600 1888/2602/2602 
f 1891/2610/2610 1900/2629/2629 1826/2476/2476 1231/1809/1809 
f 1816/2456/2456 1890/2606/2606 1961/2755/2755 1875/2575/2575 
f 1812/2448/2448 1895/2619/2619 1894/2617/2617 1814/2452/2452 
f 1899/2627/2627 1898/2625/2625 1822/2468/2468 1824/2472/2472 
f 1814/2452/2452 1894/2617/2617 1890/2606/2606 1816/2456/2456 
f 1900/2629/2629 1899/2627/2627 1824/2472/2472 1826/2476/2476 
f 1810/2444/2444 1896/2621/2621 1895/2619/2619 1812/2448/2448 
f 1898/2625/2625 1897/2623/2623 1820/2464/2464 1822/2468/2468 
f 1896/2621/2621 1810/2444/2444 1842/2508/2508 1962/2756/2756 
f 1897/2623/2623 1963/2758/2758 1818/2460/2460 1820/2464/2464 
f 1962/2756/2756 1842/2508/2508 1844/2512/2512 1904/2637/2637 
f 1852/2528/2528 1818/2460/2460 1963/2758/2758 1905/2639/2639 
f 1904/2637/2637 1844/2512/2512 1846/2516/2516 1903/2635/2635 
f 1903/2635/2635 1846/2516/2516 1848/2520/2520 1901/2631/2631 
f 1856/2536/2536 1854/2532/2532 1906/2641/2641 1907/2643/2643 
f 1854/2532/2532 1852/2528/2528 1905/2639/2639 1906/2641/2641 
f 1961/2753/2753 1890/2607/2607 1900/2630/2630 1891/2608/2608 
f 1890/2607/2607 1894/2618/2618 1899/2628/2628 1900/2630/2630 
f 1894/2618/2618 1895/2620/2620 1898/2626/2626 1899/2628/2628 
f 1895/2620/2620 1896/2622/2622 1897/2624/2624 1898/2626/2626 
f 1896/2622/2622 1962/2757/2757 1963/2759/2759 1897/2624/2624 
f 1962/2757/2757 1904/2638/2638 1905/2640/2640 1963/2759/2759 
f 1904/2638/2638 1903/2636/2636 1906/2642/2642 1905/2640/2640 
f 1883/2591/2591 1878/2581/2581 1877/2579/2579 1884/2593/2593 
f 1882/2589/2589 1879/2583/2583 1878/2581/2581 1883/2591/2591 
f 1906/2642/2642 1903/2636/2636 1901/2632/2632 1907/2644/2644 
f 1881/2587/2587 1880/2585/2585 1879/2583/2583 1882/2589/2589 
f 1908/2645/2645 1902/2633/2633 1886/2598/2598 1889/2604/2604 
f 1901/2631/2631 1848/2520/2520 1850/2524/2524 1919/2667/2667 
f 1858/2540/2540 1856/2536/2536 1907/2643/2643 1921/2671/2671 
f 1828/2480/2480 1917/2663/2663 1919/2667/2667 1850/2524/2524 
f 1860/2544/2544 1858/2540/2540 1921/2671/2671 1923/2675/2675 
f 1917/2663/2663 1828/2480/2480 1830/2484/2484 1915/2659/2659 
f 1862/2548/2548 1860/2544/2544 1923/2675/2675 1925/2679/2679 
f 1915/2659/2659 1830/2484/2484 1832/2488/2488 1913/2655/2655 
f 1864/2552/2552 1862/2548/2548 1925/2679/2679 1927/2683/2683 
f 1913/2655/2655 1832/2488/2488 1834/2492/2492 1911/2651/2651 
f 1911/2651/2651 1834/2492/2492 1836/2496/2496 1910/2649/2649 
f 1868/2560/2560 1866/2556/2556 1929/2687/2687 1931/2691/2691 
f 1866/2556/2556 1864/2552/2552 1927/2683/2683 1929/2687/2687 
f 1907/2644/2644 1901/2632/2632 1919/2668/2668 1921/2672/2672 
f 1922/2673/2673 1920/2669/2669 1902/2633/2633 1908/2645/2645 
f 1921/2672/2672 1919/2668/2668 1917/2664/2664 1923/2676/2676 
f 1923/2676/2676 1917/2664/2664 1915/2660/2660 1925/2680/2680 
f 1925/2680/2680 1915/2660/2660 1913/2656/2656 1927/2684/2684 
f 1927/2684/2684 1913/2656/2656 1911/2652/2652 1929/2688/2688 
f 1909/2647/2647 1912/2653/2653 1230/1805/1805 1930/2689/2689 
f 1928/2685/2685 1230/1805/1805 1912/2653/2653 1914/2657/2657 
f 1914/2657/2657 1916/2661/2661 1926/2681/2681 1928/2685/2685 
f 1916/2661/2661 1918/2665/2665 1924/2677/2677 1926/2681/2681 
f 1929/2688/2688 1911/2652/2652 1910/2650/2650 1931/2692/2692 
f 1918/2665/2665 1920/2669/2669 1922/2673/2673 1924/2677/2677 
f 1945/2720/2720 1932/2694/2694 1892/2611/2611 1959/2747/2747 
f 1796/2413/2413 1892/2613/2613 1932/2693/2693 1798/2418/2418 
f 1910/2649/2649 1836/2496/2496 1837/2498/2498 1952/2733/2733 
f 1869/2562/2562 1868/2560/2560 1931/2691/2691 1954/2737/2737 
f 1952/2733/2733 1837/2498/2498 1839/2502/2502 1950/2729/2729 
f 1871/2566/2566 1869/2562/2562 1954/2737/2737 1956/2741/2741 
f 1788/2396/2396 1948/2725/2725 1950/2729/2729 1839/2502/2502 
f 1873/2570/2570 1871/2566/2566 1956/2741/2741 1958/2745/2745 
f 1948/2725/2725 1788/2396/2396 1790/2400/2400 1939/2707/2707 
f 1958/2745/2745 1941/2711/2711 1800/2422/2422 1873/2570/2570 
f 1939/2707/2707 1790/2400/2400 1792/2404/2404 1937/2703/2703 
f 1802/2426/2426 1800/2422/2422 1941/2711/2711 1943/2715/2715 
f 1804/2430/2430 1802/2426/2426 1943/2715/2715 1229/1803/1803 
f 1937/2703/2703 1792/2404/2404 1794/2408/2408 1935/2699/2699 
f 1935/2699/2699 1794/2408/2408 1798/2418/2418 1932/2693/2693 
f 1806/2434/2434 1804/2430/2430 1229/1803/1803 1945/2719/2719 
f 1931/2692/2692 1910/2650/2650 1952/2734/2734 1954/2738/2738 
f 1951/2731/2731 1909/2647/2647 1930/2689/2689 1953/2735/2735 
f 1949/2727/2727 1951/2731/2731 1953/2735/2735 1955/2739/2739 
f 1947/2723/2723 1949/2727/2727 1955/2739/2739 1957/2743/2743 
f 1938/2705/2705 1947/2723/2723 1957/2743/2743 1940/2709/2709 
f 1936/2701/2701 1938/2705/2705 1940/2709/2709 1942/2713/2713 
f 1934/2697/2697 1936/2701/2701 1942/2713/2713 1944/2717/2717 
f 1954/2738/2738 1952/2734/2734 1950/2730/2730 1956/2742/2742 
f 1956/2742/2742 1950/2730/2730 1948/2726/2726 1958/2746/2746 
f 1958/2746/2746 1948/2726/2726 1939/2708/2708 1941/2712/2712 
f 1941/2712/2712 1939/2708/2708 1937/2704/2704 1943/2716/2716 
f 1943/2716/2716 1937/2704/2704 1935/2700/2700 1229/1804/1804 
f 1933/2695/2695 1934/2697/2697 1944/2717/2717 1946/2721/2721 
f 1932/2694/2694 1945/2720/2720 1229/1804/1804 1935/2700/2700 
f 1892/2612/2612 1893/2615/2615 1964/2761/2761 1959/2748/2748 
f 1807/2437/2437 1806/2434/2434 1945/2719/2719 1959/2749/2749 
f 1891/2609/2609 1885/2595/2595 1960/2750/2750 1961/2754/2754 
f 1876/2578/2578 1875/2575/2575 1970/2768/2768 1969/2767/2767 
f 1972/2770/2770 1231/1809/1809 1233/1814/1814 1971/2769/2769 
f 1965/2763/2763 1970/2768/2768 1875/2575/2575 1961/2755/2755 
f 1231/1809/1809 1972/2770/2770 1967/2765/2765 1891/2610/2610 
f 1961/2755/2755 1960/2752/2752 1966/2764/2764 1965/2763/2763 
f 1968/2766/2766 1885/2597/2597 1891/2610/2610 1967/2765/2765 
f 1972/2770/2770 816/1048/1048 806/1038/1038 1967/2765/2765 
f 1970/2768/2768 1965/2763/2763 801/1033/1033 810/1042/1042 
f 816/1048/1048 1972/2770/2770 1971/2769/2769 815/1047/1047 
f 810/1042/1042 809/1041/1041 1969/2767/2767 1970/2768/2768 
f 808/1040/1040 1968/2766/2766 1967/2765/2765 806/1038/1038 
f 803/1035/1035 801/1033/1033 1965/2763/2763 1966/2764/2764 
f 1976/2774/2774 1797/2416/2416 1287/1873/1873 
f 1976/2774/2774 1287/1873/1873 21/36/36 799/1031/1031 
f 1976/2774/2774 1973/2771/2771 1796/2413/2413 1797/2416/2416 
f 1892/2613/2613 1796/2413/2413 1973/2771/2771 1974/2772/2772 
f 1893/2616/2616 1892/2613/2613 1974/2772/2772 1975/2773/2773 
f 1974/2772/2772 1973/2771/2771 800/1032/1032 793/1025/1025 
f 799/1031/1031 800/1032/1032 1973/2771/2771 1976/2774/2774 
f 1975/2773/2773 1974/2772/2772 793/1025/1025 794/1026/1026 
f 1311/1899/1899 1808/2440/2440 1980/2778/2778 
f 79/101/101 1311/1899/1899 1980/2778/2778 797/1029/1029 
f 1807/2437/2437 1977/2775/2775 1980/2778/2778 1808/2440/2440 
f 1978/2776/2776 1959/2749/2749 1964/2762/2762 1979/2777/2777 
f 1977/2775/2775 1807/2437/2437 1959/2749/2749 1978/2776/2776 
f 1979/2777/2777 796/1028/1028 795/1027/1027 1978/2776/2776 
f 798/1030/1030 1977/2775/2775 1978/2776/2776 795/1027/1027 
f 797/1029/1029 1980/2778/2778 1977/2775/2775 798/1030/1030 
f 2011/2841/2841 1996/2811/2811 1994/2807/2807 2013/2845/2845 
f 2019/2857/2857 1981/2779/2779 1989/2796/2796 2063/2949/2949 
f 2052/2928/2928 2046/2916/2916 2019/2858/2858 2063/2950/2950 
f 1893/2616/2616 2019/2859/2859 2046/2915/2915 1933/2696/2696 
f 1964/2762/2762 1946/2722/2722 2052/2927/2927 2063/2951/2951 
f 1933/2696/2696 2046/2915/2915 2047/2917/2917 1934/2698/2698 
f 1946/2722/2722 1944/2718/2718 2051/2925/2925 2052/2927/2927 
f 1934/2698/2698 2047/2917/2917 1228/1801/1801 1936/2702/2702 
f 1936/2702/2702 1228/1801/1801 2048/2919/2919 1938/2706/2706 
f 1938/2706/2706 2048/2919/2919 2053/2929/2929 1947/2724/2724 
f 1947/2724/2724 2053/2929/2929 2054/2931/2931 1949/2728/2728 
f 1949/2728/2728 2054/2931/2931 2055/2933/2933 1951/2732/2732 
f 2045/2913/2913 1909/2648/2648 1951/2732/2732 2055/2933/2933 
f 1953/2736/2736 1930/2690/2690 2015/2850/2850 2056/2935/2935 
f 1955/2740/2740 1953/2736/2736 2056/2935/2935 2057/2937/2937 
f 1957/2744/2744 1955/2740/2740 2057/2937/2937 2058/2939/2939 
f 2058/2939/2939 2049/2921/2921 1940/2710/2710 1957/2744/2744 
f 1942/2714/2714 1940/2710/2710 2049/2921/2921 2050/2923/2923 
f 1944/2718/2718 1942/2714/2714 2050/2923/2923 2051/2925/2925 
f 2013/2845/2845 1994/2807/2807 2045/2914/2914 2015/2849/2849 
f 2051/2926/2926 2047/2918/2918 2046/2916/2916 2052/2928/2928 
f 2050/2924/2924 1228/1802/1802 2047/2918/2918 2051/2926/2926 
f 2049/2922/2922 2048/2920/2920 1228/1802/1802 2050/2924/2924 
f 2058/2940/2940 2053/2930/2930 2048/2920/2920 2049/2922/2922 
f 2057/2938/2938 2054/2932/2932 2053/2930/2930 2058/2940/2940 
f 2056/2936/2936 2055/2934/2934 2054/2932/2932 2057/2938/2938 
f 2015/2849/2849 2045/2914/2914 2055/2934/2934 2056/2936/2936 
f 1982/2782/2782 1983/2784/2784 1987/2792/2792 1988/2794/2794 
f 1983/2784/2784 1984/2786/2786 1986/2790/2790 1987/2792/2792 
f 1984/2786/2786 1985/2788/2788 2018/2855/2855 1986/2790/2790 
f 1985/2788/2788 1990/2799/2799 2017/2853/2853 2018/2855/2855 
f 1990/2799/2799 1991/2801/2801 2016/2851/2851 2017/2853/2853 
f 1991/2801/2801 1992/2803/2803 2014/2847/2847 2016/2851/2851 
f 1992/2803/2803 1993/2805/2805 2012/2843/2843 2014/2847/2847 
f 1993/2805/2805 1995/2809/2809 2010/2839/2839 2012/2843/2843 
f 2059/2941/2941 1886/2599/2599 1902/2634/2634 2002/2824/2824 
f 1908/2646/2646 1889/2605/2605 2026/2872/2872 2043/2910/2910 
f 1922/2674/2674 1908/2646/2646 2043/2910/2910 2004/2828/2828 
f 2002/2824/2824 1902/2634/2634 1920/2670/2670 2000/2820/2820 
f 1924/2678/2678 1922/2674/2674 2004/2828/2828 2006/2832/2832 
f 1918/2666/2666 1226/1797/1797 2000/2820/2820 1920/2670/2670 
f 1916/2662/2662 1998/2815/2815 1226/1797/1797 1918/2666/2666 
f 1926/2682/2682 1924/2678/2678 2006/2832/2832 2009/2838/2838 
f 1928/2686/2686 1926/2682/2682 2009/2838/2838 2011/2842/2842 
f 1914/2658/2658 1996/2812/2812 1998/2815/2815 1916/2662/2662 
f 2011/2842/2842 2013/2846/2846 1230/1806/1806 1928/2686/2686 
f 1912/2654/2654 1994/2808/2808 1996/2812/2812 1914/2658/2658 
f 1996/2811/2811 2011/2841/2841 2009/2837/2837 1998/2816/2816 
f 2006/2831/2831 1226/1796/1796 1998/2816/2816 2009/2837/2837 
f 2043/2909/2909 2002/2823/2823 2000/2819/2819 2004/2827/2827 
f 1909/2648/2648 2045/2913/2913 1994/2808/2808 1912/2654/2654 
f 1930/2690/2690 1230/1806/1806 2013/2846/2846 2015/2850/2850 
f 2026/2873/2873 2059/2942/2942 2002/2823/2823 2043/2909/2909 
f 2004/2827/2827 2000/2819/2819 1226/1796/1796 2006/2831/2831 
f 1995/2809/2809 1997/2813/2813 2008/2835/2835 2010/2839/2839 
f 1997/2813/2813 1999/2817/2817 2007/2833/2833 2008/2835/2835 
f 1999/2817/2817 2001/2821/2821 2005/2829/2829 2007/2833/2833 
f 2001/2821/2821 2003/2825/2825 2044/2911/2911 2005/2829/2829 
f 2003/2825/2825 2060/2943/2943 2027/2874/2874 2044/2911/2911 
f 2028/2876/2876 2029/2879/2879 1227/1798/1798 2042/2906/2906 
f 2028/2877/2877 2042/2907/2907 2041/2904/2904 2031/2884/2884 
f 2040/2903/2903 1227/1799/1799 2029/2880/2880 2030/2883/2883 
f 2020/2860/2860 1887/2601/2601 1886/2599/2599 2059/2941/2941 
f 2022/2864/2864 1880/2586/2586 1887/2601/2601 2020/2860/2860 
f 2061/2945/2945 2024/2868/2868 1888/2603/2603 1881/2588/2588 
f 2024/2868/2868 2026/2872/2872 1889/2605/2605 1888/2603/2603 
f 2036/2894/2894 2061/2945/2945 1881/2588/2588 1882/2590/2590 
f 2034/2890/2890 1879/2584/2584 1880/2586/2586 2022/2864/2864 
f 2032/2886/2886 1878/2582/2582 1879/2584/2584 2034/2890/2890 
f 2038/2898/2898 2036/2894/2894 1882/2590/2590 1883/2592/2592 
f 2030/2882/2882 1877/2580/2580 1878/2582/2582 2032/2886/2886 
f 2040/2902/2902 2038/2898/2898 1883/2592/2592 1884/2594/2594 
f 1227/1800/1800 2040/2902/2902 1884/2594/2594 1885/2597/2597 
f 2026/2873/2873 2024/2869/2869 2020/2861/2861 2059/2942/2942 
f 2021/2862/2862 2025/2870/2870 2027/2874/2874 2060/2943/2943 
f 2025/2870/2870 2021/2862/2862 2023/2866/2866 2062/2947/2947 
f 2062/2947/2947 2023/2866/2866 2035/2892/2892 2037/2896/2896 
f 2037/2896/2896 2035/2892/2892 2033/2888/2888 2039/2900/2900 
f 2030/2883/2883 2032/2887/2887 2038/2899/2899 2040/2903/2903 
f 2032/2887/2887 2034/2891/2891 2036/2895/2895 2038/2899/2899 
f 2034/2891/2891 2022/2865/2865 2061/2946/2946 2036/2895/2895 
f 2039/2900/2900 2033/2888/2888 2031/2884/2884 2041/2904/2904 
f 2022/2865/2865 2020/2861/2861 2024/2869/2869 2061/2946/2946 
f 2065/2953/2953 2064/2952/2952 909/1231/1231 910/1232/1232 
f 2067/2955/2955 915/1237/1237 913/1235/1235 2066/2954/2954 
f 2019/2859/2859 1893/2616/2616 1975/2773/2773 2064/2952/2952 
f 794/1026/1026 909/1231/1231 2064/2952/2952 1975/2773/2773 
f 2064/2952/2952 2065/2953/2953 1981/2781/2781 2019/2859/2859 
f 1979/2777/2777 1964/2762/2762 2063/2951/2951 2066/2954/2954 
f 2066/2954/2954 913/1235/1235 796/1028/1028 1979/2777/2777 
f 1989/2798/2798 2067/2955/2955 2066/2954/2954 2063/2951/2951 
f 2070/2958/2958 922/1244/1244 923/1245/1245 2071/2959/2959 
f 917/1239/1239 916/1238/1238 2068/2956/2956 2069/2957/2957 
f 916/1238/1238 803/1035/1035 1966/2764/2764 2068/2956/2956 
f 922/1244/1244 2070/2958/2958 1968/2766/2766 808/1040/1040 
f 2073/2961/2961 2042/2908/2908 1227/1800/1800 
f 2080/2974/2974 2081/2976/2976 2085/2984/2984 2086/2986/2986 
f 2144/3104/3104 1225/1793/1793 2149/3115/3115 2137/3089/3089 
f 2079/2972/2972 2080/2974/2974 2086/2986/2986 2130/3075/3075 
f 2079/2972/2972 2130/3075/3075 2132/3079/3079 2125/3065/3065 
f 2077/2968/2968 2075/2964/2964 2074/2962/2962 2078/2970/2970 
f 2123/3061/3061 2125/3065/3065 2132/3079/3079 2134/3083/3083 
f 2085/2984/2984 2081/2976/2976 2082/2978/2978 2084/2982/2982 
f 2084/2982/2982 2082/2978/2978 2083/2980/2980 2076/2966/2966 
f 2121/3057/3057 2123/3061/3061 2134/3083/3083 2136/3087/3087 
f 2075/2964/2964 2077/2968/2968 2076/2966/2966 2083/2980/2980 
f 2029/2881/2881 2028/2878/2878 2072/2960/2960 
f 1960/2751/2751 1885/2596/2596 1884/2593/2593 1877/2579/2579 
f 1960/2752/2752 2029/2881/2881 2068/2956/2956 1966/2764/2764 
f 2069/2957/2957 2068/2956/2956 2029/2881/2881 2072/2960/2960 
f 1877/2580/2580 2030/2882/2882 2029/2881/2881 1960/2752/2752 
f 1981/2780/2780 1982/2782/2782 1988/2794/2794 1989/2797/2797 
f 2086/2987/2987 1770/2377/2377 2130/3076/3076 
f 2149/3116/3116 1225/1794/1794 2078/2970/2970 2074/2962/2962 
f 2143/3103/3103 2144/3105/3105 2137/3090/3090 2138/3093/3093 
f 1997/2814/2814 2122/3059/3059 2124/3063/3063 1999/2818/2818 
f 2008/2836/2836 2007/2834/2834 2131/3077/3077 2133/3081/3081 
f 2007/2834/2834 2005/2830/2830 2129/3073/3073 2131/3077/3077 
f 1999/2818/2818 2124/3063/3063 2126/3067/3067 2001/2822/2822 
f 2128/3071/3071 2129/3073/3073 2005/2830/2830 2044/2912/2912 
f 2001/2822/2822 2126/3067/3067 2127/3069/3069 2003/2826/2826 
f 2044/2912/2912 2027/2875/2875 2148/3113/3113 2128/3071/3071 
f 2003/2826/2826 2127/3069/3069 2145/3107/3107 2060/2944/2944 
f 2027/2875/2875 2025/2871/2871 2147/3111/3111 2148/3113/3113 
f 2146/3109/3109 2021/2863/2863 2060/2944/2944 2145/3107/3107 
f 2154/3129/3129 2147/3111/3111 2025/2871/2871 2062/2948/2948 
f 2062/2948/2948 2037/2897/2897 2141/3098/3098 2154/3129/3129 
f 2142/3100/3100 2141/3098/3098 2037/2897/2897 2039/2901/2901 
f 2143/3102/3102 2142/3100/3100 2039/2901/2901 2041/2905/2905 
f 2144/3106/3106 2143/3102/3102 2041/2905/2905 2042/2908/2908 
f 2137/3091/3091 2028/2878/2878 2031/2885/2885 2138/3092/3092 
f 2138/3092/3092 2031/2885/2885 2033/2889/2889 2139/3094/3094 
f 2139/3094/3094 2033/2889/2889 2035/2893/2893 2140/3096/3096 
f 2023/2867/2867 2153/3127/3127 2140/3096/3096 2035/2893/2893 
f 2021/2863/2863 2146/3109/3109 2153/3127/3127 2023/2867/2867 
f 2138/3093/3093 2139/3095/3095 2142/3101/3101 2143/3103/3103 
f 2139/3095/3095 2140/3097/3097 2141/3099/3099 2142/3101/3101 
f 2140/3097/3097 2153/3128/3128 2154/3130/3130 2141/3099/3099 
f 2153/3128/3128 2146/3110/3110 2147/3112/3112 2154/3130/3130 
f 2146/3110/3110 2145/3108/3108 2148/3114/3114 2147/3112/3112 
f 2148/3114/3114 2145/3108/3108 2127/3070/3070 2128/3072/3072 
f 2128/3072/3072 2127/3070/3070 2126/3068/3068 2129/3074/3074 
f 2129/3074/3074 2126/3068/3068 2124/3064/3064 2131/3078/3078 
f 2131/3078/3078 2124/3064/3064 2122/3060/3060 2133/3082/3082 
f 2150/3118/3118 2088/2990/2990 2099/3013/3013 2152/3124/3124 
f 2098/3012/3012 2087/2989/2989 2151/3121/3121 2091/2996/2996 
f 2089/2992/2992 1983/2785/2785 1982/2783/2783 2087/2988/2988 
f 2098/3011/3011 2091/2998/2998 1989/2798/2798 1988/2795/2795 
f 2012/2844/2844 2010/2840/2840 2135/3085/3085 2110/3035/3035 
f 1993/2806/2806 2108/3031/3031 2120/3055/3055 1995/2810/2810 
f 2014/2848/2848 2012/2844/2844 2110/3035/3035 2112/3039/3039 
f 1992/2804/2804 2106/3027/3027 2108/3031/3031 1993/2806/2806 
f 2016/2852/2852 2014/2848/2848 2112/3039/3039 2114/3043/3043 
f 1991/2802/2802 2104/3023/3023 2106/3027/3027 1992/2804/2804 
f 1990/2800/2800 2102/3019/3019 2104/3023/3023 1991/2802/2802 
f 1988/2795/2795 1987/2793/2793 2096/3007/3007 2098/3011/3011 
f 1983/2785/2785 2089/2992/2992 2092/2999/2999 1984/2787/2787 
f 1987/2793/2793 1986/2791/2791 2094/3003/3003 2096/3007/3007 
f 2118/3051/3051 2094/3003/3003 1986/2791/2791 2018/2856/2856 
f 1984/2787/2787 2092/2999/2999 2100/3015/3015 1985/2789/2789 
f 1985/2789/2789 2100/3015/3015 2102/3019/3019 1990/2800/2800 
f 2018/2856/2856 2017/2854/2854 2116/3047/3047 2118/3051/3051 
f 2017/2854/2854 2016/2852/2852 2114/3043/3043 2116/3047/3047 
f 2010/2840/2840 2008/2836/2836 2133/3081/3081 2135/3085/3085 
f 1995/2810/2810 2120/3055/3055 2122/3059/3059 1997/2814/2814 
f 1981/2781/2781 2151/3123/3123 2087/2988/2988 1982/2783/2783 
f 2133/3082/3082 2122/3060/3060 2120/3056/3056 2135/3086/3086 
f 2109/3033/3033 2121/3057/3057 2136/3087/3087 2111/3037/3037 
f 2135/3086/3086 2120/3056/3056 2108/3032/3032 2110/3036/3036 
f 2110/3036/3036 2108/3032/3032 2106/3028/3028 2112/3040/3040 
f 2112/3040/3040 2106/3028/3028 2104/3024/3024 2114/3044/3044 
f 2114/3044/3044 2104/3024/3024 2102/3020/3020 2116/3048/3048 
f 2116/3048/3048 2102/3020/3020 2100/3016/3016 2118/3052/3052 
f 2118/3052/3052 2100/3016/3016 2092/3000/3000 2094/3004/3004 
f 2094/3004/3004 2092/3000/3000 2089/2993/2993 2096/3008/3008 
f 2088/2990/2990 2090/2994/2994 2097/3009/3009 2099/3013/3013 
f 2090/2994/2994 2093/3001/3001 2095/3005/3005 2097/3009/3009 
f 2107/3029/3029 2109/3033/3033 2111/3037/3037 2113/3041/3041 
f 2105/3025/3025 2107/3029/3029 2113/3041/3041 2115/3045/3045 
f 2103/3021/3021 2105/3025/3025 2115/3045/3045 2117/3049/3049 
f 2101/3017/3017 2103/3021/3021 2117/3049/3049 2119/3053/3053 
f 2151/3122/3122 2150/3119/3119 2152/3125/3125 2091/2997/2997 
f 2096/3008/3008 2089/2993/2993 2087/2989/2989 2098/3012/3012 
f 2093/3001/3001 2101/3017/3017 2119/3053/3053 2095/3005/3005 
f 2155/3131/3131 2157/3133/3133 1010/1420/1420 1007/1417/1417 
f 2162/3138/3138 2161/3137/3137 2159/3135/3135 2160/3136/3136 
f 1018/1428/1428 2162/3138/3138 2160/3136/3136 1015/1425/1425 
f 2157/3133/3133 2155/3131/3131 2156/3132/3132 2158/3134/3134 
f 1020/1430/1430 1019/1429/1429 2163/3139/3139 2164/3140/3140 
f 1028/1438/1438 2168/3144/3144 2167/3143/3143 1027/1437/1437 
f 1007/1417/1417 917/1239/1239 2069/2957/2957 2155/3131/3131 
f 2155/3131/3131 2069/2957/2957 2072/2960/2960 2156/3132/3132 
f 2028/2878/2878 2137/3091/3091 2156/3132/3132 2072/2960/2960 
f 2158/3134/3134 2156/3132/3132 2137/3091/3091 2149/3117/3117 
f 1015/1425/1425 2160/3136/3136 2071/2959/2959 923/1245/1245 
f 2073/2961/2961 2071/2959/2959 2160/3136/3136 2159/3135/3135 
f 2159/3135/3135 2144/3106/3106 2042/2908/2908 2073/2961/2961 
f 2161/3137/3137 1225/1795/1795 2144/3106/3106 2159/3135/3135 
f 2150/3120/3120 2151/3123/3123 2165/3141/3141 
f 2164/3140/3140 2065/2953/2953 910/1232/1232 1020/1430/1430 
f 2151/3123/3123 1981/2781/2781 2065/2953/2953 2164/3140/3140 
f 2164/3140/3140 2163/3139/3139 2165/3141/3141 2151/3123/3123 
f 2070/2958/2958 1227/1800/1800 1885/2597/2597 1968/2766/2766 
f 1227/1800/1800 2070/2958/2958 2071/2959/2959 2073/2961/2961 
f 2091/2998/2998 2152/3126/3126 2166/3142/3142 
f 2168/3144/3144 1028/1438/1438 915/1237/1237 2067/2955/2955 
f 2067/2955/2955 1989/2798/2798 2091/2998/2998 2168/3144/3144 
f 2168/3144/3144 2091/2998/2998 2166/3142/3142 2167/3143/3143 
f 2199/3207/3207 1765/2372/2372 1766/2373/2373 2200/3209/3209 
f 1780/2387/2387 1781/2388/2388 2223/3255/3255 2222/3253/3253 
f 1771/2378/2378 2223/3255/3255 1781/2388/2388 1782/2389/2389 
f 1374/1962/1962 1375/1963/1963 2181/3171/3171 2179/3165/3165 
f 1757/2364/2364 2195/3199/3199 2193/3195/3195 1756/2363/2363 
f 1758/2365/2365 2197/3203/3203 2195/3199/3199 1757/2364/2364 
f 1771/2378/2378 1772/2379/2379 2209/3227/3227 2207/3223/3223 
f 2180/3168/3168 2238/3288/3288 2244/3302/3302 2182/3172/3172 
f 2199/3208/3208 2200/3210/3210 2222/3254/3254 2223/3256/3256 
f 2231/3271/3271 2241/3295/3295 2240/3292/3292 2235/3280/3280 
f 2230/3270/3270 2231/3272/3272 2235/3281/3281 2227/3264/3264 
f 2183/3175/3175 1514/2109/2109 1513/2108/2108 2240/3294/3294 
f 2204/3217/3217 1515/2110/2110 1514/2109/2109 2183/3175/3175 
f 2184/3177/3177 2185/3179/3179 1517/2112/2112 1516/2111/2111 
f 2185/3179/3179 2241/3297/3297 1518/2113/2113 1517/2112/2112 
f 1767/2374/2374 2201/3211/3211 2200/3209/3209 1766/2373/2373 
f 1768/2375/2375 2202/3213/3213 2201/3211/3211 1767/2374/2374 
f 1769/2376/2376 2203/3215/3215 2202/3213/3213 1768/2375/2375 
f 1515/2110/2110 2204/3217/3217 2203/3215/3215 1769/2376/2376 
f 1516/2111/2111 1777/2384/2384 2219/3247/3247 2184/3177/3177 
f 1777/2384/2384 1778/2385/2385 2220/3249/3249 2219/3247/3247 
f 1778/2385/2385 1779/2386/2386 2221/3251/3251 2220/3249/3249 
f 1779/2386/2386 1780/2387/2387 2222/3253/3253 2221/3251/3251 
f 2224/3257/3257 2080/2975/2975 2079/2973/2973 2236/3283/3283 
f 2225/3259/3259 2081/2977/2977 2080/2975/2975 2224/3257/3257 
f 2234/3278/3278 2226/3261/3261 2086/2987/2987 2085/2985/2985 
f 2085/2985/2985 2084/2983/2983 2233/3276/3276 2234/3278/3278 
f 2081/2977/2977 2225/3259/3259 2232/3274/3274 2082/2979/2979 
f 2084/2983/2983 2076/2967/2967 2243/3300/3300 2233/3276/3276 
f 2082/2979/2979 2232/3274/3274 2242/3298/3298 2083/2981/2981 
f 2229/3267/3267 2243/3300/3300 2076/2967/2967 2077/2969/2969 
f 2228/3265/3265 2075/2965/2965 2083/2981/2981 2242/3298/3298 
f 2230/3269/3269 2229/3267/3267 2077/2969/2969 2078/2971/2971 
f 2227/3263/3263 2074/2963/2963 2075/2965/2965 2228/3265/3265 
f 2078/2971/2971 1225/1795/1795 2231/3273/3273 2230/3269/3269 
f 2074/2963/2963 2227/3263/3263 2235/3282/3282 2149/3117/3117 
f 2226/3261/3261 2237/3285/3285 1770/2377/2377 2086/2987/2987 
f 2227/3264/3264 2228/3266/3266 2229/3268/3268 2230/3270/3270 
f 2228/3266/3266 2242/3299/3299 2243/3301/3301 2229/3268/3268 
f 2237/3286/3286 2236/3284/3284 2198/3205/3205 2205/3219/3219 
f 2226/3262/3262 2224/3258/3258 2236/3284/3284 2237/3286/3286 
f 2234/3279/3279 2225/3260/3260 2224/3258/3258 2226/3262/3262 
f 2232/3275/3275 2225/3260/3260 2234/3279/3279 2233/3277/3277 
f 2185/3180/3180 2183/3176/3176 2240/3293/3293 2241/3296/3296 
f 2183/3176/3176 2185/3180/3180 2184/3178/3178 2204/3218/3218 
f 2219/3248/3248 2203/3216/3216 2204/3218/3218 2184/3178/3178 
f 2220/3250/3250 2202/3214/3214 2203/3216/3216 2219/3248/3248 
f 2201/3212/3212 2202/3214/3214 2220/3250/3250 2221/3252/3252 
f 2242/3299/3299 2232/3275/3275 2233/3277/3277 2243/3301/3301 
f 2200/3210/3210 2201/3212/3212 2221/3252/3252 2222/3254/3254 
f 2171/3149/3149 2175/3157/3157 2176/3159/3159 2173/3153/3153 
f 2169/3145/3145 2178/3163/3163 2175/3157/3157 2171/3149/3149 
f 2152/3126/3126 2099/3014/3014 2180/3167/3167 2182/3174/3174 
f 2136/3088/3088 2134/3084/3084 2206/3222/3222 2208/3226/3226 
f 2121/3058/3058 2194/3198/3198 2196/3202/3202 2123/3062/3062 
f 2123/3062/3062 2196/3202/3202 2198/3206/3206 2125/3066/3066 
f 2134/3084/3084 2132/3080/3080 2205/3220/3220 2206/3222/3222 
f 2238/3287/3287 2088/2991/2991 2150/3120/3120 2244/3304/3304 
f 2088/2991/2991 2238/3287/3287 2169/3146/3146 2090/2995/2995 
f 2099/3014/3014 2097/3010/3010 2178/3164/3164 2180/3167/3167 
f 2090/2995/2995 2169/3146/3146 2171/3150/3150 2093/3002/3002 
f 2097/3010/3010 2095/3006/3006 2175/3158/3158 2178/3164/3164 
f 2093/3002/3002 2171/3150/3150 2173/3154/3154 2101/3018/3018 
f 2176/3160/3160 2175/3158/3158 2095/3006/3006 2119/3054/3054 
f 2101/3018/3018 2173/3154/3154 2186/3181/3181 2103/3022/3022 
f 2119/3054/3054 2117/3050/3050 2216/3242/3242 2176/3160/3160 
f 2103/3022/3022 2186/3181/3181 2188/3186/3186 2105/3026/3026 
f 2117/3050/3050 2115/3046/3046 2214/3238/3238 2216/3242/3242 
f 2105/3026/3026 2188/3186/3186 2190/3190/3190 2107/3030/3030 
f 2115/3046/3046 2113/3042/3042 2212/3234/3234 2214/3238/3238 
f 2107/3030/3030 2190/3190/3190 2192/3194/3194 2109/3034/3034 
f 2113/3042/3042 2111/3038/3038 2210/3230/3230 2212/3234/3234 
f 2208/3226/3226 2210/3230/3230 2111/3038/3038 2136/3088/3088 
f 2109/3034/3034 2192/3194/3194 2194/3198/3198 2121/3058/3058 
f 2173/3153/3153 2176/3159/3159 2216/3241/3241 2186/3182/3182 
f 2205/3219/3219 2198/3205/3205 2196/3201/3201 2206/3221/3221 
f 2206/3221/3221 2196/3201/3201 2194/3197/3197 2208/3225/3225 
f 2208/3225/3225 2194/3197/3197 2192/3193/3193 2210/3229/3229 
f 2210/3229/3229 2192/3193/3193 2190/3189/3189 2212/3233/3233 
f 2214/3237/3237 2188/3185/3185 2186/3182/3182 2216/3241/3241 
f 2236/3283/3283 2079/2973/2973 2125/3066/3066 2198/3206/3206 
f 2238/3288/3288 2180/3168/3168 2178/3163/3163 2169/3145/3145 
f 2212/3233/3233 2190/3189/3189 2188/3185/3185 2214/3237/3237 
f 2207/3224/3224 2209/3228/3228 2195/3200/3200 2197/3204/3204 
f 1765/2372/2372 2199/3207/3207 1758/2365/2365 1764/2371/2371 
f 2199/3207/3207 2197/3203/3203 1758/2365/2365 
f 1771/2378/2378 2207/3223/3223 2223/3255/3255 
f 2239/3289/3289 2170/3148/3148 2179/3166/3166 2181/3169/3169 
f 2244/3303/3303 2239/3290/3290 2181/3170/3170 2182/3173/3173 
f 1363/1951/1951 2170/3147/3147 2239/3291/3291 1362/1950/1950 
f 1364/1952/1952 2172/3151/3151 2170/3147/3147 1363/1951/1951 
f 1365/1953/1953 2174/3155/3155 2172/3151/3151 1364/1952/1952 
f 1372/1960/1960 1373/1961/1961 2177/3161/3161 2218/3245/3245 
f 1373/1961/1961 1374/1962/1962 2179/3165/3165 2177/3161/3161 
f 1753/2360/2360 2187/3183/3183 2174/3155/3155 1365/1953/1953 
f 1754/2361/2361 2189/3187/3187 2187/3183/3183 1753/2360/2360 
f 1755/2362/2362 2191/3191/3191 2189/3187/3187 1754/2361/2361 
f 1756/2363/2363 2193/3195/3195 2191/3191/3191 1755/2362/2362 
f 1772/2379/2379 1773/2380/2380 2211/3231/3231 2209/3227/3227 
f 1773/2380/2380 1774/2381/2381 2213/3235/3235 2211/3231/3231 
f 1774/2381/2381 1775/2382/2382 2215/3239/3239 2213/3235/3235 
f 1775/2382/2382 1776/2383/2383 2217/3243/3243 2215/3239/3239 
f 1776/2383/2383 1372/1960/1960 2218/3245/3245 2217/3243/3243 
f 2209/3228/3228 2211/3232/3232 2193/3196/3196 2195/3200/3200 
f 2191/3192/3192 2193/3196/3196 2211/3232/3232 2213/3236/3236 
f 2189/3188/3188 2191/3192/3192 2213/3236/3236 2215/3240/3240 
f 2187/3184/3184 2189/3188/3188 2215/3240/3240 2217/3244/3244 
f 2174/3156/3156 2187/3184/3184 2217/3244/3244 2218/3246/3246 
f 2172/3152/3152 2174/3156/3156 2218/3246/3246 2177/3162/3162 
f 2197/3204/3204 2199/3208/3208 2223/3256/3256 2207/3224/3224 
f 2170/3148/3148 2172/3152/3152 2177/3162/3162 2179/3166/3166 
f 1360/1948/1948 2247/3307/3307 1108/1602/1602 161/183/183 
f 1361/1949/1949 2248/3308/3308 2247/3307/3307 1360/1948/1948 
f 1376/1964/1964 1377/1965/1965 2253/3313/3313 2252/3312/3312 
f 1377/1965/1965 181/203/203 1116/1610/1610 2253/3313/3313 
f 1105/1599/1599 1108/1602/1602 2247/3307/3307 2245/3305/3305 
f 2245/3305/3305 2247/3307/3307 2248/3308/3308 2246/3306/3306 
f 2250/3310/3310 2249/3309/3309 2252/3312/3312 2253/3313/3313 
f 2251/3311/3311 2250/3310/3310 2253/3313/3313 1116/1610/1610 
f 2163/3139/3139 2245/3305/3305 2246/3306/3306 2165/3141/3141 
f 1019/1429/1429 1105/1599/1599 2245/3305/3305 2163/3139/3139 
f 2167/3143/3143 2166/3142/3142 2249/3309/3309 2250/3310/3310 
f 1027/1437/1437 2167/3143/3143 2250/3310/3310 2251/3311/3311 
f 2244/3304/3304 2150/3120/3120 2165/3141/3141 2246/3306/3306 
f 2166/3142/3142 2152/3126/3126 2182/3174/3174 2249/3309/3309 
f 2246/3306/3306 2248/3308/3308 2239/3291/3291 2244/3304/3304 
f 2181/3171/3171 2252/3312/3312 2249/3309/3309 2182/3174/3174 
f 1362/1950/1950 2239/3291/3291 2248/3308/3308 1361/1949/1949 
f 1375/1963/1963 1376/1964/1964 2252/3312/3312 2181/3171/3171 
f 2256/3316/3316 1510/2105/2105 336/366/366 1120/1614/1614 
f 2257/3317/3317 1511/2106/2106 1510/2105/2105 2256/3316/3316 
f 2258/3318/3318 1512/2107/2107 1511/2106/2106 2257/3317/3317 
f 2261/3321/3321 2262/3322/3322 1520/2115/2115 1519/2114/2114 
f 2262/3322/3322 2263/3323/3323 1521/2116/2116 1520/2115/2115 
f 2263/3323/3323 1130/1624/1624 349/379/379 1521/2116/2116 
f 1130/1624/1624 2263/3323/3323 2260/3320/3320 1126/1620/1620 
f 2263/3323/3323 2262/3322/3322 2259/3319/3319 2260/3320/3320 
f 2256/3316/3316 2254/3314/3314 2255/3315/3315 2257/3317/3317 
f 1120/1614/1614 1117/1611/1611 2254/3314/3314 2256/3316/3316 
f 2235/3282/3282 2240/3294/3294 2258/3318/3318 
f 2260/3320/3320 2259/3319/3319 2161/3137/3137 2162/3138/3138 
f 1126/1620/1620 2260/3320/3320 2162/3138/3138 1018/1428/1428 
f 2254/3314/3314 2157/3133/3133 2158/3134/3134 2255/3315/3315 
f 1117/1611/1611 1010/1420/1420 2157/3133/3133 2254/3314/3314 
f 2149/3117/3117 2235/3282/3282 2255/3315/3315 2158/3134/3134 
f 2257/3317/3317 2255/3315/3315 2235/3282/3282 2258/3318/3318 
f 2241/3297/3297 2261/3321/3321 1519/2114/2114 1518/2113/2113 
f 2240/3294/3294 1513/2108/2108 1512/2107/2107 2258/3318/3318 
f 2261/3321/3321 2241/3297/3297 2231/3273/3273 
f 2259/3319/3319 2231/3273/3273 1225/1795/1795 2161/3137/3137 
f 2262/3322/3322 2261/3321/3321 2231/3273/3273 2259/3319/3319 
f 2313/3423/3423 2310/3417/3417 2322/3444/3444 2303/3404/3404 
f 2291/3378/3378 2321/3441/3441 2283/3363/3363 2307/3412/3412 
f 1620/2225/2225 1530/2125/2125 2283/3362/3362 2321/3443/3443 
f 1530/2125/2125 1611/2207/2207 2302/3401/3401 2283/3362/3362 
f 1611/2207/2207 1612/2209/2209 1223/1789/1789 2302/3401/3401 
f 1617/2219/2219 1618/2221/2221 2287/3370/3370 2285/3366/3366 
f 1618/2221/2221 1619/2223/2223 2289/3374/3374 2287/3370/3370 
f 1619/2223/2223 1620/2225/2225 2321/3443/3443 2289/3374/3374 
f 2291/3380/3380 2307/3411/3411 1624/2231/2231 1672/2279/2279 
f 2307/3411/3411 2309/3415/3415 1663/2270/2270 1624/2231/2231 
f 2309/3415/3415 1224/1791/1791 1664/2271/2271 1663/2270/2270 
f 2296/3389/3389 2298/3393/3393 1670/2277/2277 1669/2276/2276 
f 2298/3393/3393 2299/3395/3395 1671/2278/2278 1670/2277/2277 
f 2299/3395/3395 2291/3380/3380 1672/2279/2279 1671/2278/2278 
f 1223/1790/1790 1224/1792/1792 2309/3416/3416 2302/3402/3402 
f 2321/3442/3442 2291/3379/3379 2299/3396/3396 2289/3375/3375 
f 2289/3375/3375 2299/3396/3396 2298/3394/3394 2287/3371/3371 
f 2302/3402/3402 2309/3416/3416 2307/3412/3412 2283/3363/3363 
f 2287/3371/3371 2298/3394/3394 2296/3390/3390 2285/3367/3367 
f 1616/2217/2217 1617/2219/2219 2285/3366/3366 2281/3358/3358 
f 2294/3385/3385 2296/3389/3389 1669/2276/2276 1668/2275/2275 
f 2286/3368/3368 2288/3372/3372 1849/2522/2522 1847/2518/2518 
f 1855/2534/2534 1857/2538/2538 2300/3397/3397 2297/3391/3391 
f 1827/2478/2478 1849/2522/2522 2288/3372/3372 2290/3376/3376 
f 1857/2538/2538 1859/2542/2542 2292/3381/3381 2300/3397/3397 
f 1859/2542/2542 1861/2546/2546 2306/3409/3409 2292/3381/3381 
f 2290/3376/3376 2282/3360/3360 1829/2482/2482 1827/2478/2478 
f 1863/2550/2550 1865/2554/2554 2313/3424/3424 2308/3413/3413 
f 2301/3399/3399 2303/3403/3403 1833/2490/2490 1831/2486/2486 
f 1861/2546/2546 1863/2550/2550 2308/3413/3413 2306/3409/3409 
f 2282/3360/3360 2301/3399/3399 1831/2486/2486 1829/2482/2482 
f 2301/3400/3400 2308/3414/3414 2313/3423/3423 2303/3404/3404 
f 2282/3361/3361 2306/3410/3410 2308/3414/3414 2301/3400/3400 
f 2290/3377/3377 2292/3382/3382 2306/3410/3410 2282/3361/3361 
f 2288/3373/3373 2300/3398/3398 2292/3382/3382 2290/3377/3377 
f 2323/3446/3446 2311/3419/3419 2326/3452/3452 2304/3405/3405 
f 2305/3407/3407 2327/3454/3454 2314/3425/3425 2324/3448/3448 
f 2285/3367/3367 2296/3390/3390 2294/3386/3386 2281/3359/3359 
f 2286/3369/3369 2297/3392/3392 2300/3398/3398 2288/3373/3373 
f 2271/3339/3339 2320/3440/3440 2316/3430/3430 2329/3459/3459 
f 2318/3435/3435 2265/3326/3326 1433/2022/2022 1432/2020/2020 
f 2265/3326/3326 2267/3330/3330 1434/2024/2024 1433/2022/2022 
f 2267/3330/3330 2269/3334/3334 1435/2026/2026 1434/2024/2024 
f 2269/3334/3334 2271/3338/3338 1436/2028/2028 1435/2026/2026 
f 1456/2051/2051 1457/2052/2052 2275/3346/3346 2273/3342/3342 
f 1457/2052/2052 1458/2053/2053 2277/3350/3350 2275/3346/3346 
f 1458/2053/2053 1459/2054/2054 2279/3354/3354 2277/3350/3350 
f 1459/2054/2054 1460/2055/2055 2320/3439/3439 2279/3354/3354 
f 1432/2020/2020 1616/2217/2217 2281/3358/3358 2318/3435/3435 
f 2273/3342/3342 2294/3385/3385 1668/2275/2275 1456/2051/2051 
f 2281/3359/3359 2294/3386/3386 2273/3343/3343 2318/3436/3436 
f 2269/3335/3335 2279/3355/3355 2320/3440/3440 2271/3339/3339 
f 2267/3331/3331 2277/3351/3351 2279/3355/3355 2269/3335/3335 
f 2265/3327/3327 2275/3347/3347 2277/3351/3351 2267/3331/3331 
f 2318/3436/3436 2273/3343/3343 2275/3347/3347 2265/3327/3327 
f 2271/3338/3338 2329/3461/3461 1437/2030/2030 1436/2028/2028 
f 1460/2055/2055 1461/2056/2056 2316/3432/3432 2320/3439/3439 
f 2315/3427/3427 2328/3456/3456 2329/3460/3460 2316/3431/3431 
f 2319/3438/3438 2270/3337/3337 2328/3457/3457 2315/3428/3428 
f 2319/3437/3437 2315/3429/3429 1233/1814/1814 1825/2474/2474 
f 1815/2454/2454 1876/2578/2578 2328/3458/3458 2270/3336/3336 
f 1813/2450/2450 1815/2454/2454 2270/3336/3336 2268/3332/3332 
f 2278/3352/3352 2319/3437/3437 1825/2474/2474 1823/2470/2470 
f 2276/3348/3348 2278/3352/3352 1823/2470/2470 1821/2466/2466 
f 1811/2446/2446 1813/2450/2450 2268/3332/3332 2266/3328/3328 
f 2274/3344/3344 2276/3348/3348 1821/2466/2466 1819/2462/2462 
f 1809/2442/2442 1811/2446/2446 2266/3328/3328 2264/3324/3324 
f 2272/3340/3340 2274/3344/3344 1819/2462/2462 1817/2458/2458 
f 2264/3324/3324 2317/3433/3433 1841/2506/2506 1809/2442/2442 
f 1817/2458/2458 1851/2526/2526 2293/3383/3383 2272/3340/3340 
f 2317/3433/3433 2280/3356/3356 1843/2510/2510 1841/2506/2506 
f 1853/2530/2530 1855/2534/2534 2297/3391/3391 2295/3387/3387 
f 2284/3364/3364 2286/3368/3368 1847/2518/2518 1845/2514/2514 
f 2280/3356/3356 2284/3364/3364 1845/2514/2514 1843/2510/2510 
f 1851/2526/2526 1853/2530/2530 2295/3387/3387 2293/3383/3383 
f 2284/3365/3365 2295/3388/3388 2297/3392/3392 2286/3369/3369 
f 2270/3337/3337 2319/3438/3438 2278/3353/3353 2268/3333/3333 
f 2268/3333/3333 2278/3353/3353 2276/3349/3349 2266/3329/3329 
f 2266/3329/3329 2276/3349/3349 2274/3345/3345 2264/3325/3325 
f 2264/3325/3325 2274/3345/3345 2272/3341/3341 2317/3434/3434 
f 2293/3384/3384 2280/3357/3357 2317/3434/3434 2272/3341/3341 
f 2280/3357/3357 2293/3384/3384 2295/3388/3388 2284/3365/3365 
f 2333/3465/3465 1204/1770/1770 815/1047/1047 1971/2769/2769 
f 1198/1764/1764 2331/3463/3463 1969/2767/2767 809/1041/1041 
f 1876/2578/2578 1969/2767/2767 2331/3463/3463 2328/3458/3458 
f 2315/3429/3429 2333/3465/3465 1971/2769/2769 1233/1814/1814 
f 2315/3429/3429 2316/3432/3432 2332/3464/3464 2333/3465/3465 
f 2331/3463/3463 2330/3462/3462 2329/3461/3461 2328/3458/3458 
f 2330/3462/3462 1197/1763/1763 197/219/219 1437/2030/2030 
f 1461/2056/2056 255/284/284 1203/1769/1769 2332/3464/3464 
f 2332/3464/3464 1203/1769/1769 1204/1770/1770 2333/3465/3465 
f 1197/1763/1763 2330/3462/3462 2331/3463/3463 1198/1764/1764 
f 1437/2030/2030 2329/3461/3461 2330/3462/3462 
f 2332/3464/3464 2316/3432/3432 1461/2056/2056 
f 1286/1871/1871 2338/3470/3470 2337/3469/3469 1285/1869/1869 
f 1285/1869/1869 2337/3469/3469 2336/3468/3468 1284/1867/1867 
f 1284/1867/1867 2336/3468/3468 2335/3467/3467 1283/1865/1865 
f 1283/1865/1865 2335/3467/3467 2334/3466/3466 1282/1863/1863 
f 1282/1863/1863 2334/3466/3466 2345/3477/3477 1615/2215/2215 
f 1615/2215/2215 2345/3477/3477 2344/3476/3476 1614/2213/2213 
f 1614/2213/2213 2344/3476/3476 2343/3475/3475 1613/2211/2211 
f 1795/2410/2410 2337/3469/3469 2338/3470/3470 1799/2420/2420 
f 1793/2406/2406 2336/3468/3468 2337/3469/3469 1795/2410/2410 
f 1791/2402/2402 2335/3467/3467 2336/3468/3468 1793/2406/2406 
f 1789/2398/2398 2334/3466/3466 2335/3467/3467 1791/2402/2402 
f 1840/2504/2504 2345/3477/3477 2334/3466/3466 1789/2398/2398 
f 1838/2500/2500 2344/3476/3476 2345/3477/3477 1840/2504/2504 
f 2350/3482/3482 2343/3475/3475 2344/3476/3476 
f 1797/2416/2416 1799/2420/2420 2338/3470/3470 
f 1286/1871/1871 1287/1873/1873 1797/2416/2416 2338/3470/3470 
f 2325/3451/3451 1223/1789/1789 1612/2209/2209 
f 2324/3449/3449 1613/2211/2211 2343/3475/3475 
f 1612/2209/2209 1613/2211/2211 2324/3449/3449 2325/3451/3451 
f 1232/1811/1811 1808/2440/2440 2342/3474/3474 
f 1664/2271/2271 1224/1791/1791 2312/3422/3422 
f 2349/3481/3481 2339/3471/3471 1307/1895/1895 1306/1894/1894 
f 2339/3471/3471 2340/3472/3472 1308/1896/1896 1307/1895/1895 
f 2340/3472/3472 2341/3473/3473 1309/1897/1897 1308/1896/1896 
f 2341/3473/3473 2342/3474/3474 1310/1898/1898 1309/1897/1897 
f 2312/3422/3422 2314/3426/3426 1665/2272/2272 1664/2271/2271 
f 2346/3478/3478 2347/3479/3479 1666/2273/2273 1665/2272/2272 
f 2347/3479/3479 2348/3480/3480 1667/2274/2274 1666/2273/2273 
f 2348/3480/3480 2349/3481/3481 1306/1894/1894 1667/2274/2274 
f 2342/3474/3474 2341/3473/3473 1805/2432/2432 1232/1811/1811 
f 1803/2428/2428 1805/2432/2432 2341/3473/3473 2340/3472/3472 
f 1801/2424/2424 1803/2428/2428 2340/3472/3472 2339/3471/3471 
f 2339/3471/3471 2349/3481/3481 1874/2572/2572 1801/2424/2424 
f 1872/2568/2568 1874/2572/2572 2349/3481/3481 2348/3480/3480 
f 1870/2564/2564 1872/2568/2568 2348/3480/3480 2347/3479/3479 
f 2351/3483/3483 1867/2558/2558 1870/2564/2564 2347/3479/3479 
f 2342/3474/3474 1808/2440/2440 1311/1899/1899 1310/1898/1898 
f 2314/3426/3426 2346/3478/3478 1665/2272/2272 
f 2322/3445/3445 1833/2490/2490 2303/3403/3403 
f 1865/2554/2554 2310/3418/3418 2313/3424/3424 
f 1865/2554/2554 1867/2558/2558 2311/3420/3420 2310/3418/3418 
f 2322/3445/3445 2323/3447/3447 1835/2494/2494 1833/2490/2490 
f 2344/3476/3476 1838/2500/2500 1835/2494/2494 2350/3482/3482 
f 2347/3479/3479 2346/3478/3478 2351/3483/3483 
f 2326/3453/3453 2311/3420/3420 2351/3483/3483 
f 2314/3426/3426 2327/3455/3455 2346/3478/3478 
f 2305/3408/3408 2324/3449/3449 2343/3475/3475 
f 2350/3482/3482 2323/3447/3447 2304/3406/3406 
f 1867/2558/2558 2351/3483/3483 2311/3420/3420 
f 1835/2494/2494 2323/3447/3447 2350/3482/3482 
f 2304/3406/3406 2305/3408/3408 2343/3475/3475 2350/3482/3482 
f 2327/3455/3455 2326/3453/3453 2351/3483/3483 2346/3478/3478 
f 76/98/98 77/99/99 100/122/122 94/116/116 
f 77/99/99 78/100/100 106/128/128 100/122/122 
f 2363/3510/3510 2364/3512/3512 443/479/479 
f 2365/3514/3514 2366/3516/3516 442/477/477 
f 2366/3516/3516 2367/3518/3518 442/477/477 
f 2365/3514/3514 442/477/477 443/479/479 2364/3512/3512 
f 441/475/475 442/477/477 2367/3518/3518 2361/3506/3506 
f 440/473/473 441/475/475 2361/3506/3506 2358/3500/3500 
f 2358/3500/3500 2359/3502/3502 439/471/471 440/473/473 
f 2359/3502/3502 2360/3504/3504 358/389/389 439/471/471 
f 2380/3544/3544 2381/3546/3546 2360/3505/3505 2359/3503/3503 
f 2379/3542/3542 2380/3544/3544 2359/3503/3503 2358/3501/3501 
f 2382/3548/3548 2379/3542/3542 2358/3501/3501 2361/3507/3507 
f 2388/3560/3560 2382/3548/3548 2361/3507/3507 2367/3519/3519 
f 2387/3558/3558 2388/3560/3560 2367/3519/3519 2366/3517/3517 
f 2386/3556/3556 2387/3558/3558 2366/3517/3517 2365/3515/3515 
f 2385/3554/3554 2386/3556/3556 2365/3515/3515 2364/3513/3513 
f 2384/3553/3553 2385/3554/3554 2364/3513/3513 2363/3511/3511 
f 465/506/506 2385/3555/3555 2384/3552/3552 
f 464/505/505 2387/3559/3559 2386/3557/3557 
f 464/505/505 2388/3561/3561 2387/3559/3559 
f 2388/3561/3561 464/505/505 463/504/504 2382/3549/3549 
f 2382/3549/3549 463/504/504 462/503/503 2379/3543/3543 
f 2379/3543/3543 462/503/503 461/502/502 2380/3545/3545 
f 2380/3545/3545 461/502/502 449/490/490 2381/3547/3547 
f 465/506/506 464/505/505 2386/3557/3557 2385/3555/3555 
f 1457/2052/2052 1456/2051/2051 1450/2045/2045 1451/2046/2046 
f 2422/3632/3632 2421/3630/3630 2410/3608/3608 
f 2416/3620/3620 2401/3586/3586 1432/2021/2021 
f 2417/3622/3622 2416/3620/3620 1432/2021/2021 
f 1433/2023/2023 2418/3624/3624 2417/3622/3622 
f 1433/2023/2023 2419/3626/3626 2418/3624/3624 
f 1433/2023/2023 2421/3630/3630 2420/3628/3628 
f 1433/2023/2023 2410/3608/3608 2421/3630/3630 
f 1432/2021/2021 1433/2023/2023 2417/3622/3622 
f 2420/3628/3628 2419/3626/3626 1433/2023/2023 
f 1433/2023/2023 2411/3610/3610 2410/3608/3608 
f 1433/2023/2023 2412/3612/3612 2411/3610/3610 
f 1434/2025/2025 2414/3616/3616 2413/3614/3614 
f 1434/2025/2025 2415/3618/3618 2414/3616/3616 
f 2413/3614/3614 2412/3612/3612 1433/2023/2023 1434/2025/2025 
f 1435/2027/2027 2409/3606/3606 2415/3618/3618 1434/2025/2025 
f 1436/2029/2029 2406/3600/3600 2409/3606/3606 1435/2027/2027 
f 1437/2031/2031 2407/3602/3602 2406/3600/3600 1436/2029/2029 
f 197/220/220 2408/3604/3604 2407/3602/3602 1437/2031/2031 
f 2431/3650/3650 2442/3673/3673 2443/3674/3674 
f 2429/3646/3646 2428/3644/3644 2407/3603/3603 2408/3605/3605 
f 2428/3644/3644 2427/3642/3642 2406/3601/3601 2407/3603/3603 
f 2427/3642/3642 2430/3648/3648 2409/3607/3607 2406/3601/3601 
f 2430/3648/3648 2436/3660/3660 2415/3619/3619 2409/3607/3607 
f 2436/3660/3660 2435/3658/3658 2414/3617/3617 2415/3619/3619 
f 2435/3658/3658 2434/3656/3656 2413/3615/3615 2414/3617/3617 
f 2434/3656/3656 2433/3654/3654 2412/3613/3613 2413/3615/3615 
f 2433/3654/3654 2432/3653/3653 2411/3611/3611 2412/3613/3613 
f 2437/3662/3662 2404/3594/3594 2401/3587/3587 2416/3621/3621 
f 2438/3664/3664 2437/3662/3662 2416/3621/3621 2417/3623/3623 
f 2439/3666/3666 2438/3664/3664 2417/3623/3623 2418/3625/3625 
f 2440/3668/3668 2439/3666/3666 2418/3625/3625 2419/3627/3627 
f 2441/3670/3670 2440/3668/3668 2419/3627/3627 2420/3629/3629 
f 2442/3672/3672 2441/3670/3670 2420/3629/3629 2421/3631/3631 
f 2443/3675/3675 2442/3672/3672 2421/3631/3631 2422/3633/3633 
f 2431/3650/3650 2432/3652/3652 1439/2033/2033 
f 2432/3652/3652 2433/3655/3655 1439/2033/2033 
f 2434/3657/3657 2435/3659/3659 1440/2034/2034 
f 2435/3659/3659 2436/3661/3661 1440/2034/2034 
f 2436/3661/3661 2430/3649/3649 1441/2035/2035 1440/2034/2034 
f 2430/3649/3649 2427/3643/3643 1442/2036/2036 1441/2035/2035 
f 1443/2037/2037 1442/2036/2036 2427/3643/3643 2428/3645/3645 
f 252/281/281 1443/2037/2037 2428/3645/3645 2429/3647/3647 
f 1439/2033/2033 2433/3655/3655 2434/3657/3657 1440/2034/2034 
f 2441/3671/3671 2442/3673/3673 1439/2033/2033 
f 2440/3669/3669 2441/3671/3671 1439/2033/2033 
f 1439/2033/2033 2439/3667/3667 2440/3669/3669 
f 1439/2033/2033 2438/3665/3665 2439/3667/3667 
f 1439/2033/2033 2442/3673/3673 2431/3650/3650 
f 1439/2033/2033 1438/2032/2032 2438/3665/3665 
f 2404/3596/3596 2437/3663/3663 1438/2032/2032 
f 2437/3663/3663 2438/3665/3665 1438/2032/2032 
f 282/312/312 283/313/313 277/307/307 276/306/306 
f 2451/3690/3690 2470/3728/3728 2469/3726/3726 
f 2469/3726/3726 2468/3724/3724 2452/3692/3692 
f 2451/3690/3690 2469/3726/3726 2452/3692/3692 
f 2465/3718/3718 2464/3716/3716 2452/3692/3692 
f 2466/3720/3720 2465/3718/3718 2452/3692/3692 
f 2452/3692/3692 2467/3722/3722 2466/3720/3720 
f 2467/3722/3722 2452/3692/3692 2468/3724/3724 
f 2459/3706/3706 2458/3704/3704 246/270/270 
f 2460/3708/3708 2459/3706/3706 246/270/270 
f 444/481/481 2461/3710/3710 2460/3708/3708 
f 444/481/481 2462/3712/3712 2461/3710/3710 
f 444/481/481 2464/3716/3716 2463/3714/3714 
f 444/481/481 2452/3692/3692 2464/3716/3716 
f 246/270/270 444/481/481 2460/3708/3708 
f 2463/3714/3714 2462/3712/3712 444/481/481 
f 444/481/481 2453/3694/3694 2452/3692/3692 
f 444/481/481 2454/3696/3696 2453/3694/3694 
f 445/483/483 2456/3700/3700 2455/3698/3698 
f 445/483/483 2457/3702/3702 2456/3700/3700 
f 2455/3698/3698 2454/3696/3696 444/481/481 445/483/483 
f 446/485/485 2450/3688/3688 2457/3702/3702 445/483/483 
f 447/487/487 2448/3684/3684 2450/3688/3688 446/485/485 
f 448/489/489 2449/3686/3686 2448/3684/3684 447/487/487 
f 358/389/389 2360/3504/3504 2449/3686/3686 448/489/489 
f 2492/3772/3772 2493/3774/3774 2474/3736/3736 
f 2475/3738/3738 2491/3770/3770 2492/3772/3772 
f 2475/3738/3738 2492/3772/3772 2474/3736/3736 
f 2475/3738/3738 2487/3763/3763 2488/3764/3764 
f 2475/3738/3738 2488/3764/3764 2489/3766/3766 
f 2489/3766/3766 2490/3768/3768 2475/3738/3738 
f 2491/3770/3770 2475/3738/3738 2490/3768/3768 
f 2381/3546/3546 2472/3732/3732 2449/3687/3687 2360/3505/3505 
f 2472/3732/3732 2471/3730/3730 2448/3685/3685 2449/3687/3687 
f 2471/3730/3730 2473/3734/3734 2450/3689/3689 2448/3685/3685 
f 2473/3734/3734 2480/3748/3748 2457/3703/3703 2450/3689/3689 
f 2480/3748/3748 2479/3746/3746 2456/3701/3701 2457/3703/3703 
f 2479/3746/3746 2478/3744/3744 2455/3699/3699 2456/3701/3701 
f 2478/3744/3744 2477/3742/3742 2454/3697/3697 2455/3699/3699 
f 2477/3742/3742 2476/3740/3740 2453/3695/3695 2454/3697/3697 
f 2476/3740/3740 2475/3739/3739 2452/3693/3693 2453/3695/3695 
f 2475/3739/3739 2474/3737/3737 2451/3691/3691 2452/3693/3693 
f 2482/3752/3752 2481/3750/3750 2458/3705/3705 2459/3707/3707 
f 2483/3754/3754 2482/3752/3752 2459/3707/3707 2460/3709/3709 
f 2484/3756/3756 2483/3754/3754 2460/3709/3709 2461/3711/3711 
f 2485/3758/3758 2484/3756/3756 2461/3711/3711 2462/3713/3713 
f 2486/3760/3760 2485/3758/3758 2462/3713/3713 2463/3715/3715 
f 2487/3762/3762 2486/3760/3760 2463/3715/3715 2464/3717/3717 
f 2488/3765/3765 2487/3762/3762 2464/3717/3717 2465/3719/3719 
f 2489/3767/3767 2488/3765/3765 2465/3719/3719 2466/3721/3721 
f 2490/3769/3769 2489/3767/3767 2466/3721/3721 2467/3723/3723 
f 2491/3771/3771 2490/3769/3769 2467/3723/3723 2468/3725/3725 
f 2492/3773/3773 2491/3771/3771 2468/3725/3725 2469/3727/3727 
f 2493/3775/3775 2492/3773/3773 2469/3727/3727 2470/3729/3729 
f 2475/3738/3738 2476/3741/3741 466/507/507 
f 2476/3741/3741 2477/3743/3743 466/507/507 
f 2478/3745/3745 2479/3747/3747 467/508/508 
f 2479/3747/3747 2480/3749/3749 467/508/508 
f 2480/3749/3749 2473/3735/3735 468/509/509 467/508/508 
f 2473/3735/3735 2471/3731/3731 469/510/510 468/509/509 
f 469/510/510 2471/3731/3731 2472/3733/3733 470/511/511 
f 470/511/511 2472/3733/3733 2381/3547/3547 449/490/490 
f 466/507/507 2477/3743/3743 2478/3745/3745 467/508/508 
f 2486/3761/3761 2487/3763/3763 466/507/507 
f 2485/3759/3759 2486/3761/3761 466/507/507 
f 466/507/507 2484/3757/3757 2485/3759/3759 
f 466/507/507 2483/3755/3755 2484/3757/3757 
f 466/507/507 2487/3763/3763 2475/3738/3738 
f 466/507/507 264/293/293 2483/3755/3755 
f 2481/3751/3751 2482/3753/3753 264/293/293 
f 2482/3753/3753 2483/3755/3755 264/293/293 
f 2513/3814/3814 2470/3728/3728 2451/3690/3690 
f 2497/3782/3782 2512/3812/3812 2513/3814/3814 
f 2497/3782/3782 2513/3814/3814 2451/3690/3690 
f 2497/3782/3782 2508/3804/3804 2509/3806/3806 
f 2497/3782/3782 2509/3806/3806 2510/3808/3808 
f 2510/3808/3808 2511/3810/3810 2497/3782/3782 
f 2512/3812/3812 2497/3782/3782 2511/3810/3810 
f 246/270/270 2458/3704/3704 2503/3794/3794 
f 246/270/270 2503/3794/3794 2504/3796/3796 
f 2504/3796/3796 2505/3798/3798 247/272/272 
f 2505/3798/3798 2506/3800/3800 247/272/272 
f 2507/3802/3802 2508/3804/3804 247/272/272 
f 2508/3804/3804 2497/3782/3782 247/272/272 
f 2504/3796/3796 247/272/272 246/270/270 
f 247/272/272 2506/3800/3800 2507/3802/3802 
f 2497/3782/3782 2498/3784/3784 247/272/272 
f 2498/3784/3784 2499/3786/3786 247/272/272 
f 2500/3788/3788 2501/3790/3790 248/274/274 
f 2501/3790/3790 2502/3792/3792 248/274/274 
f 2500/3788/3788 248/274/274 247/272/272 2499/3786/3786 
f 249/276/276 248/274/274 2502/3792/3792 2496/3780/3780 
f 250/278/278 249/276/276 2496/3780/3780 2494/3776/3776 
f 2494/3776/3776 2495/3778/3778 251/280/280 250/278/278 
f 2495/3778/3778 2408/3604/3604 197/220/220 251/280/280 
f 2474/3736/3736 2493/3774/3774 2533/3854/3854 
f 2533/3854/3854 2532/3852/3852 2517/3822/3822 
f 2474/3736/3736 2533/3854/3854 2517/3822/3822 
f 2529/3846/3846 2528/3845/3845 2517/3822/3822 
f 2530/3848/3848 2529/3846/3846 2517/3822/3822 
f 2517/3822/3822 2531/3850/3850 2530/3848/3848 
f 2531/3850/3850 2517/3822/3822 2532/3852/3852 
f 2515/3818/3818 2429/3646/3646 2408/3605/3605 2495/3779/3779 
f 2514/3816/3816 2515/3818/3818 2495/3779/3779 2494/3777/3777 
f 2516/3820/3820 2514/3816/3816 2494/3777/3777 2496/3781/3781 
f 2522/3832/3832 2516/3820/3820 2496/3781/3781 2502/3793/3793 
f 2521/3830/3830 2522/3832/3832 2502/3793/3793 2501/3791/3791 
f 2520/3828/3828 2521/3830/3830 2501/3791/3791 2500/3789/3789 
f 2519/3826/3826 2520/3828/3828 2500/3789/3789 2499/3787/3787 
f 2518/3824/3824 2519/3826/3826 2499/3787/3787 2498/3785/3785 
f 2517/3823/3823 2518/3824/3824 2498/3785/3785 2497/3783/3783 
f 2474/3737/3737 2517/3823/3823 2497/3783/3783 2451/3691/3691 
f 2481/3750/3750 2523/3834/3834 2503/3795/3795 2458/3705/3705 
f 2523/3834/3834 2524/3836/3836 2504/3797/3797 2503/3795/3795 
f 2524/3836/3836 2525/3838/3838 2505/3799/3799 2504/3797/3797 
f 2525/3838/3838 2526/3840/3840 2506/3801/3801 2505/3799/3799 
f 2526/3840/3840 2527/3842/3842 2507/3803/3803 2506/3801/3801 
f 2527/3842/3842 2528/3844/3844 2508/3805/3805 2507/3803/3803 
f 2528/3844/3844 2529/3847/3847 2509/3807/3807 2508/3805/3805 
f 2529/3847/3847 2530/3849/3849 2510/3809/3809 2509/3807/3807 
f 2530/3849/3849 2531/3851/3851 2511/3811/3811 2510/3809/3809 
f 2531/3851/3851 2532/3853/3853 2512/3813/3813 2511/3811/3811 
f 2532/3853/3853 2533/3855/3855 2513/3815/3815 2512/3813/3813 
f 2533/3855/3855 2493/3775/3775 2470/3729/3729 2513/3815/3815 
f 265/294/294 2518/3825/3825 2517/3822/3822 
f 265/294/294 2519/3827/3827 2518/3825/3825 
f 266/295/295 2521/3831/3831 2520/3829/3829 
f 266/295/295 2522/3833/3833 2521/3831/3831 
f 2522/3833/3833 266/295/295 267/296/296 2516/3821/3821 
f 2516/3821/3821 267/296/296 268/297/297 2514/3817/3817 
f 2514/3817/3817 268/297/297 269/298/298 2515/3819/3819 
f 2515/3819/3819 269/298/298 252/281/281 2429/3647/3647 
f 265/294/294 266/295/295 2520/3829/3829 2519/3827/3827 
f 265/294/294 2528/3845/3845 2527/3843/3843 
f 265/294/294 2527/3843/3843 2526/3841/3841 
f 2526/3841/3841 2525/3839/3839 265/294/294 
f 2525/3839/3839 2524/3837/3837 265/294/294 
f 2517/3822/3822 2528/3845/3845 265/294/294 
f 2524/3837/3837 264/293/293 265/294/294 
f 264/293/293 2523/3835/3835 2481/3751/3751 
f 264/293/293 2524/3837/3837 2523/3835/3835 
f 95/117/117 96/118/118 102/124/124 101/123/123 
f 101/123/123 102/124/124 108/130/130 107/129/129 
f 71/89/89 2546/3880/3880 2545/3878/3878 
f 71/89/89 2547/3882/3882 2546/3880/3880 
f 71/89/89 2549/3886/3886 2548/3884/3884 
f 71/89/89 2538/3864/3864 2549/3886/3886 
f 70/87/87 71/89/89 2545/3878/3878 
f 2548/3884/3884 2547/3882/3882 71/89/89 
f 71/89/89 2539/3866/3866 2538/3864/3864 
f 71/89/89 2540/3868/3868 2539/3866/3866 
f 72/91/91 2542/3872/3872 2541/3870/3870 
f 72/91/91 2543/3874/3874 2542/3872/3872 
f 2540/3868/3868 71/89/89 72/91/91 2541/3870/3870 
f 2537/3862/3862 2543/3874/3874 72/91/91 73/93/93 
f 2534/3856/3856 2537/3862/3862 73/93/93 74/95/95 
f 74/95/95 75/97/97 2535/3858/3858 2534/3856/3856 
f 75/97/97 21/37/37 2536/3860/3860 2535/3858/3858 
f 2535/3859/3859 2536/3861/3861 2557/3902/3902 2556/3900/3900 
f 2534/3857/3857 2535/3859/3859 2556/3900/3900 2555/3898/3898 
f 2537/3863/3863 2534/3857/3857 2555/3898/3898 2558/3904/3904 
f 2543/3875/3875 2537/3863/3863 2558/3904/3904 2564/3916/3916 
f 2542/3873/3873 2543/3875/3875 2564/3916/3916 2563/3914/3914 
f 2541/3871/3871 2542/3873/3873 2563/3914/3914 2562/3912/3912 
f 2540/3869/3869 2541/3871/3871 2562/3912/3912 2561/3910/3910 
f 2539/3867/3867 2540/3869/3869 2561/3910/3910 2560/3908/3908 
f 2538/3865/3865 2539/3867/3867 2560/3908/3908 2559/3907/3907 
f 2559/3906/3906 2560/3909/3909 90/112/112 
f 2560/3909/3909 2561/3911/3911 90/112/112 
f 2562/3913/3913 2563/3915/3915 91/113/113 
f 2563/3915/3915 2564/3917/3917 91/113/113 
f 2558/3905/3905 92/114/114 91/113/113 2564/3917/3917 
f 2555/3899/3899 93/115/115 92/114/114 2558/3905/3905 
f 2556/3901/3901 94/116/116 93/115/115 2555/3899/3899 
f 2557/3903/3903 76/98/98 94/116/116 2556/3901/3901 
f 2561/3911/3911 2562/3913/3913 91/113/113 90/112/112 
f 2569/3926/3926 2570/3928/3928 90/112/112 
f 2568/3924/3924 2569/3926/3926 90/112/112 
f 90/112/112 2567/3922/3922 2568/3924/3924 
f 90/112/112 2566/3920/3920 2567/3922/3922 
f 90/112/112 2570/3928/3928 2559/3906/3906 
f 90/112/112 89/111/111 2566/3920/3920 
f 1432/2021/2021 2401/3586/3586 2586/3960/3960 
f 1432/2021/2021 2586/3960/3960 2587/3962/3962 
f 2587/3962/3962 2588/3964/3964 1616/2218/2218 
f 2588/3964/3964 2589/3966/3966 1616/2218/2218 
f 2590/3968/3968 2591/3970/3970 1616/2218/2218 
f 2591/3970/3970 2580/3948/3948 1616/2218/2218 
f 2587/3962/3962 1616/2218/2218 1432/2021/2021 
f 1616/2218/2218 2589/3966/3966 2590/3968/3968 
f 2580/3948/3948 2581/3950/3950 1616/2218/2218 
f 2581/3950/3950 2582/3952/3952 1616/2218/2218 
f 2583/3954/3954 2584/3956/3956 1617/2220/2220 
f 2584/3956/3956 2585/3958/3958 1617/2220/2220 
f 1617/2220/2220 1616/2218/2218 2582/3952/3952 2583/3954/3954 
f 1617/2220/2220 2585/3958/3958 2579/3946/3946 1618/2222/2222 
f 1618/2222/2222 2579/3946/3946 2576/3940/3940 1619/2224/2224 
f 1619/2224/2224 2576/3940/3940 2577/3942/3942 1620/2226/2226 
f 1620/2226/2226 2577/3942/3942 2578/3944/3944 1530/2126/2126 
f 2578/3945/3945 2577/3943/3943 2598/3984/3984 2599/3986/3986 
f 2577/3943/3943 2576/3941/3941 2597/3982/3982 2598/3984/3984 
f 2576/3941/3941 2579/3947/3947 2600/3988/3988 2597/3982/3982 
f 2579/3947/3947 2585/3959/3959 2606/4000/4000 2600/3988/3988 
f 2585/3959/3959 2584/3957/3957 2605/3998/3998 2606/4000/4000 
f 2584/3957/3957 2583/3955/3955 2604/3996/3996 2605/3998/3998 
f 2583/3955/3955 2582/3953/3953 2603/3994/3994 2604/3996/3996 
f 2582/3953/3953 2581/3951/3951 2602/3992/3992 2603/3994/3994 
f 2581/3951/3951 2580/3949/3949 2601/3991/3991 2602/3992/3992 
f 2586/3961/3961 2401/3588/3588 2404/3595/3595 2607/4002/4002 
f 2587/3963/3963 2586/3961/3961 2607/4002/4002 2608/4004/4004 
f 2588/3965/3965 2587/3963/3963 2608/4004/4004 2609/4006/4006 
f 2589/3967/3967 2588/3965/3965 2609/4006/4006 2610/4008/4008 
f 2590/3969/3969 2589/3967/3967 2610/4008/4008 2611/4010/4010 
f 2591/3971/3971 2590/3969/3969 2611/4010/4010 2612/4012/4012 
f 1638/2245/2245 2602/3993/3993 2601/3990/3990 
f 1638/2245/2245 2603/3995/3995 2602/3993/3993 
f 1639/2246/2246 2605/3999/3999 2604/3997/3997 
f 1639/2246/2246 2606/4001/4001 2605/3999/3999 
f 1639/2246/2246 1640/2247/2247 2600/3989/3989 2606/4001/4001 
f 1640/2247/2247 1641/2248/2248 2597/3983/3983 2600/3989/3989 
f 2598/3985/3985 2597/3983/3983 1641/2248/2248 1642/2249/2249 
f 2599/3987/3987 2598/3985/3985 1642/2249/2249 1621/2227/2227 
f 1639/2246/2246 2604/3997/3997 2603/3995/3995 1638/2245/2245 
f 1638/2245/2245 2612/4013/4013 2611/4011/4011 
f 1638/2245/2245 2611/4011/4011 2610/4009/4009 
f 2610/4009/4009 2609/4007/4007 1638/2245/2245 
f 2609/4007/4007 2608/4005/4005 1638/2245/2245 
f 2601/3990/3990 2612/4013/4013 1638/2245/2245 
f 2608/4005/4005 1438/2032/2032 1638/2245/2245 
f 1438/2032/2032 2607/4003/4003 2404/3596/3596 
f 1438/2032/2032 2608/4005/4005 2607/4003/4003 
f 1300/1888/1888 1657/2264/2264 1667/2274/2274 1306/1894/1894 
f 2639/4066/4066 2640/4068/4068 2621/4030/4030 
f 2622/4032/4032 2638/4064/4064 2639/4066/4066 
f 2622/4032/4032 2639/4066/4066 2621/4030/4030 
f 2622/4032/4032 2634/4056/4056 2635/4058/4058 
f 2622/4032/4032 2635/4058/4058 2636/4060/4060 
f 2636/4060/4060 2637/4062/4062 2622/4032/4032 
f 2638/4064/4064 2622/4032/4032 2637/4062/4062 
f 1282/1864/1864 2628/4044/4044 2629/4046/4046 
f 1282/1864/1864 2629/4046/4046 2630/4048/4048 
f 2630/4048/4048 2631/4050/4050 1283/1866/1866 
f 2631/4050/4050 2632/4052/4052 1283/1866/1866 
f 2633/4054/4054 2634/4056/4056 1283/1866/1866 
f 2634/4056/4056 2622/4032/4032 1283/1866/1866 
f 2630/4048/4048 1283/1866/1866 1282/1864/1864 
f 1283/1866/1866 2632/4052/4052 2633/4054/4054 
f 2622/4032/4032 2623/4034/4034 1283/1866/1866 
f 2623/4034/4034 2624/4036/4036 1283/1866/1866 
f 2625/4038/4038 2626/4040/4040 1284/1868/1868 
f 2626/4040/4040 2627/4042/4042 1284/1868/1868 
f 1284/1868/1868 1283/1866/1866 2624/4036/4036 2625/4038/4038 
f 1284/1868/1868 2627/4042/4042 2620/4028/4028 1285/1870/1870 
f 1285/1870/1870 2620/4028/4028 2618/4024/4024 1286/1872/1872 
f 1286/1872/1872 2618/4024/4024 2619/4026/4026 1287/1874/1874 
f 1287/1874/1874 2619/4026/4026 2536/3860/3860 21/37/37 
f 2644/4076/4076 2663/4114/4114 2662/4112/4112 
f 2662/4112/4112 2661/4110/4110 2645/4078/4078 
f 2644/4076/4076 2662/4112/4112 2645/4078/4078 
f 2658/4104/4104 2657/4103/4103 2645/4078/4078 
f 2659/4106/4106 2658/4104/4104 2645/4078/4078 
f 2645/4078/4078 2660/4108/4108 2659/4106/4106 
f 2660/4108/4108 2645/4078/4078 2661/4110/4110 
f 2536/3861/3861 2619/4027/4027 2642/4072/4072 2557/3902/3902 
f 2619/4027/4027 2618/4025/4025 2641/4070/4070 2642/4072/4072 
f 2618/4025/4025 2620/4029/4029 2643/4074/4074 2641/4070/4070 
f 2620/4029/4029 2627/4043/4043 2650/4088/4088 2643/4074/4074 
f 2627/4043/4043 2626/4041/4041 2649/4086/4086 2650/4088/4088 
f 2626/4041/4041 2625/4039/4039 2648/4084/4084 2649/4086/4086 
f 2625/4039/4039 2624/4037/4037 2647/4082/4082 2648/4084/4084 
f 2624/4037/4037 2623/4035/4035 2646/4080/4080 2647/4082/4082 
f 2623/4035/4035 2622/4033/4033 2645/4079/4079 2646/4080/4080 
f 2622/4033/4033 2621/4031/4031 2644/4077/4077 2645/4079/4079 
f 2629/4047/4047 2628/4045/4045 2651/4090/4090 2652/4092/4092 
f 2630/4049/4049 2629/4047/4047 2652/4092/4092 2653/4094/4094 
f 2631/4051/4051 2630/4049/4049 2653/4094/4094 2654/4096/4096 
f 2632/4053/4053 2631/4051/4051 2654/4096/4096 2655/4098/4098 
f 2633/4055/4055 2632/4053/4053 2655/4098/4098 2656/4100/4100 
f 2634/4057/4057 2633/4055/4055 2656/4100/4100 2657/4102/4102 
f 2635/4059/4059 2634/4057/4057 2657/4102/4102 2658/4105/4105 
f 2636/4061/4061 2635/4059/4059 2658/4105/4105 2659/4107/4107 
f 2637/4063/4063 2636/4061/4061 2659/4107/4107 2660/4109/4109 
f 2638/4065/4065 2637/4063/4063 2660/4109/4109 2661/4111/4111 
f 2639/4067/4067 2638/4065/4065 2661/4111/4111 2662/4113/4113 
f 2640/4069/4069 2639/4067/4067 2662/4113/4113 2663/4115/4115 
f 1289/1876/1876 2646/4081/4081 2645/4078/4078 
f 1289/1876/1876 2647/4083/4083 2646/4081/4081 
f 1290/1877/1877 2649/4087/4087 2648/4085/4085 
f 1290/1877/1877 2650/4089/4089 2649/4087/4087 
f 1290/1877/1877 1291/1878/1878 2643/4075/4075 2650/4089/4089 
f 1291/1878/1878 1292/1879/1879 2641/4071/4071 2643/4075/4075 
f 1293/1880/1880 2642/4073/4073 2641/4071/4071 1292/1879/1879 
f 76/98/98 2557/3903/3903 2642/4073/4073 1293/1880/1880 
f 1290/1877/1877 2648/4085/4085 2647/4083/4083 1289/1876/1876 
f 1289/1876/1876 2657/4103/4103 2656/4101/4101 
f 1289/1876/1876 2656/4101/4101 2655/4099/4099 
f 2655/4099/4099 2654/4097/4097 1289/1876/1876 
f 2654/4097/4097 2653/4095/4095 1289/1876/1876 
f 2645/4078/4078 2657/4103/4103 1289/1876/1876 
f 2653/4095/4095 1288/1875/1875 1289/1876/1876 
f 1288/1875/1875 2652/4093/4093 2651/4091/4091 
f 1288/1875/1875 2653/4095/4095 2652/4093/4093 
f 2621/4030/4030 2640/4068/4068 2683/4154/4154 
f 2683/4154/4154 2682/4152/4152 2667/4122/4122 
f 2621/4030/4030 2683/4154/4154 2667/4122/4122 
f 2679/4146/4146 2678/4144/4144 2667/4122/4122 
f 2680/4148/4148 2679/4146/4146 2667/4122/4122 
f 2667/4122/4122 2681/4150/4150 2680/4148/4148 
f 2681/4150/4150 2667/4122/4122 2682/4152/4152 
f 2673/4134/4134 2628/4044/4044 1282/1864/1864 
f 2674/4136/4136 2673/4134/4134 1282/1864/1864 
f 1615/2216/2216 2675/4138/4138 2674/4136/4136 
f 1615/2216/2216 2676/4140/4140 2675/4138/4138 
f 1615/2216/2216 2678/4144/4144 2677/4142/4142 
f 1615/2216/2216 2667/4122/4122 2678/4144/4144 
f 1282/1864/1864 1615/2216/2216 2674/4136/4136 
f 2677/4142/4142 2676/4140/4140 1615/2216/2216 
f 1615/2216/2216 2668/4124/4124 2667/4122/4122 
f 1615/2216/2216 2669/4126/4126 2668/4124/4124 
f 1614/2214/2214 2671/4130/4130 2670/4128/4128 
f 1614/2214/2214 2672/4132/4132 2671/4130/4130 
f 2669/4126/4126 1615/2216/2216 1614/2214/2214 2670/4128/4128 
f 2666/4120/4120 2672/4132/4132 1614/2214/2214 1613/2212/2212 
f 2664/4116/4116 2666/4120/4120 1613/2212/2212 1612/2210/2210 
f 1612/2210/2210 1611/2208/2208 2665/4118/4118 2664/4116/4116 
f 1611/2208/2208 1530/2126/2126 2578/3944/3944 2665/4118/4118 
f 2703/4194/4194 2663/4114/4114 2644/4076/4076 
f 2687/4162/4162 2702/4192/4192 2703/4194/4194 
f 2687/4162/4162 2703/4194/4194 2644/4076/4076 
f 2687/4162/4162 2698/4185/4185 2699/4186/4186 
f 2687/4162/4162 2699/4186/4186 2700/4188/4188 
f 2700/4188/4188 2701/4190/4190 2687/4162/4162 
f 2702/4192/4192 2687/4162/4162 2701/4190/4190 
f 2665/4119/4119 2578/3945/3945 2599/3986/3986 2685/4158/4158 
f 2664/4117/4117 2665/4119/4119 2685/4158/4158 2684/4156/4156 
f 2666/4121/4121 2664/4117/4117 2684/4156/4156 2686/4160/4160 
f 2672/4133/4133 2666/4121/4121 2686/4160/4160 2692/4172/4172 
f 2671/4131/4131 2672/4133/4133 2692/4172/4172 2691/4170/4170 
f 2670/4129/4129 2671/4131/4131 2691/4170/4170 2690/4168/4168 
f 2669/4127/4127 2670/4129/4129 2690/4168/4168 2689/4166/4166 
f 2668/4125/4125 2669/4127/4127 2689/4166/4166 2688/4164/4164 
f 2667/4123/4123 2668/4125/4125 2688/4164/4164 2687/4163/4163 
f 2621/4031/4031 2667/4123/4123 2687/4163/4163 2644/4077/4077 
f 2628/4045/4045 2673/4135/4135 2693/4174/4174 2651/4090/4090 
f 2673/4135/4135 2674/4137/4137 2694/4176/4176 2693/4174/4174 
f 2674/4137/4137 2675/4139/4139 2695/4178/4178 2694/4176/4176 
f 2675/4139/4139 2676/4141/4141 2696/4180/4180 2695/4178/4178 
f 2676/4141/4141 2677/4143/4143 2697/4182/4182 2696/4180/4180 
f 2677/4143/4143 2678/4145/4145 2698/4184/4184 2697/4182/4182 
f 2678/4145/4145 2679/4147/4147 2699/4187/4187 2698/4184/4184 
f 2679/4147/4147 2680/4149/4149 2700/4189/4189 2699/4187/4187 
f 2680/4149/4149 2681/4151/4151 2701/4191/4191 2700/4189/4189 
f 2681/4151/4151 2682/4153/4153 2702/4193/4193 2701/4191/4191 
f 2682/4153/4153 2683/4155/4155 2703/4195/4195 2702/4193/4193 
f 2683/4155/4155 2640/4069/4069 2663/4115/4115 2703/4195/4195 
f 2687/4162/4162 2688/4165/4165 1637/2244/2244 
f 2688/4165/4165 2689/4167/4167 1637/2244/2244 
f 2690/4169/4169 2691/4171/4171 1636/2243/2243 
f 2691/4171/4171 2692/4173/4173 1636/2243/2243 
f 2686/4161/4161 1635/2242/2242 1636/2243/2243 2692/4173/4173 
f 2684/4157/4157 1634/2241/2241 1635/2242/2242 2686/4161/4161 
f 2685/4159/4159 1633/2240/2240 1634/2241/2241 2684/4157/4157 
f 2599/3987/3987 1621/2227/2227 1633/2240/2240 2685/4159/4159 
f 2689/4167/4167 2690/4169/4169 1636/2243/2243 1637/2244/2244 
f 2697/4183/4183 2698/4185/4185 1637/2244/2244 
f 2696/4181/4181 2697/4183/4183 1637/2244/2244 
f 1637/2244/2244 2695/4179/4179 2696/4181/4181 
f 1637/2244/2244 2694/4177/4177 2695/4179/4179 
f 1637/2244/2244 2698/4185/4185 2687/4162/4162 
f 1637/2244/2244 1288/1875/1875 2694/4177/4177 
f 2651/4091/4091 2693/4175/4175 1288/1875/1875 
f 2693/4175/4175 2694/4177/4177 1288/1875/1875 
f 443/479/479 70/87/87 2369/3522/3522 
f 89/111/111 465/506/506 2390/3564/3564 
f 2378/3540/3540 2354/3489/3489 2352/3485/3485 
f 70/87/87 2353/3486/3486 2368/3520/3520 
f 2355/3493/3493 2357/3497/3497 2399/3582/3582 
f 2389/3562/3562 2356/3496/3496 89/111/111 
f 2352/3485/3485 2362/3508/3508 2378/3540/3540 
f 2362/3508/3508 2363/3510/3510 443/479/479 
f 2368/3520/3520 2369/3522/3522 70/87/87 
f 2369/3522/3522 2370/3524/3524 443/479/479 
f 2370/3524/3524 2371/3526/3526 443/479/479 
f 2371/3526/3526 2372/3528/3528 443/479/479 
f 2372/3528/3528 2373/3530/3530 443/479/479 
f 2373/3530/3530 2374/3532/3532 2362/3508/3508 
f 2374/3532/3532 2375/3534/3534 2362/3508/3508 
f 2375/3534/3534 2376/3536/3536 2362/3508/3508 
f 2376/3536/3536 2377/3538/3538 2362/3508/3508 
f 2377/3538/3538 2378/3540/3540 2362/3508/3508 
f 2373/3530/3530 2362/3508/3508 443/479/479 
f 2399/3582/3582 2383/3550/3550 2355/3493/3493 
f 465/506/506 2384/3552/3552 2383/3550/3550 
f 89/111/111 2390/3564/3564 2389/3562/3562 
f 465/506/506 2391/3566/3566 2390/3564/3564 
f 465/506/506 2392/3568/3568 2391/3566/3566 
f 465/506/506 2393/3570/3570 2392/3568/3568 
f 465/506/506 2394/3572/3572 2393/3570/3570 
f 2383/3550/3550 2395/3574/3574 2394/3572/3572 
f 2383/3550/3550 2396/3576/3576 2395/3574/3574 
f 2383/3550/3550 2397/3578/3578 2396/3576/3576 
f 2383/3550/3550 2398/3580/3580 2397/3578/3578 
f 2383/3550/3550 2399/3582/3582 2398/3580/3580 
f 2383/3550/3550 2394/3572/3572 465/506/506 
f 2554/3896/3896 2538/3864/3864 2352/3485/3485 
f 70/87/87 2544/3876/3876 2353/3486/3486 
f 70/87/87 2545/3878/3878 2544/3876/3876 
f 2538/3864/3864 2550/3888/3888 2549/3886/3886 
f 2538/3864/3864 2551/3890/3890 2550/3888/3888 
f 2538/3864/3864 2552/3892/3892 2551/3890/3890 
f 2538/3864/3864 2553/3894/3894 2552/3892/3892 
f 2538/3864/3864 2554/3896/3896 2553/3894/3894 
f 2352/3485/3485 2354/3489/3489 2554/3896/3896 
f 2355/3493/3493 2559/3906/3906 2575/3938/3938 
f 2356/3496/3496 2565/3918/3918 89/111/111 
f 2565/3918/3918 2566/3920/3920 89/111/111 
f 2570/3928/3928 2571/3930/3930 2559/3906/3906 
f 2571/3930/3930 2572/3932/3932 2559/3906/3906 
f 2572/3932/3932 2573/3934/3934 2559/3906/3906 
f 2573/3934/3934 2574/3936/3936 2559/3906/3906 
f 2574/3936/3936 2575/3938/3938 2559/3906/3906 
f 2575/3938/3938 2357/3497/3497 2355/3493/3493 
f 2383/3551/3551 2362/3509/3509 2352/3484/3484 2355/3492/3492 
f 2353/3487/3487 2356/3494/3494 2389/3563/3563 2368/3521/3521 
f 2357/3498/3498 2354/3490/3490 2378/3541/3541 2399/3583/3583 
f 2389/3563/3563 2390/3565/3565 2369/3523/3523 2368/3521/3521 
f 2390/3565/3565 2391/3567/3567 2370/3525/3525 2369/3523/3523 
f 2391/3567/3567 2392/3569/3569 2371/3527/3527 2370/3525/3525 
f 2392/3569/3569 2393/3571/3571 2372/3529/3529 2371/3527/3527 
f 2393/3571/3571 2394/3573/3573 2373/3531/3531 2372/3529/3529 
f 2394/3573/3573 2395/3575/3575 2374/3533/3533 2373/3531/3531 
f 2395/3575/3575 2396/3577/3577 2375/3535/3535 2374/3533/3533 
f 2396/3577/3577 2397/3579/3579 2376/3537/3537 2375/3535/3535 
f 2397/3579/3579 2398/3581/3581 2377/3539/3539 2376/3537/3537 
f 2353/3488/3488 2544/3877/3877 2565/3919/3919 2356/3495/3495 
f 2544/3877/3877 2545/3879/3879 2566/3921/3921 2565/3919/3919 
f 2545/3879/3879 2546/3881/3881 2567/3923/3923 2566/3921/3921 
f 2546/3881/3881 2547/3883/3883 2568/3925/3925 2567/3923/3923 
f 2547/3883/3883 2548/3885/3885 2569/3927/3927 2568/3925/3925 
f 2548/3885/3885 2549/3887/3887 2570/3929/3929 2569/3927/3927 
f 2549/3887/3887 2550/3889/3889 2571/3931/3931 2570/3929/3929 
f 2550/3889/3889 2551/3891/3891 2572/3933/3933 2571/3931/3931 
f 2551/3891/3891 2552/3893/3893 2573/3935/3935 2572/3933/3933 
f 2552/3893/3893 2553/3895/3895 2574/3937/3937 2573/3935/3935 
f 2553/3895/3895 2554/3897/3897 2575/3939/3939 2574/3937/3937 
f 2355/3492/3492 2352/3484/3484 2538/3865/3865 2559/3907/3907 
f 2575/3939/3939 2554/3897/3897 2354/3491/3491 2357/3499/3499 
f 2383/3551/3551 2384/3553/3553 2363/3511/3511 2362/3509/3509 
f 2398/3581/3581 2399/3583/3583 2378/3541/3541 2377/3539/3539 
f 2400/3585/3585 2402/3589/3589 2426/3640/3640 
f 2447/3682/3682 2405/3597/3597 2403/3593/3593 
f 2426/3640/3640 2410/3608/3608 2400/3585/3585 
f 2410/3608/3608 2423/3634/3634 2422/3632/3632 
f 2410/3608/3608 2424/3636/3636 2423/3634/3634 
f 2410/3608/3608 2425/3638/3638 2424/3636/3636 
f 2410/3608/3608 2426/3640/3640 2425/3638/3638 
f 2403/3593/3593 2431/3650/3650 2447/3682/3682 
f 2443/3674/3674 2444/3676/3676 2431/3650/3650 
f 2444/3676/3676 2445/3678/3678 2431/3650/3650 
f 2445/3678/3678 2446/3680/3680 2431/3650/3650 
f 2446/3680/3680 2447/3682/3682 2431/3650/3650 
f 2400/3585/3585 2580/3948/3948 2596/3980/3980 
f 2591/3970/3970 2592/3972/3972 2580/3948/3948 
f 2592/3972/3972 2593/3974/3974 2580/3948/3948 
f 2593/3974/3974 2594/3976/3976 2580/3948/3948 
f 2594/3976/3976 2595/3978/3978 2580/3948/3948 
f 2595/3978/3978 2596/3980/3980 2580/3948/3948 
f 2596/3980/3980 2402/3589/3589 2400/3585/3585 
f 2617/4022/4022 2601/3990/3990 2403/3593/3593 
f 2601/3990/3990 2613/4014/4014 2612/4013/4013 
f 2601/3990/3990 2614/4016/4016 2613/4014/4014 
f 2601/3990/3990 2615/4018/4018 2614/4016/4016 
f 2601/3990/3990 2616/4020/4020 2615/4018/4018 
f 2601/3990/3990 2617/4022/4022 2616/4020/4020 
f 2403/3593/3593 2405/3597/3597 2617/4022/4022 
f 2403/3592/3592 2400/3584/3584 2410/3609/3609 2431/3651/3651 
f 2447/3683/3683 2426/3641/3641 2402/3590/3590 2405/3598/3598 
f 2422/3633/3633 2423/3635/3635 2444/3677/3677 2443/3675/3675 
f 2423/3635/3635 2424/3637/3637 2445/3679/3679 2444/3677/3677 
f 2424/3637/3637 2425/3639/3639 2446/3681/3681 2445/3679/3679 
f 2612/4012/4012 2613/4015/4015 2592/3973/3973 2591/3971/3971 
f 2613/4015/4015 2614/4017/4017 2593/3975/3975 2592/3973/3973 
f 2614/4017/4017 2615/4019/4019 2594/3977/3977 2593/3975/3975 
f 2615/4019/4019 2616/4021/4021 2595/3979/3979 2594/3977/3977 
f 2616/4021/4021 2617/4023/4023 2596/3981/3981 2595/3979/3979 
f 2601/3991/3991 2580/3949/3949 2400/3584/3584 2403/3592/3592 
f 2405/3599/3599 2402/3591/3591 2596/3981/3981 2617/4023/4023 
f 2410/3609/3609 2411/3611/3611 2432/3653/3653 2431/3651/3651 
f 2425/3639/3639 2426/3641/3641 2447/3683/3683 2446/3681/3681 
f 2709/4201/4201 2708/4200/4200 2707/4199/4199 2710/4202/4202 
f 2708/4200/4200 2709/4201/4201 2704/4196/4196 
f 2705/4197/4197 2711/4203/4203 2710/4202/4202 2707/4199/4199 
f 2716/4208/4208 2713/4205/4205 2714/4206/4206 2715/4207/4207 
f 2712/4204/4204 2715/4207/4207 2714/4206/4206 
f 2713/4205/4205 2716/4208/4208 2717/4209/4209 2706/4198/4198 
f 2705/4197/4197 2706/4198/4198 2717/4209/4209 2711/4203/4203 
f 2724/4216/4216 2721/4213/4213 2722/4214/4214 2723/4215/4215 
f 2718/4210/4210 2723/4215/4215 2722/4214/4214 
f 2721/4213/4213 2724/4216/4216 2725/4217/4217 2719/4211/4211 
f 2729/4221/4221 2728/4220/4220 2727/4219/4219 2730/4222/4222 
f 2728/4220/4220 2729/4221/4221 2726/4218/4218 
f 2720/4212/4212 2731/4223/4223 2730/4222/4222 2727/4219/4219 
f 2725/4217/4217 2731/4223/4223 2720/4212/4212 2719/4211/4211 
f 2738/4230/4230 2735/4227/4227 2736/4228/4228 2737/4229/4229 
f 2732/4224/4224 2737/4229/4229 2736/4228/4228 
f 2735/4227/4227 2738/4230/4230 2739/4231/4231 2733/4225/4225 
f 2743/4235/4235 2742/4234/4234 2741/4233/4233 2744/4236/4236 
f 2742/4234/4234 2743/4235/4235 2740/4232/4232 
f 2734/4226/4226 2745/4237/4237 2744/4236/4236 2741/4233/4233 
f 2739/4231/4231 2745/4237/4237 2734/4226/4226 2733/4225/4225 
f 2751/4243/4243 2750/4242/4242 2749/4241/4241 2752/4244/4244 
f 2750/4242/4242 2751/4243/4243 2746/4238/4238 
f 2747/4239/4239 2753/4245/4245 2752/4244/4244 2749/4241/4241 
f 2758/4250/4250 2755/4247/4247 2756/4248/4248 2757/4249/4249 
f 2754/4246/4246 2757/4249/4249 2756/4248/4248 
f 2755/4247/4247 2758/4250/4250 2759/4251/4251 2748/4240/4240 
f 2747/4239/4239 2748/4240/4240 2759/4251/4251 2753/4245/4245 
f 2765/4257/4257 2764/4256/4256 2763/4255/4255 2766/4258/4258 
f 2764/4256/4256 2765/4257/4257 2760/4252/4252 
f 2761/4253/4253 2767/4259/4259 2766/4258/4258 2763/4255/4255 
f 2772/4264/4264 2769/4261/4261 2770/4262/4262 2771/4263/4263 
f 2768/4260/4260 2771/4263/4263 2770/4262/4262 
f 2769/4261/4261 2772/4264/4264 2773/4265/4265 2762/4254/4254 
f 2761/4253/4253 2762/4254/4254 2773/4265/4265 2767/4259/4259 
f 2780/4272/4272 2777/4269/4269 2778/4270/4270 2779/4271/4271 
f 2774/4266/4266 2779/4271/4271 2778/4270/4270 
f 2777/4269/4269 2780/4272/4272 2781/4273/4273 2775/4267/4267 
f 2785/4277/4277 2784/4276/4276 2783/4275/4275 2786/4278/4278 
f 2784/4276/4276 2785/4277/4277 2782/4274/4274 
f 2776/4268/4268 2787/4279/4279 2786/4278/4278 2783/4275/4275 
f 2781/4273/4273 2787/4279/4279 2776/4268/4268 2775/4267/4267 
f 2794/4286/4286 2791/4283/4283 2792/4284/4284 2793/4285/4285 
f 2788/4280/4280 2793/4285/4285 2792/4284/4284 
f 2791/4283/4283 2794/4286/4286 2795/4287/4287 2789/4281/4281 
f 2799/4291/4291 2798/4290/4290 2797/4289/4289 2800/4292/4292 
f 2798/4290/4290 2799/4291/4291 2796/4288/4288 
f 2790/4282/4282 2801/4293/4293 2800/4292/4292 2797/4289/4289 
f 2795/4287/4287 2801/4293/4293 2790/4282/4282 2789/4281/4281 
f 2807/4299/4299 2806/4298/4298 2805/4297/4297 2808/4300/4300 
f 2806/4298/4298 2807/4299/4299 2802/4294/4294 
f 2803/4295/4295 2809/4301/4301 2808/4300/4300 2805/4297/4297 
f 2814/4306/4306 2811/4303/4303 2812/4304/4304 2813/4305/4305 
f 2810/4302/4302 2813/4305/4305 2812/4304/4304 
f 2811/4303/4303 2814/4306/4306 2815/4307/4307 2804/4296/4296 
f 2803/4295/4295 2804/4296/4296 2815/4307/4307 2809/4301/4301 
f 2818/4312/4312 2819/4314/4314 2820/4316/4316 2821/4318/4318 
f 2823/4323/4323 2829/4329/4329 2824/4324/4324 2816/4309/4309 
f 2816/4309/4309 2824/4324/4324 2825/4325/4325 2817/4311/4311 
f 2817/4311/4311 2825/4325/4325 2826/4326/4326 2818/4313/4313 
f 2821/4319/4319 2827/4327/4327 2828/4328/4328 2822/4321/4321 
f 2822/4321/4321 2828/4328/4328 2829/4329/4329 2823/4323/4323 
f 2819/4315/4315 2818/4313/4313 2826/4326/4326 
f 2827/4327/4327 2821/4319/4319 2820/4317/4317 
f 2822/4320/4320 2823/4322/4322 2816/4308/4308 2817/4310/4310 
f 2821/4318/4318 2822/4320/4320 2817/4310/4310 2818/4312/4312 
f 2832/4335/4335 2833/4336/4336 2834/4338/4338 2835/4340/4340 
f 2837/4344/4344 2843/4351/4351 2838/4346/4346 2830/4330/4330 
f 2830/4330/4330 2838/4346/4346 2839/4347/4347 2831/4332/4332 
f 2831/4332/4332 2839/4347/4347 2840/4348/4348 2832/4334/4334 
f 2835/4341/4341 2841/4349/4349 2842/4350/4350 2836/4342/4342 
f 2836/4342/4342 2842/4350/4350 2843/4351/4351 2837/4344/4344 
f 2833/4337/4337 2832/4334/4334 2840/4348/4348 
f 2841/4349/4349 2835/4341/4341 2834/4339/4339 
f 2836/4343/4343 2837/4345/4345 2830/4331/4331 2831/4333/4333 
f 2835/4340/4340 2836/4343/4343 2831/4333/4333 2832/4335/4335 
f 2846/4357/4357 2847/4358/4358 2848/4360/4360 2849/4362/4362 
f 2851/4366/4366 2857/4373/4373 2852/4368/4368 2844/4352/4352 
f 2844/4352/4352 2852/4368/4368 2853/4369/4369 2845/4354/4354 
f 2845/4354/4354 2853/4369/4369 2854/4370/4370 2846/4356/4356 
f 2849/4363/4363 2855/4371/4371 2856/4372/4372 2850/4364/4364 
f 2850/4364/4364 2856/4372/4372 2857/4373/4373 2851/4366/4366 
f 2847/4359/4359 2846/4356/4356 2854/4370/4370 
f 2855/4371/4371 2849/4363/4363 2848/4361/4361 
f 2850/4365/4365 2851/4367/4367 2844/4353/4353 2845/4355/4355 
f 2849/4362/4362 2850/4365/4365 2845/4355/4355 2846/4357/4357 
f 2860/4379/4379 2861/4380/4380 2862/4382/4382 2863/4384/4384 
f 2865/4388/4388 2871/4395/4395 2866/4390/4390 2858/4374/4374 
f 2858/4374/4374 2866/4390/4390 2867/4391/4391 2859/4376/4376 
f 2859/4376/4376 2867/4391/4391 2868/4392/4392 2860/4378/4378 
f 2863/4385/4385 2869/4393/4393 2870/4394/4394 2864/4386/4386 
f 2864/4386/4386 2870/4394/4394 2871/4395/4395 2865/4388/4388 
f 2861/4381/4381 2860/4378/4378 2868/4392/4392 
f 2869/4393/4393 2863/4385/4385 2862/4383/4383 
f 2864/4387/4387 2865/4389/4389 2858/4375/4375 2859/4377/4377 
f 2863/4384/4384 2864/4387/4387 2859/4377/4377 2860/4379/4379 
